,ev_op_Hp20
0,6.10986328125
1,7.09423828125
2,6.57177734375
3,7.17333984375
4,7.36181640625
5,6.322265625
6,6.50830078125
7,7.1220703125
8,6.3486328125
9,6.890625
10,6.91552734375
11,6.3681640625
12,6.17041015625
13,7.2314453125
14,7.39990234375
15,7.078125
16,7.6123046875
17,6.2353515625
18,6.90625
19,7.251953125
20,6.6826171875
21,6.36279296875
22,7.29931640625
23,6.6796875
24,6.888671875
25,7.697265625
26,7.01513671875
27,6.7470703125
28,7.05224609375
29,7.58349609375
30,6.4228515625
31,6.34375
32,6.609375
33,6.6865234375
34,6.9326171875
35,6.103515625
36,6.8662109375
37,6.79833984375
38,6.8466796875
39,6.05224609375
40,6.3056640625
41,6.7685546875
42,6.83349609375
43,6.662109375
44,7.08642578125
45,6.5712890625
46,6.57861328125
47,6.46240234375
48,6.92822265625
49,7.01171875
50,6.96533203125
51,6.646484375
52,6.56640625
53,5.51513671875
54,5.806640625
55,5.478515625
56,6.07470703125
57,5.4873046875
58,6.45263671875
59,5.41796875
60,5.36865234375
61,5.6259765625
62,6.25146484375
63,5.3681640625
64,6.359375
65,6.2841796875
66,6.7216796875
67,5.69970703125
68,5.537109375
69,5.33203125
70,5.5400390625
71,6.0439453125
72,5.95361328125
73,5.22021484375
74,5.150390625
75,6.892578125
76,5.76123046875
77,4.69921875
78,5.51025390625
79,5.70458984375
80,4.494140625
81,6.02734375
82,5.310546875
83,4.52197265625
84,5.78125
85,3.8955078125
86,5.58447265625
87,5.39892578125
88,5.58544921875
89,5.369140625
90,4.68896484375
91,5.7578125
92,5.115234375
93,4.900390625
94,5.03076171875
95,5.45947265625
96,5.4736328125
97,4.748046875
98,4.67041015625
99,4.62353515625
100,5.0146484375
101,4.77685546875
102,4.39697265625
103,4.72412109375
104,3.8544921875
105,5.3486328125
106,6.13916015625
107,4.23974609375
108,6.2294921875
109,6.1767578125
110,6.19384765625
111,5.68603515625
112,5.43603515625
113,6.5830078125
114,4.73193359375
115,5.3583984375
116,5.169921875
117,5.36279296875
118,4.76904296875
119,5.08056640625
120,4.46923828125
121,5.150390625
122,4.4853515625
123,5.03125
124,5.5478515625
125,3.25
126,3.4111328125
127,3.83984375
128,4.169921875
129,3.119140625
130,5.1435546875
131,4.080078125
132,4.88037109375
133,5.1064453125
134,5.3056640625
135,4.35693359375
136,5.42431640625
137,4.95849609375
138,4.583984375
139,5.04833984375
140,4.697265625
141,4.689453125
142,4.91796875
143,4.94384765625
144,4.25048828125
145,5.263671875
146,2.5869140625
147,5.67529296875
148,4.66552734375
149,5.802734375
150,5.08740234375
151,4.5390625
152,4.80224609375
153,5.1552734375
154,4.49267578125
155,4.83837890625
156,5.54736328125
157,3.63818359375
158,5.388671875
159,5.3818359375
160,5.41015625
161,5.21142578125
162,4.59423828125
163,5.58154296875
164,5.439453125
165,3.45068359375
166,2.54931640625
167,3.869140625
168,3.77734375
169,3.30078125
170,3.9599609375
171,3.22216796875
172,2.27099609375
173,4.787109375
174,4.1728515625
175,5.7578125
176,5.1865234375
177,5.0693359375
178,6.0341796875
179,3.82275390625
180,5.150390625
181,3.53515625
182,4.12841796875
183,3.23046875
184,2.59619140625
185,4.53857421875
186,2.37548828125
187,4.24072265625
188,3.92333984375
189,4.85107421875
190,4.82275390625
191,3.982421875
192,4.236328125
193,4.458984375
194,3.48779296875
195,5.2890625
196,5.7548828125
197,3.80712890625
198,2.8544921875
199,4.8203125
200,4.08203125
201,4.08984375
202,3.67529296875
203,5.00244140625
204,4.9033203125
205,4.298828125
206,4.05029296875
207,3.71142578125
208,2.7841796875
209,5.13720703125
210,4.140625
211,4.22509765625
212,3.32666015625
213,4.84912109375
214,4.4326171875
215,2.84716796875
216,3.33837890625
217,4.6298828125
218,3.30859375
219,4.4765625
220,4.0107421875
221,3.68310546875
222,3.12939453125
223,4.2802734375
224,4.26904296875
225,2.736328125
226,3.47802734375
227,3.42919921875
228,2.9033203125
229,3.38720703125
230,2.68359375
231,4.05224609375
232,3.630859375
233,2.7255859375
234,3.46826171875
235,2.703125
236,1.49658203125
237,4.10498046875
238,4.06005859375
239,2.64794921875
240,4.205078125
241,2.64453125
242,2.74462890625
243,4.12841796875
244,2.83642578125
245,3.103515625
246,2.94677734375
247,2.71337890625
248,3.2451171875
249,2.93603515625
250,3.3505859375
251,3.73046875
252,3.314453125
253,3.04052734375
254,4.20703125
255,2.3798828125
256,3.42919921875
257,4.64013671875
258,2.98583984375
259,4.455078125
260,2.36767578125
261,5.15478515625
262,4.59716796875
263,5.4130859375
264,4.97509765625
265,4.46826171875
266,4.2734375
267,4.60302734375
268,4.9560546875
269,4.609375
270,3.98486328125
271,5.2041015625
272,3.322265625
273,4.701171875
274,4.11328125
275,3.03173828125
276,3.64208984375
277,3.5654296875
278,4.55517578125
279,2.5283203125
280,4.18212890625
281,3.60498046875
282,3.80908203125
283,3.53564453125
284,4.46142578125
285,3.38232421875
286,3.90478515625
287,3.349609375
288,4.18359375
289,3.94091796875
290,3.3271484375
291,3.97607421875
292,4.40869140625
293,3.7021484375
294,3.640625
295,4.171875
296,4.48583984375
297,2.748046875
298,3.1650390625
299,2.97265625
300,3.22265625
301,2.83984375
302,3.84228515625
303,3.0537109375
304,3.9326171875
305,2.67822265625
306,3.14501953125
307,3.22998046875
308,2.33837890625
309,3.92138671875
310,3.15380859375
311,2.93408203125
312,4.076171875
313,1.92041015625
314,3.67919921875
315,1.92724609375
316,2.41259765625
317,3.21923828125
318,2.34716796875
319,3.22314453125
320,1.8173828125
321,2.78125
322,1.91845703125
323,2.99365234375
324,3.13427734375
325,2.07470703125
326,1.86279296875
327,2.42578125
328,1.62646484375
329,2.95068359375
330,2.24462890625
331,2.53662109375
332,3.138671875
333,1.97265625
334,3.4609375
335,1.60009765625
336,2.54296875
337,3.59521484375
338,1.94189453125
339,4.29296875
340,4.640625
341,2.55517578125
342,4.5673828125
343,2.990234375
344,3.19775390625
345,4.130859375
346,4.26220703125
347,2.60693359375
348,2.55126953125
349,3.962890625
350,3.12158203125
351,3.3232421875
352,4.08740234375
353,2.51123046875
354,3.6953125
355,2.40966796875
356,3.14404296875
357,3.48193359375
358,2.52880859375
359,2.9013671875
360,1.40185546875
361,4.1025390625
362,2.6630859375
363,1.701171875
364,3.14501953125
365,2.1328125
366,2.3984375
367,2.0048828125
368,2.37646484375
369,2.62744140625
370,2.80517578125
371,2.63916015625
372,2.3251953125
373,2.22509765625
374,3.53076171875
375,1.8525390625
376,2.22509765625
377,3.57373046875
378,2.91796875
379,3.1376953125
380,2.392578125
381,2.759765625
382,2.818359375
383,3.1787109375
384,2.5126953125
385,2.2783203125
386,3.171875
387,2.4375
388,3.24609375
389,2.28125
390,2.9453125
391,2.95947265625
392,3.1748046875
393,3.0224609375
394,2.35400390625
395,2.8623046875
396,2.87646484375
397,1.9033203125
398,3.5625
399,1.43017578125
400,3.13623046875
401,2.595703125
402,2.85546875
403,2.87548828125
404,2.48974609375
405,2.197265625
406,2.015625
407,3.044921875
408,2.8876953125
409,2.150390625
410,2.18505859375
411,3.03759765625
412,2.22509765625
413,2.5439453125
414,2.35791015625
415,2.8671875
416,2.837890625
417,3.05126953125
418,2.5361328125
419,2.986328125
420,2.77001953125
421,1.9443359375
422,1.6884765625
423,2.42138671875
424,2.15966796875
425,2.8251953125
426,3.0859375
427,2.34326171875
428,1.55419921875
429,2.65478515625
430,2.4453125
431,1.5537109375
432,1.919921875
433,2.20751953125
434,2.49853515625
435,1.72705078125
436,1.68994140625
437,2.283203125
438,1.9677734375
439,2.21337890625
440,1.615234375
441,2.220703125
442,2.44482421875
443,2.66455078125
444,1.23095703125
445,2.005859375
446,1.76611328125
447,1.8330078125
448,1.671875
449,1.59619140625
450,1.65234375
451,1.88232421875
452,3.10595703125
453,2.3330078125
454,3.33154296875
455,2.12060546875
456,2.80908203125
457,2.23486328125
458,1.8681640625
459,3.44482421875
460,3.25439453125
461,2.77001953125
462,1.986328125
463,3.35595703125
464,3.42724609375
465,2.08056640625
466,1.291015625
467,3.6318359375
468,1.66357421875
469,2.4541015625
470,2.20849609375
471,2.20458984375
472,2.912109375
473,1.25
474,1.83447265625
475,1.58642578125
476,2.36279296875
477,1.4365234375
478,2.1328125
479,1.9677734375
480,1.96923828125
481,2.345703125
482,1.65576171875
483,2.03125
484,2.51611328125
485,1.4560546875
486,1.96240234375
487,2.16796875
488,1.94287109375
489,1.77587890625
490,2.3994140625
491,1.40771484375
492,2.06201171875
493,2.04736328125
494,2.041015625
495,1.69677734375
496,1.9150390625
497,1.4306640625
498,1.37548828125
499,1.876953125
500,1.78271484375
501,1.65234375
502,1.37646484375
503,2.1328125
504,2.087890625
505,1.45263671875
506,1.7041015625
507,1.93896484375
508,2.18408203125
509,1.541015625
510,2.02880859375
511,1.87548828125
512,1.8994140625
513,1.6591796875
514,2.08203125
515,1.7744140625
516,2.3115234375
517,1.74853515625
518,1.0458984375
519,1.72021484375
520,2.18408203125
521,2.1279296875
522,2.4912109375
523,2.49267578125
524,1.71044921875
525,1.109375
526,1.15966796875
527,1.154296875
528,2.150390625
529,1.69384765625
530,1.78369140625
531,2.02099609375
532,1.044921875
533,1.38330078125
534,1.5830078125
535,1.90771484375
536,2.60693359375
537,1.70654296875
538,2.20068359375
539,1.5947265625
540,2.0146484375
541,1.9501953125
542,1.5400390625
543,2.13671875
544,1.5595703125
545,1.69189453125
546,2.74755859375
547,1.76953125
548,1.67724609375
549,1.6552734375
550,1.673828125
551,1.67626953125
552,1.85595703125
553,2.01416015625
554,1.77734375
555,2.08642578125
556,1.802734375
557,2.0986328125
558,1.42919921875
559,2.21142578125
560,2.06591796875
561,1.67138671875
562,1.18310546875
563,1.85888671875
564,1.51416015625
565,1.37451171875
566,1.3046875
567,1.80126953125
568,1.3017578125
569,1.68798828125
570,1.32080078125
571,1.89306640625
572,1.55615234375
573,1.654296875
574,1.314453125
575,1.80810546875
576,1.8876953125
577,1.68115234375
578,1.107421875
579,1.19482421875
580,1.44140625
581,1.9208984375
582,1.27685546875
583,1.69482421875
584,1.64892578125
585,1.62158203125
586,1.244140625
587,1.5380859375
588,1.70458984375
589,1.6806640625
590,1.3720703125
591,1.0234375
592,1.57666015625
593,1.36767578125
594,1.48583984375
595,1.36767578125
596,2.0361328125
597,1.90380859375
598,1.55859375
599,1.138671875
600,1.53125
601,1.66162109375
602,1.509765625
603,1.2041015625
604,1.17724609375
605,1.74951171875
606,2.2451171875
607,1.87646484375
608,2.2158203125
609,1.6201171875
610,1.63232421875
611,1.15234375
612,2.12158203125
613,1.904296875
614,1.85693359375
615,1.2099609375
616,1.50048828125
617,1.4462890625
618,1.86767578125
619,1.88525390625
620,2.0048828125
621,1.8857421875
622,1.419921875
623,1.6611328125
624,2.11083984375
625,1.6875
626,1.044921875
627,1.54541015625
628,1.3779296875
629,1.0380859375
630,0.9365234375
631,1.27587890625
632,1.64306640625
633,2.03369140625
634,1.3349609375
635,1.626953125
636,1.7861328125
637,1.95703125
638,1.8740234375
639,1.96484375
640,1.43212890625
641,1.58837890625
642,1.505859375
643,1.31201171875
644,1.37109375
645,1.4892578125
646,1.40625
647,1.2177734375
648,1.75244140625
649,1.34228515625
650,1.8125
651,1.61962890625
652,1.294921875
653,1.72509765625
654,1.06640625
655,1.12451171875
656,1.09423828125
657,1.04248046875
658,0.80322265625
659,0.89794921875
660,1.50390625
661,1.2451171875
662,1.52392578125
663,1.2294921875
664,1.6796875
665,1.30419921875
666,2.06884765625
667,1.73828125
668,1.2802734375
669,1.22412109375
670,1.36962890625
671,2.14501953125
672,2.07080078125
673,1.44775390625
674,1.81494140625
675,1.78173828125
676,1.74609375
677,1.912109375
678,1.837890625
679,1.232421875
680,1.36376953125
681,1.7333984375
682,0.9189453125
683,1.4453125
684,1.35400390625
685,1.53857421875
686,1.6640625
687,1.029296875
688,1.54248046875
689,1.787109375
690,1.8173828125
691,1.16552734375
692,1.43212890625
693,1.390625
694,1.33349609375
695,1.06787109375
696,0.99853515625
697,1.244140625
698,1.5732421875
699,1.42626953125
700,1.94189453125
701,2.0205078125
702,1.52685546875
703,1.6513671875
704,2.12744140625
705,1.2431640625
706,2.16015625
707,1.1982421875
708,1.97607421875
709,1.50830078125
710,0.966796875
711,1.2431640625
712,1.08349609375
713,1.06884765625
714,2.3876953125
715,1.44580078125
716,1.47412109375
717,1.56591796875
718,2.2255859375
719,2.29541015625
720,1.46875
721,1.5791015625
722,2.14453125
723,1.42822265625
724,0.9267578125
725,2.0556640625
726,1.7197265625
727,1.349609375
728,1.47509765625
729,1.39306640625
730,1.9326171875
731,1.5654296875
732,1.34619140625
733,1.64501953125
734,0.95751953125
735,1.2431640625
736,2.1328125
737,1.70654296875
738,1.81201171875
739,1.56201171875
740,1.96875
741,1.361328125
742,1.21533203125
743,0.833984375
744,0.869140625
745,1.9248046875
746,1.4345703125
747,1.3408203125
748,1.39404296875
749,1.2587890625
750,1.4189453125
751,1.55615234375
752,2.12255859375
753,1.6767578125
754,2.10595703125
755,1.3564453125
756,1.62353515625
757,1.19677734375
758,1.3466796875
759,1.5419921875
760,1.1845703125
761,1.4951171875
762,1.0869140625
763,1.25927734375
764,1.58935546875
765,1.41845703125
766,1.291015625
767,1.70068359375
768,1.94677734375
769,1.48095703125
770,1.48583984375
771,1.29443359375
772,1.3056640625
773,1.326171875
774,2.0029296875
775,1.32470703125
776,1.60400390625
777,1.41015625
778,1.16015625
779,0.97705078125
780,1.20458984375
781,1.43798828125
782,1.03662109375
783,1.0498046875
784,1.62060546875
785,1.28173828125
786,1.34130859375
787,1.32666015625
788,1.4169921875
789,1.4716796875
790,2.18505859375
791,2.05126953125
792,1.37060546875
793,1.28564453125
794,1.49853515625
795,1.6298828125
796,1.98779296875
797,1.4130859375
798,1.51123046875
799,1.56005859375
800,1.93115234375
801,1.517578125
802,1.12646484375
803,0.94580078125
804,0.9794921875
805,1.3505859375
806,1.23974609375
807,1.58544921875
808,1.44287109375
809,1.05224609375
810,1.25439453125
811,1.052734375
812,1.390625
813,1.48974609375
814,1.40576171875
815,1.32373046875
816,1.18359375
817,1.10888671875
818,1.88818359375
819,1.58984375
820,1.564453125
821,1.0966796875
822,1.5
823,1.01806640625
824,0.94921875
825,1.75341796875
826,1.29931640625
827,1.169921875
828,0.9873046875
829,1.046875
830,1.24658203125
831,1.81982421875
832,1.29248046875
833,1.4072265625
834,1.14306640625
835,1.45166015625
836,1.54736328125
837,1.57275390625
838,0.59814453125
839,1.02978515625
840,1.52734375
841,1.318359375
842,1.46630859375
843,1.44482421875
844,1.50732421875
845,1.4287109375
846,1.17578125
847,1.21142578125
848,1.26318359375
849,1.04638671875
850,0.8803710937500001
851,0.83349609375
852,1.76513671875
853,1.13134765625
854,0.962890625
855,0.8876953125
856,1.09814453125
857,1.37158203125
858,0.794921875
859,0.9453125
860,1.76904296875
861,1.6279296875
862,1.50146484375
863,1.5009765625
864,1.35546875
865,1.35791015625
866,1.15380859375
867,1.40185546875
868,1.7138671875
869,1.72216796875
870,1.9033203125
871,1.59228515625
872,1.5166015625
873,1.31787109375
874,0.99755859375
875,1.2197265625
876,0.95556640625
877,1.095703125
878,1.20751953125
879,1.17236328125
880,1.2763671875
881,1.126953125
882,1.34130859375
883,1.23876953125
884,1.8408203125
885,1.3271484375
886,1.53125
887,1.162109375
888,1.25
889,1.04248046875
890,1.62744140625
891,1.2900390625
892,1.57275390625
893,1.560546875
894,0.89599609375
895,1.28076171875
896,1.65576171875
897,1.451171875
898,1.255859375
899,1.123046875
900,1.59521484375
901,1.55078125
902,1.08544921875
903,1.1650390625
904,1.10595703125
905,1.41552734375
906,1.283203125
907,1.3828125
908,1.28076171875
909,1.65478515625
910,0.6103515625
911,0.85498046875
912,1.41357421875
913,1.25048828125
914,1.34765625
915,1.2197265625
916,1.25732421875
917,1.23779296875
918,1.57470703125
919,1.33642578125
920,1.36962890625
921,1.1455078125
922,1.54638671875
923,1.3291015625
924,1.30712890625
925,1.1513671875
926,1.1953125
927,1.0400390625
928,1.50830078125
929,1.3642578125
930,0.947265625
931,1.02734375
932,1.55908203125
933,1.31884765625
934,1.3916015625
935,1.78857421875
936,1.2001953125
937,0.86376953125
938,1.22607421875
939,1.638671875
940,1.19140625
941,1.0927734375
942,1.7470703125
943,1.3359375
944,1.162109375
945,1.25830078125
946,1.1708984375
947,1.0625
948,1.73095703125
949,1.318359375
950,1.27685546875
951,1.3984375
952,1.61328125
953,1.2412109375
954,1.201171875
955,1.30029296875
956,0.95703125
957,1.13037109375
958,1.61474609375
959,1.345703125
960,1.4443359375
961,1.31982421875
962,1.123046875
963,1.541015625
964,0.95068359375
965,1.55859375
966,1.60595703125
967,1.5732421875
968,0.80126953125
969,0.9482421875
970,0.8876953125
971,1.18359375
972,1.5546875
973,1.57177734375
974,1.09765625
975,1.1142578125
976,1.15771484375
977,1.21142578125
978,1.08544921875
979,1.02685546875
980,1.62451171875
981,0.99755859375
982,1.19580078125
983,1.42041015625
984,1.2333984375
985,1.13525390625
986,1.5615234375
987,1.70751953125
988,0.98974609375
989,1.47021484375
990,1.185546875
991,0.791015625
992,1.42236328125
993,1.18896484375
994,1.60791015625
995,1.20263671875
996,0.80517578125
997,1.10107421875
998,1.30810546875
999,1.10546875
1000,2.029296875
1001,1.486328125
1002,1.201171875
1003,1.58447265625
1004,1.32470703125
1005,1.275390625
1006,1.6279296875
1007,1.4208984375
1008,1.5146484375
1009,1.326171875
1010,1.189453125
1011,0.98681640625
1012,0.95166015625
1013,0.8818359375
1014,1.080078125
1015,1.2822265625
1016,1.3037109375
1017,1.376953125
1018,1.1767578125
1019,0.8491210937500001
1020,1.6728515625
1021,1.36767578125
1022,1.1982421875
1023,1.52294921875
1024,1.7001953125
1025,1.2802734375
1026,1.31396484375
1027,1.41796875
1028,1.728515625
1029,1.232421875
1030,1.05517578125
1031,1.34423828125
1032,1.33203125
1033,1.38916015625
1034,1.5263671875
1035,1.23291015625
1036,0.8740234375
1037,1.03515625
1038,1.63037109375
1039,1.5283203125
1040,1.44140625
1041,1.275390625
1042,1.65966796875
1043,1.14208984375
1044,1.458984375
1045,1.298828125
1046,1.11474609375
1047,1.35205078125
1048,1.22216796875
1049,1.654296875
1050,1.0146484375
1051,0.7080078125
1052,1.32177734375
1053,1.3955078125
1054,1.41015625
1055,1.18310546875
1056,1.44384765625
1057,1.57568359375
1058,1.361328125
1059,1.291015625
1060,0.9130859375
1061,1.08740234375
1062,1.37841796875
1063,1.38232421875
1064,1.32958984375
1065,1.30126953125
1066,1.18212890625
1067,1.33203125
1068,1.82763671875
1069,1.55224609375
1070,1.5595703125
1071,1.150390625
1072,1.67578125
1073,1.18115234375
1074,1.0986328125
1075,1.10888671875
1076,1.6142578125
1077,1.046875
1078,0.9951171875
1079,1.1396484375
1080,1.43408203125
1081,1.18359375
1082,1.29345703125
1083,1.12109375
1084,1.19287109375
1085,1.4296875
1086,1.21044921875
1087,1.18017578125
1088,1.26025390625
1089,1.234375
1090,1.1962890625
1091,1.11572265625
1092,1.42041015625
1093,1.23583984375
1094,1.19580078125
1095,1.11767578125
1096,1.30908203125
1097,0.75390625
1098,0.73876953125
1099,0.8134765625
1100,1.04931640625
1101,1.0556640625
1102,1.7255859375
1103,1.45703125
1104,1.20458984375
1105,1.384765625
1106,1.2919921875
1107,1.2333984375
1108,0.8608398437500001
1109,1.0009765625
1110,1.33056640625
1111,1.02685546875
1112,1.39111328125
1113,1.3544921875
1114,1.26904296875
1115,1.18701171875
1116,1.04736328125
1117,1.16552734375
1118,1.3017578125
1119,1.130859375
1120,1.48388671875
1121,1.21044921875
1122,1.314453125
1123,1.50244140625
1124,1.0068359375
1125,0.94677734375
1126,0.96337890625
1127,1.0595703125
1128,1.373046875
1129,1.361328125
1130,0.8398437500000001
1131,1.072265625
1132,1.1796875
1133,1.2060546875
1134,1.46826171875
1135,1.49560546875
1136,0.8291015625000001
1137,1.068359375
1138,1.11669921875
1139,1.25732421875
1140,1.40625
1141,1.40283203125
1142,1.728515625
1143,1.169921875
1144,0.9106445312500001
1145,1.30322265625
1146,1.0302734375
1147,0.724609375
1148,1.6796875
1149,1.35888671875
1150,1.86474609375
1151,1.3740234375
1152,1.25
1153,1.18115234375
1154,1.6328125
1155,1.65283203125
1156,1.3330078125
1157,1.28466796875
1158,1.59423828125
1159,1.58642578125
1160,1.263671875
1161,0.91259765625
1162,1.443359375
1163,1.537109375
1164,1.04638671875
1165,0.86376953125
1166,1.16845703125
1167,0.7651367187500001
1168,1.38916015625
1169,1.06787109375
1170,0.83203125
1171,0.95751953125
1172,1.30908203125
1173,1.0966796875
1174,1.466796875
1175,1.33935546875
1176,1.50341796875
1177,1.3671875
1178,1.130859375
1179,0.95751953125
1180,1.2646484375
1181,1.501953125
1182,1.22021484375
1183,0.8281250000000001
1184,1.21728515625
1185,1.3994140625
1186,1.169921875
1187,1.26904296875
1188,1.31689453125
1189,1.18115234375
1190,1.083984375
1191,1.35400390625
1192,1.40576171875
1193,1.33154296875
1194,1.4365234375
1195,1.33056640625
1196,1.0732421875
1197,1.2080078125
1198,1.54833984375
1199,1.22802734375
1200,1.27392578125
1201,1.2548828125
1202,0.96484375
1203,1.25390625
1204,1.21875
1205,1.1337890625
1206,0.86767578125
1207,1.20068359375
1208,1.009765625
1209,1.0068359375
1210,1.34228515625
1211,1.09619140625
1212,1.56298828125
1213,1.19482421875
1214,0.7548828125000001
1215,0.97802734375
1216,1.36474609375
1217,1.14599609375
1218,1.26416015625
1219,1.197265625
1220,1.333984375
1221,0.93798828125
1222,1.28857421875
1223,1.3125
1224,1.64013671875
1225,1.36865234375
1226,1.2646484375
1227,1.361328125
1228,1.29541015625
1229,1.29833984375
1230,0.7509765625
1231,0.650390625
1232,1.1015625
1233,1.39599609375
1234,1.1640625
1235,0.9501953125
1236,1.53271484375
1237,1.17333984375
1238,1.1962890625
1239,1.51318359375
1240,0.9970703125
1241,1.2841796875
1242,1.52392578125
1243,1.48388671875
1244,1.30126953125
1245,1.19775390625
1246,1.232421875
1247,1.49365234375
1248,1.28515625
1249,1.01904296875
1250,1.248046875
1251,1.333984375
1252,1.10302734375
1253,1.00244140625
1254,1.0244140625
1255,1.11181640625
1256,1.12060546875
1257,1.37744140625
1258,1.09814453125
1259,0.873046875
1260,1.3310546875
1261,1.177734375
1262,1.06982421875
1263,0.96044921875
1264,0.9189453125
1265,1.0078125
1266,1.27099609375
1267,1.013671875
1268,1.5625
1269,1.2470703125
1270,1.181640625
1271,0.9892578125
1272,0.6787109375
1273,0.66064453125
1274,1.22705078125
1275,1.4130859375
1276,1.37353515625
1277,1.4208984375
1278,1.4580078125
1279,1.00830078125
1280,1.20947265625
1281,1.328125
1282,1.1318359375
1283,1.15771484375
1284,1.02001953125
1285,0.99853515625
1286,1.3154296875
1287,1.33935546875
1288,1.40185546875
1289,1.10986328125
1290,1.17236328125
1291,1.03173828125
1292,1.15234375
1293,1.18505859375
1294,1.63134765625
1295,1.322265625
1296,0.916015625
1297,1.02490234375
1298,0.68505859375
1299,0.7412109375000001
1300,1.54931640625
1301,1.1767578125
1302,1.07080078125
1303,1.0419921875
1304,1.00537109375
1305,0.8115234375
1306,1.3818359375
1307,1.27001953125
1308,1.19482421875
1309,1.041015625
1310,0.6904296875
1311,0.6494140625
1312,1.0341796875
1313,0.60107421875
1314,1.35693359375
1315,1.06103515625
1316,0.78125
1317,0.89404296875
1318,1.28662109375
1319,1.15673828125
1320,1.05810546875
1321,0.78662109375
1322,1.1513671875
1323,0.98583984375
1324,1.220703125
1325,1.0244140625
1326,1.05908203125
1327,0.78662109375
1328,1.12158203125
1329,0.97802734375
1330,0.8535156250000001
1331,0.81396484375
1332,1.46923828125
1333,1.03466796875
1334,0.6889648437500001
1335,1.1943359375
1336,1.30078125
1337,1.40771484375
1338,1.35009765625
1339,1.0341796875
1340,1.1630859375
1341,1.046875
1342,1.251953125
1343,1.08447265625
1344,1.34814453125
1345,1.1748046875
1346,1.06103515625
1347,0.9921875
1348,1.783203125
1349,1.1787109375
1350,1.4560546875
1351,1.18701171875
1352,1.06982421875
1353,1.32666015625
1354,1.4521484375
1355,1.22216796875
1356,1.24560546875
1357,0.9677734375
1358,1.56298828125
1359,1.16943359375
1360,1.20068359375
1361,1.3095703125
1362,1.16845703125
1363,0.9296875
1364,0.890625
1365,1.2568359375
1366,1.265625
1367,1.22119140625
1368,0.83837890625
1369,0.990234375
1370,1.25830078125
1371,1.2177734375
1372,0.96142578125
1373,0.865234375
1374,0.9599609375
1375,1.013671875
1376,0.95263671875
1377,0.943359375
1378,0.9521484375
1379,1.091796875
1380,1.32958984375
1381,1.31103515625
1382,1.42529296875
1383,1.1044921875
1384,1.2119140625
1385,1.009765625
1386,1.13037109375
1387,0.85498046875
1388,1.26904296875
1389,1.27880859375
1390,1.29736328125
1391,1.22119140625
1392,0.7587890625000001
1393,0.92919921875
1394,1.0859375
1395,0.966796875
1396,1.4921875
1397,1.197265625
1398,1.470703125
1399,1.099609375
1400,1.6923828125
1401,1.37646484375
1402,0.7119140625
1403,0.71728515625
1404,1.52587890625
1405,1.1513671875
1406,1.1943359375
1407,0.8408203125
1408,1.04931640625
1409,0.9296875000000001
1410,0.89208984375
1411,1.14501953125
1412,1.5068359375
1413,1.66064453125
1414,1.234375
1415,1.1865234375
1416,1.09130859375
1417,0.9130859375
1418,0.7353515625
1419,0.90673828125
1420,1.353515625
1421,1.1123046875
1422,1.197265625
1423,1.1865234375
1424,1.1162109375
1425,1.30224609375
1426,0.64453125
1427,0.5
1428,1.04638671875
1429,1.16455078125
1430,1.435546875
1431,1.2265625
1432,1.24609375
1433,1.17041015625
1434,1.23876953125
1435,1.23828125
1436,1.5537109375
1437,1.4716796875
1438,1.1708984375
1439,1.30908203125
1440,1.310546875
1441,1.1611328125
1442,1.62939453125
1443,1.50439453125
1444,1.00390625
1445,0.9541015625
1446,0.6455078125000001
1447,0.5986328125000001
1448,0.7724609375
1449,1.154296875
1450,0.88232421875
1451,1.0087890625
1452,0.9814453125
1453,1.13525390625
1454,0.95361328125
1455,1.00732421875
1456,1.4482421875
1457,1.34130859375
1458,1.20458984375
1459,1.30517578125
1460,0.8603515625
1461,1.12548828125
1462,1.6142578125
1463,1.63671875
1464,0.91650390625
1465,1.0595703125
1466,0.88330078125
1467,0.70849609375
1468,1.13525390625
1469,1.23779296875
1470,1.5380859375
1471,1.05419921875
1472,1.4072265625
1473,1.693359375
1474,0.7919921875
1475,0.7651367187500001
1476,1.1748046875
1477,0.87451171875
1478,1.3603515625
1479,1.08642578125
1480,1.52587890625
1481,1.26806640625
1482,0.7099609375
1483,0.693359375
1484,1.30908203125
1485,1.3037109375
1486,0.96630859375
1487,0.830078125
1488,0.92578125
1489,1.11572265625
1490,1.4423828125
1491,1.28173828125
1492,1.13916015625
1493,0.87646484375
1494,0.6616210937500001
1495,0.80322265625
1496,0.8647460937500001
1497,0.88623046875
1498,1.18505859375
1499,1.03515625
1500,1.08349609375
1501,0.89892578125
1502,1.4013671875
1503,1.2978515625
1504,0.9638671875
1505,0.9672851562500001
1506,1.07763671875
1507,1.1552734375
1508,1.1669921875
1509,0.87744140625
1510,0.94677734375
1511,1.12060546875
1512,1.53271484375
1513,1.3583984375
1514,1.26611328125
1515,1.3828125
1516,1.169921875
1517,0.98876953125
1518,0.8662109375
1519,1.29443359375
1520,1.2529296875
1521,1.275390625
1522,0.958984375
1523,0.8203125
1524,1.32763671875
1525,1.37353515625
1526,1.3349609375
1527,1.05126953125
1528,1.20751953125
1529,1.20849609375
1530,1.5068359375
1531,0.9306640625
1532,1.33544921875
1533,1.41650390625
1534,1.05810546875
1535,1.23876953125
1536,1.27783203125
1537,1.0634765625
1538,0.857421875
1539,0.7802734375000001
1540,1.18701171875
1541,1.2734375
1542,1.24951171875
1543,1.060546875
1544,1.263671875
1545,1.24951171875
1546,0.8725585937500001
1547,0.64599609375
1548,0.529296875
1549,0.6826171875
1550,1.158203125
1551,1.04150390625
1552,1.0390625
1553,1.29736328125
1554,0.8125
1555,0.9306640625
1556,1.02880859375
1557,1.11572265625
1558,1.27197265625
1559,1.1513671875
1560,1.1201171875
1561,0.927734375
1562,1.18505859375
1563,0.875
1564,0.8544921875
1565,0.7578125000000001
1566,1.48779296875
1567,1.3564453125
1568,0.82177734375
1569,0.7500000000000001
1570,1.2578125
1571,0.962890625
1572,1.462890625
1573,1.40771484375
1574,1.21484375
1575,1.130859375
1576,1.10400390625
1577,1.07421875
1578,1.61865234375
1579,1.5029296875
1580,1.13623046875
1581,1.087890625
1582,1.18798828125
1583,1.02880859375
1584,0.98779296875
1585,1.0810546875
1586,0.9189453125
1587,1.06591796875
1588,1.09228515625
1589,1.1455078125
1590,1.0029296875
1591,1.15673828125
1592,1.4091796875
1593,1.27734375
1594,1.17041015625
1595,0.9482421875000001
1596,0.83349609375
1597,0.95556640625
1598,0.7929687500000001
1599,0.87451171875
1600,1.02197265625
1601,0.9365234375
1602,0.8964843750000001
1603,0.84033203125
1604,1.27099609375
1605,1.18603515625
1606,1.10546875
1607,0.98388671875
1608,1.251953125
1609,1.306640625
1610,0.908203125
1611,0.76806640625
1612,1.3681640625
1613,1.34326171875
1614,1.462890625
1615,1.34814453125
1616,0.95166015625
1617,0.98388671875
1618,1.05224609375
1619,0.98486328125
1620,1.23095703125
1621,1.28662109375
1622,1.494140625
1623,1.39697265625
1624,1.1689453125
1625,1.064453125
1626,0.5361328125
1627,0.65185546875
1628,1.3046875
1629,1.064453125
1630,1.0302734375
1631,0.8627929687500001
1632,1.29833984375
1633,1.1787109375
1634,1.0888671875
1635,1.16015625
1636,1.1083984375
1637,1.12744140625
1638,1.25830078125
1639,1.15087890625
1640,1.39111328125
1641,1.2373046875
1642,0.80712890625
1643,0.71337890625
1644,0.90234375
1645,0.8876953125
1646,1.33203125
1647,1.13525390625
1648,0.578125
1649,0.57861328125
1650,1.30322265625
1651,1.03173828125
1652,0.7431640625
1653,0.7041015625000001
1654,1.09130859375
1655,1.2177734375
1656,1.47314453125
1657,1.37158203125
1658,1.06982421875
1659,1.205078125
1660,0.95703125
1661,0.85595703125
1662,1.3544921875
1663,1.11865234375
1664,0.783203125
1665,0.716796875
1666,1.1669921875
1667,0.96826171875
1668,1.078125
1669,1.095703125
1670,0.96728515625
1671,0.8779296875
1672,0.97265625
1673,1.01904296875
1674,1.166015625
1675,1.13671875
1676,0.94140625
1677,1.09228515625
1678,1.06005859375
1679,0.953125
1680,0.544921875
1681,0.72900390625
1682,1.2900390625
1683,0.9072265625
1684,1.45654296875
1685,1.349609375
1686,1.0537109375
1687,1.0283203125
1688,0.931640625
1689,1.107421875
1690,1.0771484375
1691,1.2373046875
1692,1.2109375
1693,1.12548828125
1694,1.15185546875
1695,1.01513671875
1696,1.0595703125
1697,0.890625
1698,0.93359375
1699,0.9384765625
1700,1.322265625
1701,1.09912109375
1702,1.03173828125
1703,0.921875
1704,1.39501953125
1705,1.33837890625
1706,1.44091796875
1707,1.294921875
1708,1.26025390625
1709,1.10986328125
1710,1.0009765625
1711,0.76025390625
1712,1.1328125
1713,1.0869140625
1714,1.00927734375
1715,0.96923828125
1716,0.74267578125
1717,0.7626953125
1718,1.287109375
1719,1.22607421875
1720,1.20947265625
1721,1.34130859375
1722,1.2509765625
1723,0.94970703125
1724,1.25830078125
1725,0.94873046875
1726,1.02392578125
1727,1.19970703125
1728,1.19140625
1729,1.01513671875
1730,0.84912109375
1731,1.02392578125
1732,1.01025390625
1733,1.0986328125
1734,1.46240234375
1735,1.2041015625
1736,1.130859375
1737,1.2001953125
1738,0.9560546875
1739,0.9897460937500001
1740,1.12158203125
1741,1.10693359375
1742,1.20654296875
1743,1.0859375
1744,1.3193359375
1745,1.2861328125
1746,1.0341796875
1747,0.8955078125
1748,1.29296875
1749,1.19677734375
1750,1.0966796875
1751,0.7915039062500001
1752,1.01025390625
1753,0.95556640625
1754,0.9296875
1755,0.8852539062500001
1756,1.15771484375
1757,0.88037109375
1758,1.1904296875
1759,1.30078125
1760,1.26318359375
1761,1.244140625
1762,0.8408203125000001
1763,1.07666015625
1764,1.46484375
1765,1.1953125
1766,1.01171875
1767,0.94921875
1768,1.29052734375
1769,1.1962890625
1770,1.1533203125
1771,1.294921875
1772,0.47509765625
1773,0.40625
1774,1.04931640625
1775,1.04248046875
1776,1.12744140625
1777,0.85595703125
1778,1.34375
1779,1.14013671875
1780,1.00341796875
1781,0.8818359375
1782,1.11962890625
1783,1.07080078125
1784,0.9189453125
1785,0.85888671875
1786,0.7553710937500001
1787,0.8974609375
1788,0.75146484375
1789,0.72705078125
1790,1.4765625
1791,1.47705078125
1792,1.17724609375
1793,0.9619140625
1794,0.90087890625
1795,0.9052734375
1796,1.14208984375
1797,0.8671875
1798,0.89892578125
1799,0.8291015625
1800,1.15966796875
1801,1.1513671875
1802,1.1982421875
1803,1.2529296875
1804,1.37255859375
1805,1.25146484375
1806,0.9853515625
1807,0.80908203125
1808,1.31689453125
1809,0.90478515625
1810,1.427734375
1811,1.1396484375
1812,1.09130859375
1813,0.8447265625
1814,1.08935546875
1815,1.06298828125
1816,1.208984375
1817,1.09326171875
1818,1.650390625
1819,1.2783203125
1820,1.26025390625
1821,1.005859375
1822,0.966796875
1823,0.986328125
1824,0.6611328125000001
1825,1.02734375
1826,1.05712890625
1827,0.9638671875
1828,1.3203125
1829,1.32373046875
1830,1.14501953125
1831,1.10595703125
1832,1.416015625
1833,1.0859375
1834,0.96142578125
1835,0.99951171875
1836,0.9853515625
1837,0.97216796875
1838,1.25390625
1839,1.21044921875
1840,1.30419921875
1841,1.21826171875
1842,1.48193359375
1843,1.119140625
1844,1.14404296875
1845,1.0263671875
1846,0.90966796875
1847,1.123046875
1848,1.3310546875
1849,1.29638671875
1850,1.1796875
1851,1.30908203125
1852,1.10302734375
1853,1.02734375
1854,1.0869140625
1855,0.828125
1856,1.1494140625
1857,1.23828125
1858,1.41552734375
1859,1.4677734375
1860,0.9350585937500001
1861,1.01220703125
1862,0.8515625
1863,0.95361328125
1864,1.01806640625
1865,1.06201171875
1866,1.17138671875
1867,1.2275390625
1868,1.017578125
1869,1.05810546875
1870,1.2138671875
1871,1.095703125
1872,1.15576171875
1873,1.23046875
1874,1.37939453125
1875,1.28857421875
1876,1.17041015625
1877,1.27587890625
1878,1.3193359375
1879,1.41064453125
1880,1.38232421875
1881,1.0810546875
1882,1.19775390625
1883,0.8896484375
1884,1.23681640625
1885,1.10302734375
1886,1.16162109375
1887,1.13818359375
1888,1.16455078125
1889,1.244140625
1890,0.82470703125
1891,0.9189453125
1892,1.1376953125
1893,1.09228515625
1894,0.6630859375
1895,0.8037109375
1896,1.23779296875
1897,1.25
1898,1.29541015625
1899,1.09521484375
1900,1.20068359375
1901,1.18701171875
1902,0.93359375
1903,0.89111328125
1904,1.38525390625
1905,1.30029296875
1906,0.8364257812500001
1907,0.93603515625
1908,1.14794921875
1909,0.9052734375
1910,1.0126953125
1911,0.8657226562500001
1912,1.21533203125
1913,1.052734375
1914,0.8427734375
1915,1.00830078125
1916,1.27392578125
1917,1.37744140625
1918,1.2724609375
1919,1.34375
1920,0.8955078125000001
1921,0.90869140625
1922,1.013671875
1923,0.8916015625
1924,1.28662109375
1925,1.15869140625
1926,0.9511718750000001
1927,0.87646484375
1928,0.99853515625
1929,1.033203125
1930,0.666015625
1931,0.86669921875
1932,0.86669921875
1933,1.0029296875
1934,1.44873046875
1935,1.203125
1936,1.22509765625
1937,1.201171875
1938,1.099609375
1939,1.037109375
1940,1.11474609375
1941,0.90478515625
1942,1.36669921875
1943,1.15087890625
1944,0.92431640625
1945,0.70556640625
1946,1.20068359375
1947,0.953125
1948,1.55029296875
1949,1.365234375
1950,0.90625
1951,1.02099609375
1952,0.96484375
1953,0.966796875
1954,1.0009765625
1955,0.642578125
1956,1.04931640625
1957,1.1103515625
1958,1.1748046875
1959,1.0302734375
1960,0.6333007812500001
1961,0.63671875
1962,1.37548828125
1963,1.14306640625
1964,1.154296875
1965,0.77685546875
1966,1.0673828125
1967,0.9873046875
1968,0.6865234375
1969,0.64306640625
1970,1.31884765625
1971,1.2373046875
1972,1.0712890625
1973,1.11865234375
1974,1.22021484375
1975,1.13623046875
1976,1.4130859375
1977,1.38720703125
1978,1.16552734375
1979,0.78662109375
1980,0.95556640625
1981,0.7451171875
1982,0.91943359375
1983,0.9951171875000001
1984,1.16943359375
1985,1.189453125
1986,1.1923828125
1987,1.1513671875
1988,1.2314453125
1989,1.08544921875
1990,1.06640625
1991,1.13232421875
1992,0.9150390625
1993,0.65771484375
1994,0.869140625
1995,1.05322265625
1996,1.076171875
1997,1.005859375
1998,1.08642578125
1999,1.0400390625
2000,0.80859375
2001,0.8012695312500001
2002,1.060546875
2003,1.04541015625
2004,0.51953125
2005,0.5625
2006,0.90185546875
2007,0.95166015625
2008,1.359375
2009,1.45263671875
2010,1.32470703125
2011,1.123046875
2012,1.26171875
2013,0.9931640625
2014,0.92236328125
2015,0.9296875
2016,1.40234375
2017,1.43701171875
2018,1.12548828125
2019,1.0888671875
2020,0.98779296875
2021,0.7607421875000001
2022,1.2470703125
2023,1.03271484375
2024,1.3359375
2025,1.10400390625
2026,0.77685546875
2027,0.80810546875
2028,0.7021484375000001
2029,0.71826171875
2030,1.13427734375
2031,1.23974609375
2032,0.95703125
2033,0.91845703125
2034,1.2822265625
2035,0.95947265625
2036,0.9404296875
2037,0.87890625
2038,0.55419921875
2039,0.71533203125
2040,0.740234375
2041,0.88330078125
2042,1.54052734375
2043,1.19140625
2044,0.95361328125
2045,0.9736328125
2046,1.36181640625
2047,1.12939453125
2048,1.16796875
2049,1.1630859375
2050,1.13427734375
2051,0.8984375000000001
2052,1.37841796875
2053,1.04931640625
2054,0.6357421875000001
2055,0.93505859375
2056,0.8959960937500001
2057,1.02734375
2058,1.17236328125
2059,1.20947265625
2060,1.0703125
2061,1.0087890625
2062,1.189453125
2063,1.3095703125
2064,0.95458984375
2065,0.9931640625000001
2066,1.23876953125
2067,1.28173828125
2068,1.166015625
2069,0.93994140625
2070,1.12109375
2071,1.01806640625
2072,1.29443359375
2073,1.376953125
2074,1.33447265625
2075,1.3037109375
2076,0.98193359375
2077,0.84521484375
2078,1.2705078125
2079,1.1376953125
2080,1.21923828125
2081,1.09423828125
2082,1.2783203125
2083,1.123046875
2084,1.10302734375
2085,1.0615234375
2086,0.9384765625
2087,0.9931640625
2088,1.68896484375
2089,1.22265625
2090,1.26953125
2091,1.115234375
2092,1.08984375
2093,0.90869140625
2094,0.9125976562500001
2095,1.119140625
2096,1.306640625
2097,1.642578125
2098,1.23974609375
2099,1.22216796875
2100,0.9638671875
2101,0.92236328125
2102,1.125
2103,0.99267578125
2104,1.10302734375
2105,0.78857421875
2106,1.169921875
2107,0.822265625
2108,1.564453125
2109,1.55078125
2110,1.216796875
2111,0.7548828125
2112,1.2587890625
2113,1.388671875
2114,0.9384765625
2115,1.01220703125
2116,1.01904296875
2117,0.85888671875
2118,0.7216796875
2119,0.7509765625000001
2120,1.3203125
2121,1.2197265625
2122,1.12744140625
2123,1.162109375
2124,0.84326171875
2125,0.984375
2126,1.1748046875
2127,0.9970703125
2128,1.19140625
2129,1.09716796875
2130,1.1044921875
2131,1.1435546875
2132,0.93115234375
2133,1.078125
2134,0.89697265625
2135,0.943359375
2136,1.03515625
2137,0.7978515625
2138,1.087890625
2139,0.9658203125
2140,0.95458984375
2141,0.72998046875
2142,0.88427734375
2143,0.6904296875
2144,1.2578125
2145,1.26611328125
2146,1.056640625
2147,0.8618164062500001
2148,0.75634765625
2149,0.6689453125000001
2150,0.96826171875
2151,0.83935546875
2152,0.95654296875
2153,0.82958984375
2154,0.8618164062500001
2155,0.70361328125
2156,1.521484375
2157,1.34326171875
2158,0.849609375
2159,0.7744140625
2160,0.6762695312500001
2161,0.8017578125
2162,0.64990234375
2163,0.60791015625
2164,1.25341796875
2165,1.1689453125
2166,0.8662109375
2167,0.6640625
2168,0.75146484375
2169,0.80517578125
2170,1.26171875
2171,1.17529296875
2172,1.14794921875
2173,1.0810546875
2174,1.09912109375
2175,1.18994140625
2176,1.08740234375
2177,0.79833984375
2178,0.73583984375
2179,0.76025390625
2180,0.47412109375
2181,0.65771484375
2182,1.14013671875
2183,1.04736328125
2184,0.8320312500000001
2185,1.0234375
2186,1.0556640625
2187,1.0537109375
2188,1.15380859375
2189,1.169921875
2190,1.509765625
2191,1.55419921875
2192,0.98095703125
2193,0.79833984375
2194,1.087890625
2195,0.97314453125
2196,1.087890625
2197,1.0830078125
2198,1.490234375
2199,1.42138671875
2200,1.22314453125
2201,1.20703125
2202,1.05810546875
2203,1.1025390625
2204,0.9658203125
2205,0.9609375
2206,1.17041015625
2207,0.97900390625
2208,1.63916015625
2209,1.59375
2210,0.96044921875
2211,0.9873046875
2212,1.19091796875
2213,1.0771484375
2214,1.26953125
2215,1.19189453125
2216,1.421875
2217,1.38671875
2218,1.306640625
2219,1.162109375
2220,0.93994140625
2221,0.9765625
2222,1.19482421875
2223,1.009765625
2224,1.07275390625
2225,1.38330078125
2226,1.2470703125
2227,1.2275390625
2228,1.08447265625
2229,0.82275390625
2230,0.90576171875
2231,0.79931640625
2232,1.203125
2233,1.087890625
2234,1.2685546875
2235,1.36474609375
2236,1.19189453125
2237,1.22607421875
2238,0.9130859375
2239,0.93603515625
2240,0.681640625
2241,0.70166015625
2242,1.29833984375
2243,1.13427734375
2244,1.35009765625
2245,1.0673828125
2246,0.81884765625
2247,0.97998046875
2248,0.908203125
2249,0.9365234375
2250,1.43603515625
2251,1.3232421875
2252,1.30517578125
2253,1.15576171875
2254,1.23291015625
2255,1.26171875
2256,1.03173828125
2257,0.8198242187500001
2258,1.349609375
2259,1.16162109375
2260,0.73193359375
2261,0.79150390625
2262,0.6821289062500001
2263,0.6728515625
2264,1.04541015625
2265,1.05419921875
2266,0.96240234375
2267,1.0576171875
2268,0.96435546875
2269,0.90380859375
2270,0.9736328125
2271,0.76611328125
2272,1.06640625
2273,1.00732421875
2274,0.998046875
2275,1.00146484375
2276,1.0615234375
2277,0.95654296875
2278,0.83447265625
2279,0.76708984375
2280,1.37060546875
2281,1.10546875
2282,0.900390625
2283,1.0498046875
2284,0.91357421875
2285,0.80712890625
2286,0.7397460937500001
2287,0.83984375
2288,0.84716796875
2289,1.08154296875
2290,1.1982421875
2291,1.17626953125
2292,1.232421875
2293,1.0302734375
2294,1.13330078125
2295,1.10205078125
2296,1.1083984375
2297,1.1572265625
2298,0.92626953125
2299,0.75146484375
2300,0.9677734375
2301,0.91162109375
2302,1.3671875
2303,1.11181640625
2304,1.32080078125
2305,1.1728515625
2306,0.8618164062500001
2307,0.97119140625
2308,1.05078125
2309,1.2177734375
2310,1.5166015625
2311,1.3388671875
2312,0.908203125
2313,1.103515625
2314,1.22900390625
2315,1.14501953125
2316,1.20263671875
2317,0.974609375
2318,0.8837890625000001
2319,1.36572265625
2320,1.056640625
2321,0.99072265625
2322,0.78955078125
2323,0.8837890625
2324,1.2822265625
2325,1.37255859375
2326,1.1630859375
2327,1.09326171875
2328,1.2490234375
2329,1.16064453125
2330,1.32470703125
2331,1.1025390625
2332,0.84326171875
2333,0.73583984375
2334,1.1318359375
2335,1.22509765625
2336,0.92626953125
2337,0.98046875
2338,0.9111328125
2339,0.8100585937500001
2340,0.9892578125
2341,0.833984375
2342,1.01318359375
2343,0.90185546875
2344,0.677734375
2345,0.7451171875
2346,0.96337890625
2347,1.09423828125
2348,0.98388671875
2349,1.08740234375
2350,1.08056640625
2351,1.21044921875
2352,0.92822265625
2353,1.005859375
2354,1.3359375
2355,0.95849609375
2356,1.07958984375
2357,0.88916015625
2358,0.7836914062500001
2359,0.5927734375
2360,1.1201171875
2361,1.22705078125
2362,0.8857421875
2363,1.04150390625
2364,1.06494140625
2365,0.9599609375
2366,1.322265625
2367,1.06982421875
2368,0.87939453125
2369,0.8193359375
2370,1.01025390625
2371,0.99072265625
2372,0.80419921875
2373,0.8154296875
2374,1.17626953125
2375,1.21923828125
2376,1.12744140625
2377,1.11328125
2378,1.04248046875
2379,1.01220703125
2380,1.041015625
2381,0.9130859375
2382,1.0234375
2383,0.98779296875
2384,1.29931640625
2385,1.31103515625
2386,1.01611328125
2387,0.87890625
2388,1.1435546875
2389,1.04150390625
2390,0.96728515625
2391,1.0947265625
2392,0.95458984375
2393,1.0224609375
2394,1.11474609375
2395,1.18603515625
2396,0.9697265625
2397,0.94091796875
2398,1.185546875
2399,0.9462890625
2400,0.8857421875
2401,0.9130859375
2402,1.4091796875
2403,1.4228515625
2404,1.001953125
2405,1.2060546875
2406,0.9609375
2407,0.861328125
2408,0.9047851562500001
2409,0.8349609375
2410,1.06640625
2411,1.083984375
2412,0.9619140625000001
2413,0.9453125
2414,0.75341796875
2415,0.8090820312500001
2416,0.734375
2417,0.67919921875
2418,0.84912109375
2419,0.89111328125
2420,0.77880859375
2421,0.81982421875
2422,1.05908203125
2423,0.97900390625
2424,1.10888671875
2425,0.99609375
2426,1.0947265625
2427,1.033203125
2428,0.70947265625
2429,0.68310546875
2430,1.0712890625
2431,0.943359375
2432,0.56591796875
2433,0.5546875
2434,1.26611328125
2435,1.13525390625
2436,0.94384765625
2437,0.9443359375
2438,1.171875
2439,1.1552734375
2440,1.09228515625
2441,0.7763671875000001
2442,1.56787109375
2443,1.369140625
2444,0.875
2445,0.9501953125
2446,1.3427734375
2447,1.16650390625
2448,1.0576171875
2449,0.8564453125
2450,1.01953125
2451,0.92529296875
2452,1.365234375
2453,1.3740234375
2454,0.8515625
2455,0.7934570312500001
2456,0.93994140625
2457,1.00634765625
2458,0.99072265625
2459,0.892578125
2460,0.6513671875
2461,0.88037109375
2462,0.90380859375
2463,0.828125
2464,0.92041015625
2465,0.9462890625
2466,1.05908203125
2467,1.05712890625
2468,1.1142578125
2469,1.06494140625
2470,1.38037109375
2471,1.36962890625
2472,0.71533203125
2473,0.697265625
2474,1.07373046875
2475,1.0380859375
2476,1.3330078125
2477,1.16748046875
2478,1.14306640625
2479,1.0400390625
2480,0.95947265625
2481,1.00390625
2482,1.33642578125
2483,1.0986328125
2484,0.7900390625
2485,0.7563476562500001
2486,0.86669921875
2487,0.82666015625
2488,1.11181640625
2489,0.9970703125
2490,0.7958984375000001
2491,0.7470703125
2492,0.83349609375
2493,0.9008789062500001
2494,0.9541015625
2495,0.94580078125
2496,0.998046875
2497,0.80322265625
2498,1.181640625
2499,1.1572265625
2500,1.21240234375
2501,1.06005859375
2502,1.3671875
2503,1.21142578125
2504,1.021484375
2505,1.09326171875
2506,1.22802734375
2507,1.03369140625
2508,1.20458984375
2509,1.0947265625
2510,0.7587890625
2511,0.6791992187500001
2512,0.7646484375
2513,0.7089843750000001
2514,0.904296875
2515,0.99072265625
2516,0.87060546875
2517,1.13720703125
2518,1.283203125
2519,1.1142578125
2520,0.7802734375
2521,0.9208984375
2522,0.75244140625
2523,0.6923828125000001
2524,0.95849609375
2525,0.88671875
2526,0.9306640625
2527,0.7978515625000001
2528,1.140625
2529,1.02978515625
2530,0.7553710937500001
2531,0.806640625
2532,1.2392578125
2533,1.13134765625
2534,1.03662109375
2535,1.0576171875
2536,0.8789062500000001
2537,0.95947265625
2538,1.5234375
2539,1.21875
2540,1.1796875
2541,0.9384765625
2542,1.49755859375
2543,1.2265625
2544,1.76220703125
2545,0.94970703125
2546,0.8891601562500001
2547,0.9873046875
2548,1.556640625
2549,1.5078125
2550,0.7895507812500001
2551,0.77099609375
2552,1.0693359375
2553,0.85107421875
2554,0.66943359375
2555,0.77734375
2556,1.20849609375
2557,1.0751953125
2558,1.234375
2559,1.01904296875
2560,1.0078125
2561,0.8803710937500001
2562,1.34228515625
2563,1.0859375
2564,1.17919921875
2565,0.94970703125
2566,1.169921875
2567,1.22021484375
2568,1.09326171875
2569,1.11474609375
2570,1.212890625
2571,1.13330078125
2572,0.8154296875
2573,0.70849609375
2574,0.91357421875
2575,0.94580078125
2576,0.935546875
2577,1.025390625
2578,1.20458984375
2579,1.30859375
2580,1.08251953125
2581,1.23193359375
2582,0.9150390625
2583,0.85302734375
2584,0.65771484375
2585,0.67822265625
2586,0.83935546875
2587,0.6806640625000001
2588,0.62744140625
2589,0.64306640625
2590,1.23779296875
2591,1.42333984375
2592,0.92236328125
2593,0.8603515625
2594,1.29052734375
2595,1.17626953125
2596,0.83251953125
2597,1.021484375
2598,0.93994140625
2599,0.908203125
2600,0.708984375
2601,0.74755859375
2602,0.962890625
2603,0.76708984375
2604,0.90380859375
2605,0.8330078125000001
2606,1.04931640625
2607,1.11279296875
2608,0.8911132812500001
2609,0.8623046875
2610,0.7685546875
2611,0.78564453125
2612,1.0908203125
2613,1.14794921875
2614,1.421875
2615,1.07666015625
2616,0.75146484375
2617,0.7216796875000001
2618,1.375
2619,1.01513671875
2620,1.09130859375
2621,1.0693359375
2622,0.767578125
2623,0.66064453125
2624,1.52099609375
2625,0.9345703125
2626,1.04443359375
2627,1.03125
2628,0.88916015625
2629,0.8588867187500001
2630,0.970703125
2631,1.0693359375
2632,0.94677734375
2633,1.212890625
2634,1.087890625
2635,1.4248046875
2636,1.1669921875
2637,1.17431640625
2638,1.46923828125
2639,1.24169921875
2640,1.26806640625
2641,0.98388671875
2642,1.1611328125
2643,1.234375
2644,1.19873046875
2645,0.87939453125
2646,0.78076171875
2647,0.6894531250000001
2648,1.29638671875
2649,1.14111328125
2650,1.09765625
2651,1.0478515625
2652,1.1064453125
2653,1.03369140625
2654,0.69140625
2655,0.8007812500000001
2656,1.1455078125
2657,1.12939453125
2658,0.658203125
2659,0.84423828125
2660,1.21142578125
2661,1.12109375
2662,0.9892578125
2663,1.01220703125
2664,0.78173828125
2665,0.7773437500000001
2666,0.88623046875
2667,0.8154296875
2668,0.802734375
2669,0.751953125
2670,1.37109375
2671,1.27099609375
2672,0.91162109375
2673,0.8305664062500001
2674,1.00634765625
2675,0.9580078125
2676,1.1787109375
2677,1.392578125
2678,1.02197265625
2679,1.0380859375
2680,1.01953125
2681,1.005859375
2682,0.92822265625
2683,0.9165039062500001
2684,1.08251953125
2685,1.251953125
2686,0.60009765625
2687,0.564453125
2688,0.9550781250000001
2689,0.83642578125
2690,1.15625
2691,1.00439453125
2692,1.20751953125
2693,1.12255859375
2694,1.49609375
2695,1.33740234375
2696,0.7148437500000001
2697,0.6640625
2698,1.24755859375
2699,1.259765625
2700,1.21923828125
2701,1.14208984375
2702,1.1240234375
2703,1.0
2704,1.2216796875
2705,1.37060546875
2706,0.7133789062500001
2707,0.5634765625
2708,1.43701171875
2709,1.08203125
2710,1.18603515625
2711,1.1083984375
2712,1.296875
2713,1.18310546875
2714,1.49462890625
2715,1.36572265625
2716,1.11669921875
2717,1.02978515625
2718,0.966796875
2719,0.7851562500000001
2720,1.0888671875
2721,1.111328125
2722,1.2138671875
2723,1.3876953125
2724,0.9853515625
2725,0.84521484375
2726,0.91845703125
2727,0.9404296875
2728,0.6943359375
2729,0.67431640625
2730,0.89111328125
2731,0.978515625
2732,1.26171875
2733,1.22216796875
2734,0.80712890625
2735,0.82763671875
2736,1.08837890625
2737,1.005859375
2738,1.1474609375
2739,0.94970703125
2740,0.96337890625
2741,1.0478515625
2742,0.8603515625
2743,0.7890625
2744,0.9189453125
2745,0.77099609375
2746,1.23046875
2747,1.24609375
2748,0.87744140625
2749,0.95703125
2750,0.8432617187500001
2751,0.953125
2752,0.98291015625
2753,0.974609375
2754,0.93017578125
2755,0.72607421875
2756,1.380859375
2757,1.33056640625
2758,0.916015625
2759,0.89892578125
2760,0.89599609375
2761,0.9345703125
2762,0.76025390625
2763,0.93603515625
2764,1.0546875
2765,1.138671875
2766,1.07470703125
2767,0.97802734375
2768,1.28955078125
2769,1.0693359375
2770,1.0224609375
2771,1.26025390625
2772,0.88525390625
2773,0.97021484375
2774,1.05712890625
2775,1.09619140625
2776,0.6923828125
2777,0.8232421875
2778,0.5947265625
2779,0.52685546875
2780,0.86962890625
2781,0.85107421875
2782,1.083984375
2783,0.9384765625
2784,0.98583984375
2785,0.8623046875
2786,1.31787109375
2787,1.1025390625
2788,0.9677734375
2789,0.908203125
2790,0.6416015625
2791,0.6728515625
2792,0.84375
2793,0.96435546875
2794,1.1396484375
2795,1.0205078125
2796,1.203125
2797,1.169921875
2798,1.341796875
2799,1.2353515625
2800,1.07958984375
2801,1.07275390625
2802,1.22705078125
2803,1.03857421875
2804,0.9189453125
2805,0.8569335937500001
2806,0.8955078125
2807,0.8095703125
2808,1.1640625
2809,1.12353515625
2810,0.9267578125
2811,0.8295898437500001
2812,1.12646484375
2813,0.904296875
2814,0.8544921875
2815,1.06005859375
2816,0.95654296875
2817,0.900390625
2818,0.966796875
2819,0.81103515625
2820,0.72607421875
2821,0.572265625
2822,0.9912109375
2823,0.85400390625
2824,1.2001953125
2825,1.3837890625
2826,0.75341796875
2827,0.76171875
2828,1.1728515625
2829,0.96240234375
2830,1.15576171875
2831,1.2158203125
2832,0.9912109375
2833,0.76953125
2834,1.05859375
2835,1.03662109375
2836,0.9921875
2837,1.0380859375
2838,0.9570312500000001
2839,1.10986328125
2840,0.92919921875
2841,0.98388671875
2842,0.955078125
2843,1.18798828125
2844,0.7451171875
2845,0.81396484375
2846,0.8056640625
2847,0.7109375
2848,1.0849609375
2849,1.193359375
2850,1.11181640625
2851,0.95849609375
2852,0.74658203125
2853,0.75341796875
2854,1.27734375
2855,1.126953125
2856,0.86279296875
2857,1.05615234375
2858,1.04052734375
2859,0.85205078125
2860,0.53369140625
2861,0.70556640625
2862,0.9321289062500001
2863,0.9599609375
2864,0.79931640625
2865,0.9375
2866,0.98876953125
2867,1.04443359375
2868,0.9599609375
2869,0.8642578125
2870,1.1337890625
2871,1.109375
2872,1.23681640625
2873,0.9765625
2874,1.26953125
2875,1.26806640625
2876,0.9658203125
2877,1.001953125
2878,0.8564453125
2879,1.03369140625
2880,0.9130859375
2881,0.8164062500000001
2882,1.3115234375
2883,1.15380859375
2884,0.81005859375
2885,0.6865234375
2886,0.69482421875
2887,0.68701171875
2888,1.2373046875
2889,0.94140625
2890,1.1181640625
2891,1.083984375
2892,0.9008789062500001
2893,1.07080078125
2894,0.95849609375
2895,1.15234375
2896,1.03369140625
2897,0.9384765625
2898,0.70166015625
2899,0.79052734375
2900,1.1337890625
2901,0.94287109375
2902,1.1650390625
2903,0.99755859375
2904,1.32421875
2905,1.005859375
2906,0.8134765625000001
2907,0.876953125
2908,0.97021484375
2909,0.8608398437500001
2910,1.1767578125
2911,1.1396484375
2912,1.11474609375
2913,1.0166015625
2914,0.791015625
2915,0.8974609375
2916,1.17919921875
2917,0.9912109375
2918,1.1943359375
2919,1.142578125
2920,0.8603515625000001
2921,0.89013671875
2922,1.05810546875
2923,0.9560546875
2924,1.44091796875
2925,1.10986328125
2926,1.02734375
2927,0.9375000000000001
2928,0.90966796875
2929,0.95703125
2930,1.11181640625
2931,0.9423828125
2932,0.94189453125
2933,0.7480468750000001
2934,1.0751953125
2935,0.96875
2936,0.81396484375
2937,0.8291015625
2938,1.357421875
2939,1.375
2940,1.1953125
2941,1.2900390625
2942,0.7905273437500001
2943,0.85302734375
2944,0.99609375
2945,0.974609375
2946,1.1396484375
2947,1.0791015625
2948,1.2265625
2949,1.12646484375
2950,1.35986328125
2951,1.2333984375
2952,0.90869140625
2953,1.01513671875
2954,0.9526367187500001
2955,0.77099609375
2956,1.22607421875
2957,1.119140625
2958,1.13037109375
2959,0.89208984375
2960,1.05419921875
2961,1.09228515625
2962,1.29248046875
2963,1.16015625
2964,1.2197265625
2965,1.12646484375
2966,0.66943359375
2967,0.7343750000000001
2968,1.2841796875
2969,1.22314453125
2970,1.2734375
2971,1.15673828125
2972,0.94140625
2973,0.736328125
2974,1.2216796875
2975,1.236328125
2976,1.24267578125
2977,1.146484375
2978,0.923828125
2979,0.8242187500000001
2980,1.228515625
2981,1.2705078125
2982,1.2548828125
2983,1.33349609375
2984,0.94091796875
2985,0.85888671875
2986,0.91796875
2987,0.818359375
2988,1.1591796875
2989,0.96240234375
2990,1.1650390625
2991,0.94921875
2992,0.98974609375
2993,1.05810546875
2994,0.9863281250000001
2995,0.9375
2996,1.33203125
2997,1.2421875
2998,0.45361328125
2999,0.5888671875
3000,1.05859375
3001,0.8447265625000001
3002,0.87353515625
3003,0.923828125
3004,0.8720703125
3005,0.8466796875000001
3006,1.30810546875
3007,1.271484375
3008,1.1181640625
3009,0.9746093750000001
3010,1.15234375
3011,0.99169921875
3012,0.9365234375
3013,0.8974609375
3014,0.59130859375
3015,0.6479492187500001
3016,1.16748046875
3017,1.42529296875
3018,0.859375
3019,0.7753906250000001
3020,1.0595703125
3021,1.06396484375
3022,1.01953125
3023,1.05615234375
3024,0.76171875
3025,0.916015625
3026,1.1142578125
3027,1.19970703125
3028,0.986328125
3029,1.08154296875
3030,1.0341796875
3031,0.91943359375
3032,1.18994140625
3033,1.123046875
3034,1.17041015625
3035,1.07861328125
3036,0.90869140625
3037,1.0361328125
3038,0.732421875
3039,0.71728515625
3040,0.9765625
3041,1.0068359375
3042,1.48583984375
3043,1.42529296875
3044,0.9482421875
3045,0.94921875
3046,1.26318359375
3047,1.15576171875
3048,0.8549804687500001
3049,1.0869140625
3050,0.708984375
3051,0.70751953125
3052,1.02392578125
3053,0.94970703125
3054,0.66015625
3055,0.6435546875
3056,1.11279296875
3057,1.22314453125
3058,1.03466796875
3059,0.97021484375
3060,0.8701171875000001
3061,0.8720703125000001
3062,1.0556640625
3063,0.99072265625
3064,1.05029296875
3065,1.08935546875
3066,1.552734375
3067,1.18798828125
3068,1.40966796875
3069,1.07568359375
3070,1.05859375
3071,1.00439453125
3072,0.9853515625
3073,0.8291015625
3074,1.09228515625
3075,1.0087890625
3076,0.7182617187500001
3077,0.78564453125
3078,1.29443359375
3079,1.09912109375
3080,0.9243164062500001
3081,1.00634765625
3082,1.265625
3083,1.21826171875
3084,0.7758789062500001
3085,0.86474609375
3086,1.12109375
3087,0.880859375
3088,1.24560546875
3089,0.96337890625
3090,0.921875
3091,0.89453125
3092,1.08154296875
3093,1.0380859375
3094,0.86865234375
3095,0.83349609375
3096,0.8208007812500001
3097,0.796875
3098,1.1123046875
3099,0.98779296875
3100,0.9404296875000001
3101,0.77294921875
3102,0.98681640625
3103,1.02099609375
3104,1.2490234375
3105,1.56982421875
3106,1.2978515625
3107,1.25537109375
3108,0.7255859375000001
3109,0.6884765625
3110,1.06591796875
3111,0.9912109375
3112,0.9462890625
3113,0.94140625
3114,0.8525390625
3115,0.79833984375
3116,0.9521484375
3117,0.833984375
3118,1.0634765625
3119,1.00390625
3120,0.83984375
3121,0.81982421875
3122,1.08544921875
3123,0.90087890625
3124,0.73583984375
3125,0.73828125
3126,1.1572265625
3127,1.14892578125
3128,1.0068359375
3129,0.9580078125
3130,0.7631835937500001
3131,0.900390625
3132,0.82275390625
3133,0.9423828125
3134,0.6757812500000001
3135,0.7373046875
3136,1.07568359375
3137,1.09716796875
3138,0.99462890625
3139,0.76220703125
3140,0.79736328125
3141,0.6962890625
3142,0.6445312500000001
3143,0.765625
3144,0.63916015625
3145,0.603515625
3146,1.154296875
3147,1.12744140625
3148,0.8710937500000001
3149,0.728515625
3150,1.072265625
3151,1.05322265625
3152,0.85546875
3153,0.91943359375
3154,0.95849609375
3155,0.8359375
3156,1.19140625
3157,1.216796875
3158,0.8515625
3159,0.8896484375
3160,1.2587890625
3161,1.10986328125
3162,1.06005859375
3163,1.10498046875
3164,1.0625
3165,0.9375
3166,0.9443359375
3167,0.8881835937500001
3168,0.76318359375
3169,0.81884765625
3170,1.451171875
3171,1.31298828125
3172,1.47998046875
3173,1.2333984375
3174,1.1884765625
3175,1.09033203125
3176,1.0625
3177,1.18701171875
3178,0.86865234375
3179,0.77685546875
3180,1.13427734375
3181,1.193359375
3182,1.1220703125
3183,1.1435546875
3184,0.78466796875
3185,1.1015625
3186,1.2919921875
3187,0.99365234375
3188,1.09716796875
3189,0.9443359375000001
3190,0.978515625
3191,0.873046875
3192,1.11474609375
3193,1.1083984375
3194,1.2197265625
3195,1.11083984375
3196,1.23583984375
3197,1.03515625
3198,1.2626953125
3199,1.13427734375
3200,0.6186523437500001
3201,0.7724609375
3202,0.8623046875
3203,0.947265625
3204,0.66748046875
3205,0.6264648437500001
3206,1.04296875
3207,1.0234375
3208,1.25244140625
3209,1.15234375
3210,1.09130859375
3211,0.93701171875
3212,0.8168945312500001
3213,0.88427734375
3214,0.88427734375
3215,0.84912109375
3216,0.7587890625
3217,0.89599609375
3218,1.1806640625
3219,1.05224609375
3220,1.14306640625
3221,1.12353515625
3222,1.23828125
3223,0.9501953125
3224,0.90673828125
3225,0.8505859375
3226,1.0908203125
3227,0.95654296875
3228,1.0869140625
3229,1.01025390625
3230,1.404296875
3231,1.17431640625
3232,0.85888671875
3233,0.8686523437500001
3234,1.0859375
3235,1.2119140625
3236,1.228515625
3237,1.00048828125
3238,0.64599609375
3239,0.5732421875
3240,0.90576171875
3241,0.8447265625
3242,0.51953125
3243,0.638671875
3244,0.91162109375
3245,0.7207031250000001
3246,0.87353515625
3247,0.7944335937500001
3248,1.0888671875
3249,0.96533203125
3250,0.89404296875
3251,1.00634765625
3252,0.76611328125
3253,0.837890625
3254,0.90478515625
3255,1.0546875
3256,0.9296875
3257,0.87109375
3258,0.927734375
3259,0.89501953125
3260,0.775390625
3261,0.8623046875000001
3262,1.35107421875
3263,1.18798828125
3264,0.880859375
3265,0.841796875
3266,0.98681640625
3267,0.8544921875
3268,1.18310546875
3269,1.0732421875
3270,0.82470703125
3271,0.90576171875
3272,0.5771484375
3273,0.62744140625
3274,1.31103515625
3275,1.1396484375
3276,1.5146484375
3277,1.23681640625
3278,1.0576171875
3279,0.91259765625
3280,1.1083984375
3281,1.01318359375
3282,1.0009765625
3283,0.97509765625
3284,1.0341796875
3285,0.7724609375
3286,1.00830078125
3287,1.12841796875
3288,0.9052734375
3289,0.7934570312500001
3290,0.87890625
3291,0.8486328125
3292,0.80322265625
3293,0.90869140625
3294,0.970703125
3295,0.8134765625000001
3296,0.7309570312500001
3297,0.76171875
3298,0.7392578125
3299,0.84033203125
3300,0.68994140625
3301,0.5986328125
3302,1.11962890625
3303,0.92138671875
3304,0.86572265625
3305,0.7006835937500001
3306,1.22119140625
3307,1.01123046875
3308,0.7255859375
3309,0.76953125
3310,0.78857421875
3311,0.73193359375
3312,0.9814453125
3313,0.8681640625
3314,1.30859375
3315,1.0986328125
3316,1.34130859375
3317,1.05078125
3318,1.17724609375
3319,1.0673828125
3320,1.4267578125
3321,1.00390625
3322,0.9111328125000001
3323,1.15283203125
3324,0.8427734375
3325,0.8681640625
3326,1.12451171875
3327,1.04296875
3328,1.04296875
3329,1.05712890625
3330,1.279296875
3331,1.16064453125
3332,1.05322265625
3333,1.16162109375
3334,0.97314453125
3335,0.8500976562500001
3336,0.6816406250000001
3337,0.64013671875
3338,0.876953125
3339,0.8935546875
3340,1.3564453125
3341,0.94287109375
3342,1.0791015625
3343,1.0380859375
3344,1.28759765625
3345,0.82470703125
3346,0.76708984375
3347,0.94580078125
3348,1.58642578125
3349,1.5986328125
3350,1.3994140625
3351,1.30810546875
3352,0.83984375
3353,0.8569335937500001
3354,0.99267578125
3355,1.03173828125
3356,1.12158203125
3357,1.02734375
3358,0.8828125
3359,0.669921875
3360,0.9130859375
3361,0.98388671875
3362,0.5869140625
3363,0.6103515625
3364,1.078125
3365,1.0205078125
3366,1.09814453125
3367,0.89794921875
3368,1.14111328125
3369,0.865234375
3370,1.23046875
3371,1.107421875
3372,1.140625
3373,1.27294921875
3374,1.19140625
3375,1.08251953125
3376,1.0126953125
3377,0.90185546875
3378,0.9208984375
3379,0.7939453125
3380,1.08544921875
3381,0.92919921875
3382,1.0673828125
3383,0.900390625
3384,0.70263671875
3385,0.7446289062500001
3386,1.087890625
3387,1.0478515625
3388,0.8984375000000001
3389,0.86083984375
3390,1.10595703125
3391,1.05126953125
3392,0.724609375
3393,0.7822265625
3394,1.068359375
3395,0.9931640625
3396,1.1611328125
3397,0.822265625
3398,0.955078125
3399,0.91357421875
3400,0.9521484375
3401,0.96875
3402,0.92041015625
3403,0.92333984375
3404,0.8637695312500001
3405,0.94482421875
3406,0.55810546875
3407,0.7060546875
3408,1.0537109375
3409,0.9521484375
3410,0.7412109375
3411,0.74658203125
3412,0.92724609375
3413,0.86328125
3414,0.6909179687500001
3415,0.6845703125
3416,0.96142578125
3417,0.81787109375
3418,1.0751953125
3419,0.9833984375
3420,1.10546875
3421,1.072265625
3422,0.75830078125
3423,0.72802734375
3424,0.7329101562500001
3425,0.72900390625
3426,0.9819335937500001
3427,0.98583984375
3428,1.05029296875
3429,1.0556640625
3430,0.67138671875
3431,0.6225585937500001
3432,1.11572265625
3433,0.9541015625000001
3434,0.85888671875
3435,0.8720703125
3436,0.71923828125
3437,0.8623046875000001
3438,0.92333984375
3439,0.7880859375
3440,1.087890625
3441,1.0205078125
3442,1.0341796875
3443,1.06689453125
3444,1.09375
3445,1.08935546875
3446,0.64404296875
3447,0.62158203125
3448,0.8623046875
3449,0.80126953125
3450,1.27294921875
3451,1.10986328125
3452,1.09326171875
3453,1.1123046875
3454,1.359375
3455,0.9912109375
3456,1.19482421875
3457,1.0185546875
3458,0.7685546875
3459,0.76611328125
3460,1.1787109375
3461,1.25439453125
3462,0.86669921875
3463,0.6499023437500001
3464,1.43701171875
3465,1.2529296875
3466,0.95703125
3467,0.8891601562500001
3468,1.08349609375
3469,0.837890625
3470,1.30419921875
3471,1.38134765625
3472,0.6484375
3473,0.7885742187500001
3474,1.1669921875
3475,1.064453125
3476,1.25732421875
3477,1.1201171875
3478,1.126953125
3479,1.18359375
3480,1.0517578125
3481,0.9150390625
3482,1.2353515625
3483,1.0791015625
3484,1.23193359375
3485,1.1552734375
3486,1.2080078125
3487,1.11474609375
3488,1.07080078125
3489,1.11181640625
3490,1.015625
3491,1.05419921875
3492,0.80126953125
3493,0.94921875
3494,0.6694335937500001
3495,0.81103515625
3496,1.125
3497,1.11376953125
3498,1.0830078125
3499,0.98193359375
3500,1.03564453125
3501,1.02978515625
3502,0.875
3503,0.86572265625
3504,0.9580078125
3505,1.04638671875
3506,0.947265625
3507,0.8974609375
3508,1.1943359375
3509,1.1630859375
3510,1.11962890625
3511,1.0068359375
3512,1.27392578125
3513,0.98046875
3514,0.82958984375
3515,0.85302734375
3516,0.73193359375
3517,0.7158203125
3518,1.1005859375
3519,1.1416015625
3520,1.134765625
3521,1.11962890625
3522,0.8642578125
3523,0.9501953125
3524,0.94189453125
3525,0.79150390625
3526,0.8408203125
3527,1.00390625
3528,0.7802734375000001
3529,0.68310546875
3530,0.53173828125
3531,0.5087890625
3532,0.86572265625
3533,0.75390625
3534,1.01513671875
3535,1.05908203125
3536,1.06103515625
3537,0.900390625
3538,1.0556640625
3539,0.962890625
3540,0.71923828125
3541,0.6601562500000001
3542,0.6181640625
3543,0.6245117187500001
3544,1.20654296875
3545,1.0107421875
3546,0.53564453125
3547,0.59716796875
3548,1.13623046875
3549,1.21875
3550,0.20507812500000008
