,values_0a_su2,values_0b_su2,values_0c_su2,values_0d_su2,values_1a_su2,values_1b_su2,values_1c_su2,values_1d_su2
0,13.2079312052448,3.106743192813441,13.146482053251606,12.779282445951685,13.303064107985357,3.106743192813441,13.731677463757734,10.886075430270376
1,12.574506394192689,3.0788331116257166,13.650564292908742,13.621922752853411,14.731432247723124,3.0788331116257166,12.72652636465144,12.27906449632645
2,12.75440711858636,3.1829427210003227,13.312107040225612,12.643588137196655,14.365070127142967,3.1829427210003227,13.086363837434153,12.821878381032905
3,12.994656410961616,3.2118577664168075,13.552701527417751,13.355026983306072,13.544013842936304,3.2118577664168075,13.699516075083142,10.333939985039027
4,13.16872487000135,3.125087264452292,13.075686606058278,13.387931623771218,14.134281319085307,3.125087264452292,12.268057466756495,11.27063645169651
5,12.693314367234104,3.0960541327236637,14.029882358954232,12.769001707816848,13.758949306361885,3.0960541327236637,14.270306123620362,12.257375360759925
6,12.409273001043363,3.1248776841120685,13.33243932271104,13.148111042714676,13.750203556392131,3.1248776841120685,13.713396851142209,10.574102492098737
7,13.311472829009231,3.0872147678748343,13.854711915295784,12.682752737638944,14.102472786666636,3.0872147678748343,13.298363602121633,12.551264447744842
8,13.150955903951424,3.2059815852162274,13.988317896769743,12.38026716290511,13.783789844298571,3.2059815852162274,13.682703153937377,10.822410982137344
9,12.7090503868325,3.119765107221442,13.298347948613277,13.57469285643636,14.197418786503036,3.119765107221442,13.204425553239815,12.3668940092794
10,13.540123183490214,3.1844727498910137,13.77424509314257,12.87696408693412,14.4896185068037,3.1844727498910137,12.59404988460561,11.024189620128148
11,12.079353214479884,3.0945136234928934,13.437191508700018,12.834872781175788,13.648626668371032,3.0945136234928934,13.867944240658376,12.349679681502543
12,13.12760158484176,3.129127764796652,13.753761703659327,13.64481946899742,13.7035483135409,3.129127764796652,12.63812668855651,10.535483732036182
13,12.834424156197915,3.1682777904644497,13.239179204405424,12.091458657582525,14.200206005795694,3.1682777904644497,14.063132752437618,12.723564048285049
14,12.823502525327775,3.154307307650916,14.03518824774084,12.685372724492176,13.399701769473626,3.154307307650916,13.472600332500642,11.744532672283064
15,13.013343514757432,3.170353347236156,13.284213670841282,13.466415627821986,14.553876674667762,3.170353347236156,12.946075180071192,11.449197960295413
16,12.874865715967951,3.1273974443616632,13.615968760007656,13.046266482069232,13.831273932624034,3.1273974443616632,13.558221400388607,10.872432582521158
17,13.137490370892426,3.195923484348913,13.578982717139208,12.794869640388582,14.428710653431844,3.195923484348913,13.375559207975924,12.3469684273442
18,13.630153131019329,3.1648180485631783,13.374467393448032,13.108335704282451,13.82605574743128,3.1648180485631783,13.323601537575788,10.73386044423668
19,12.435732808505508,3.097264973132853,13.750460711796078,12.72020355741525,14.355428454406823,3.097264973132853,13.124087567025628,12.712741343378667
20,12.8499141973721,3.1166606161228247,13.594616100970317,12.905223751018472,13.549487167627689,3.1166606161228247,12.505049764715936,11.022872030600563
21,13.028721801656836,3.0636925103040773,13.629647384537622,12.97114173983933,14.522313195493435,3.0636925103040773,13.938868070337016,12.42893669165409
22,13.522407316070728,3.1852156713129016,13.317219529511274,13.342421845144468,13.834007303997462,3.1852156713129016,13.62579634946836,11.397124577241714
23,12.448320589424682,3.157933908611532,13.83150462154076,12.602921962183531,14.073273189558105,3.157933908611532,13.42620287856534,11.64828767512887
24,13.49444670733584,3.116122192465585,13.60254986799261,13.252499416573448,13.956081788782834,3.116122192465585,13.908859713246898,12.664898040994752
25,12.563521665567334,3.16758314256591,13.15510575867464,12.716463946293995,13.8912943079688,3.16758314256591,12.818286827244387,10.687984867691286
26,12.49654487110304,3.118310195335368,13.833243196315006,13.710007426873736,14.319755840065053,3.118310195335368,13.243237574064915,11.209335408550992
27,13.020114567116924,3.0960064496479665,13.383850039096368,12.547549514616646,13.882509543008563,3.0960064496479665,13.451626157895546,12.2090394765973
28,12.870192996213476,3.210994165653593,13.47366822377322,12.969170077747156,14.327400492340752,3.210994165653593,13.475899262116668,11.976499472275592
29,13.123910693591448,3.2167266797844776,13.44018167908812,13.261699937232851,13.49455007506525,3.2167266797844776,13.258846880045391,11.312081839949174
30,13.020710825558282,3.1668351893731805,13.530590450415056,12.750982879168555,14.085108881892104,3.1668351893731805,13.838184812689072,12.09334256203908
31,12.747682207444742,3.1503330302426424,13.635270791044944,13.012536436264297,14.05960047880548,3.1503330302426424,12.895237155263665,11.054374310826368
32,13.296503683016162,3.125133571996225,13.75805111740682,13.36419789270576,13.849458344909772,3.125133571996225,12.977713558864194,12.058619493053856
33,12.851960958581952,3.1875336410089443,13.346989530019512,12.973993933502822,13.79228185473272,3.1875336410089443,14.143832586616789,11.210406709482474
34,12.419404846724571,3.1551600981262395,13.513932248831148,13.268875907999943,13.834055774208178,3.1551600981262395,12.86624467387926,12.844218267417244
35,13.41324106786126,3.163558881499265,13.814672858848311,12.587675000630318,14.241661982515993,3.163558881499265,13.448404007719306,10.814831515277078
36,12.135848748809613,3.168521790301968,14.037800634702826,13.431822157702072,13.260144341130143,3.168521790301968,13.484526398338396,10.688665016721163
37,13.850888131137811,3.157741207943583,13.377915066632786,12.76482116616295,14.659624699537456,3.157741207943583,13.189356425129128,12.869101047992832
38,12.798799994145837,3.1987538572888736,13.211828285080836,12.693610739661471,14.053241316322316,3.1987538572888736,12.66677052326898,10.898790923964867
39,13.168930263258606,3.1601100518402863,13.67938348353202,13.116554881777256,14.207256586031978,3.1601100518402863,13.886358615890773,12.307691862438052
40,12.594534792638516,3.145312663069365,13.816648002922756,13.06618467763786,14.635671764943636,3.145312663069365,12.731003781540224,12.705743399894684
41,13.13350674321416,3.2092924276955364,13.272026354708176,12.94032387982896,13.361303224708386,3.2092924276955364,14.25350912955737,10.795513815508023
42,12.87025622350651,3.1617498525978163,13.957404703600938,12.857006562392112,14.070039354597778,3.1617498525978163,13.440202576188227,11.302989134385458
43,13.014145101026164,3.1314016200551054,13.179566551267182,13.029272829459764,13.71280049240101,3.1314016200551054,13.623521900368385,11.829799431586084
44,12.576542545546522,3.125637245766176,13.39270559877788,13.191134918739552,14.348273453662276,3.125637245766176,12.759145427237062,12.509388108695584
45,13.186547517067352,3.1774442105646097,13.851084537137206,12.791551600027026,13.41065197843717,3.1774442105646097,13.721715374699851,10.645303187705728
46,13.018890149622946,3.164805868094112,13.685503696490748,12.771182521939528,14.617227852480127,3.164805868094112,13.496967070366136,12.054067257482552
47,12.724847505971512,3.184873734203845,13.351739674340443,13.061802123021325,13.15119094513674,3.184873734203845,12.99284097591795,11.132834239767304
48,13.368417685943836,3.2275738784341645,13.618019595425109,13.057219446680785,14.12603242484558,3.2275738784341645,13.797526829224244,11.050504738868556
49,12.564915406594096,3.1392588008789324,13.650272327811754,12.960738982550216,14.288197583848184,3.1392588008789324,12.919696319896266,12.030767653461048
50,13.016115634666692,3.179395201814266,13.60022581499875,13.251092607156538,13.704814897883583,3.179395201814266,13.137844691538652,11.026408985368503
51,12.94107677037806,3.173587040871654,13.377480281052426,12.872416065444003,14.69623738914935,3.173587040871654,14.078165287778145,12.181741174201049
52,13.263965659973216,3.179395201814266,13.451531970441858,13.078024031755604,14.152417020410606,3.179395201814266,13.227572169638718,11.627646654622223
53,12.563969493193866,3.173587040871654,13.205102536233143,12.714642035112083,13.886542813894213,3.173587040871654,12.782692741926056,10.851519665634587
54,12.077061558972154,3.179395201814266,13.760776622259538,12.951331954115792,13.036161140473824,3.179395201814266,12.72189598188926,10.866283100153732
55,12.101888496686374,3.173587040871654,13.04983056906399,12.615607376097348,14.14411065265525,3.173587040871654,13.052433959614005,11.236062930558298
56,11.984780881085571,3.179395201814266,13.405581849202571,12.977589204612991,12.971420848447458,3.179395201814266,12.834432637266731,10.990232119111136
57,11.805104311241086,3.173587040871654,12.65163768953222,12.021205322603578,12.185536176292594,3.173587040871654,12.72629458499606,10.837079176330452
58,11.929646418734762,3.179395201814266,12.552739207805564,11.90740123998542,12.139531670999151,3.179395201814266,13.226931079559009,11.47235622923976
59,12.092046713676552,3.173587040871654,12.497213350367106,10.908260447953278,11.984635924778257,3.173587040871654,12.281683577951991,10.36339874969364
60,12.233535683388554,3.179395201814266,11.841949395303024,10.991655445890489,12.345232146918034,3.179395201814266,11.4760163957125,11.035136142693684
61,11.92269943823112,3.173587040871654,12.810496306240235,10.849300362146732,11.982374059031248,3.173587040871654,13.213099558432194,9.356729616571345
62,11.923441441325211,3.179395201814266,12.12121026261964,11.005919096391954,11.25238811682294,3.179395201814266,11.388225960049182,9.565865986296432
63,12.067091891018624,3.173587040871654,12.764456939887811,10.9747430180149,12.89456638225962,3.173587040871654,11.140074256313165,8.978466412967883
64,12.356773239821084,3.179395201814266,12.357532066763106,11.03198153174519,11.851998096307463,3.179395201814266,11.534275515012297,8.707964521365684
65,11.773155388763811,3.173587040871654,11.937416046424014,11.119028142757866,10.384193270915857,3.173587040871654,10.952988571024928,9.496615983958716
66,12.164572000259616,3.179395201814266,12.083275258621498,11.133949486919802,9.335852639636782,3.179395201814266,11.38771488089152,8.252812931136495
67,11.46531306409354,3.173587040871654,11.982975315497471,10.945123889815342,9.823615704291765,3.173587040871654,10.790567308421574,9.530796295577186
68,11.599889425047126,3.179395201814266,11.873096628737937,11.080004926132071,9.176037871585471,3.179395201814266,11.26089618025086,8.118157459142767
69,11.137421731170472,3.173587040871654,12.188070450520629,11.018642536314308,9.124348718014245,3.173587040871654,10.59125855703741,8.646843237376336
70,10.552488721315262,3.179395201814266,12.077478152208515,10.956495464964528,9.491572424919738,3.179395201814266,11.108822950906642,8.601091378765238
71,11.89593450128882,3.173587040871654,11.788208806548694,11.281809032873635,9.210253284795806,3.173587040871654,10.875208524052464,7.8488490016281185
72,10.073168667222598,3.179395201814266,12.092324018054546,10.925191052861996,9.50226229322524,3.179395201814266,10.876333607740696,7.9067006983998835
73,10.933970601942704,3.173587040871654,11.750615801234533,11.4382190906518,9.268802086003651,3.173587040871654,10.876178518099657,8.433613112244672
74,10.113333966909256,3.179395201814266,11.698052330484774,10.406421152982023,9.590874572109112,3.179395201814266,10.60178171494617,8.110680127329983
75,9.833917490585364,3.173587040871654,11.934424564055591,11.162176304199484,9.082323719602714,3.173587040871654,11.104182919260609,7.9025452470447535
76,9.881878447022906,3.179395201814266,12.02151053923448,10.119382147661218,9.270352626648451,3.179395201814266,10.93513137499824,8.015454672135604
77,9.9877551482575,3.173587040871654,11.364849916855922,10.30985172864553,9.305222638350712,3.173587040871654,10.72214934587109,8.18197760862051
78,9.74479793094496,3.179395201814266,11.455603952522466,10.64270103245222,9.341319715674404,3.179395201814266,11.014115218291211,8.13005419263303
79,10.008014331147049,3.173587040871654,11.397884040590238,9.88073473009212,9.352161899272526,3.173587040871654,10.4458883932152,7.799088674859317
80,10.21909449402512,3.179395201814266,11.572804256940836,10.00929580393039,9.187121728668217,3.179395201814266,10.82609396631466,7.7213183840224096
81,9.542348138973937,3.173587040871654,11.448299657483185,9.679292453608316,9.719514462342874,3.173587040871654,10.621657003756942,8.311470537078046
82,9.678983749622558,3.179395201814266,11.184922240131502,10.079145017539812,9.85554899196309,3.179395201814266,11.077717391771936,7.858282111580342
83,9.625337924349129,3.173587040871654,11.724215993572756,9.293440842603893,8.741938578663385,3.173587040871654,10.280235622181488,7.891750673552584
84,9.797758240939492,3.179395201814266,11.593236500461046,8.620833236771727,9.108090087507676,3.179395201814266,10.424701183614406,7.940520135418179
85,9.5191673856194,3.173587040871654,11.100773258529244,9.872185316825998,8.64150215589205,3.173587040871654,10.44283786569498,7.9968537345309505
86,9.693423087707314,3.179395201814266,11.68955808725074,8.514924630306236,8.957827045050331,3.179395201814266,10.614978840274905,7.71022303488821
87,9.231521596847283,3.173587040871654,10.63935116610797,9.007434102199772,8.653995441717104,3.173587040871654,10.410084370305734,7.964597543563069
88,9.679251982974328,3.179395201814266,10.929507762625772,8.677764285131797,9.051597055574389,3.179395201814266,10.344491548493282,8.406686397774834
89,9.600251492401249,3.173587040871654,10.986556036401671,8.844322182725495,8.459203109260082,3.173587040871654,10.360433526220104,7.295719204005636
90,9.667273948221371,3.179395201814266,11.08215700435274,8.35653650040835,8.514162935908569,3.179395201814266,10.138164105272963,7.562553005278995
91,9.219727142824691,3.173587040871654,10.770932284482928,8.9633238733096,8.301079924490258,3.173587040871654,10.684649908754295,7.596558502197891
92,9.23748769176337,3.179395201814266,10.801047559544411,8.23257159042254,8.163949325845683,3.179395201814266,9.765550516425696,7.9257291897725
93,9.595668010333222,3.173587040871654,10.668298928343145,8.94899639602608,8.772101615356954,3.173587040871654,10.653451701176236,7.1216967213099975
94,9.049024095226184,3.179395201814266,10.981641298640657,8.526784552534826,7.966602266168323,3.179395201814266,9.800780221988935,7.419484520075059
95,9.752930615421738,3.173587040871654,10.45878333127942,8.034554545024816,8.643042613600523,3.173587040871654,9.974202801881663,7.286705273059228
96,8.712693164450746,3.179395201814266,10.151532326072545,8.342599215341767,8.646559939640007,3.179395201814266,9.847268779346496,7.689087843034323
97,9.216649287366218,3.173587040871654,10.893134929771486,7.901605106817671,7.54314123000376,3.173587040871654,9.802832289547672,7.165242398927569
98,9.270481325167394,3.179395201814266,10.068180615749384,8.434592047840143,7.466131537014647,3.179395201814266,9.78584430218332,7.627114848573372
99,8.628390447764737,3.173587040871654,10.570201224062073,7.873787888591498,7.697544731403798,3.173587040871654,10.163933697868783,7.332344375785981
100,9.266043979478694,3.179395201814266,10.275642404135692,8.383391974591436,7.239147922314134,3.179395201814266,9.761087261839632,7.300298787609803
101,8.236920813646067,3.173587040871654,10.300239541148745,7.689547145550459,7.702486906418152,3.173587040871654,9.603182101982313,7.527091908458295
102,8.910530771441111,3.179395201814266,10.043121925582314,7.340024121354808,7.157118508793907,3.179395201814266,10.13066098305232,7.496921973568247
103,8.202907356360075,3.173587040871654,10.609504169729073,8.03993118302269,7.751854891374661,3.173587040871654,9.64036877357535,7.178123051984433
104,8.47630527966093,3.179395201814266,9.977806779906205,7.583087690045345,7.218953221035995,3.179395201814266,9.43776893437228,7.724870034542131
105,8.394022520398082,3.173587040871654,10.41428775508676,7.582215721795773,7.37952257196529,3.173587040871654,9.690788635267662,6.916091351728097
106,8.34130751464605,3.179395201814266,10.255475634769946,7.024093704322239,7.213734070453474,3.179395201814266,9.825246941139609,7.424675964381639
107,8.261085975492445,3.173587040871654,9.899695771624614,7.999394753446095,7.283007120982523,3.173587040871654,9.268009319849584,7.019101590089847
108,8.298523588952675,3.179395201814266,10.12881004681308,7.602964959660336,7.07101978582106,3.179395201814266,9.233681309141762,7.093407962351534
109,8.180889593165888,3.173587040871654,9.972215101611702,6.709651524793573,7.489742302894032,3.173587040871654,9.511679984987332,7.244384085563495
110,8.667669157619194,3.179395201814266,10.048409186194624,7.326889858934984,7.545580012543411,3.179395201814266,9.436903775002929,7.79366011495394
111,7.960112838976615,3.173587040871654,10.117153697466886,6.826224067859704,6.8256320790328,3.173587040871654,9.380820582927534,6.63623129594912
112,8.390115384733512,3.179395201814266,9.670169747753068,7.743144773657004,6.537629137379635,3.179395201814266,9.484092120481495,6.712316222374504
113,8.10713124482906,3.173587040871654,10.336775005628448,6.330498901212732,7.472988550932643,3.173587040871654,9.457697997970156,6.937672804838018
114,8.433660134356881,3.179395201814266,10.264951536408535,6.325821804093802,6.66527299014535,3.179395201814266,9.661127089235226,7.075303768238999
115,7.880869256161615,3.173587040871654,9.20280207565535,6.656791472949446,6.82528463409983,3.173587040871654,9.07931433567817,6.487831479088846
116,7.875604273767437,3.179395201814266,9.362341002281354,6.083212655114922,6.931043851402204,3.179395201814266,9.43848821493597,6.9020265621461565
117,8.265920173602716,3.173587040871654,9.307158695078735,6.811591721698251,6.620587395231661,3.173587040871654,9.19783853048651,6.615431461989854
118,8.376966410071038,3.179395201814266,9.722502615928656,6.69060644823245,6.862428146776267,3.179395201814266,9.69666406675775,6.987842247257432
119,7.718538428112616,3.173587040871654,8.814786465512206,5.984199946778425,6.429022903059903,3.173587040871654,9.042911871389029,6.750176771858261
120,7.832552718366304,3.179395201814266,9.042953298066188,6.276429570984193,6.637491046043916,3.179395201814266,9.017064632420343,6.799705486481304
121,7.89335863767373,3.173587040871654,9.062534656262686,5.879894657767702,6.895886032607941,3.173587040871654,9.46291994102075,6.841927052919371
122,7.873517164768795,3.179395201814266,9.09061134304432,5.872257740207087,6.585241823904306,3.179395201814266,9.440463985844556,6.847316586181687
123,7.884444072211137,3.173587040871654,8.915183352759074,6.183643059302932,6.737698965325871,3.173587040871654,8.779889544931638,6.6548969390193
124,8.08909295535916,3.179395201814266,9.1753586238295,5.909454220147795,6.706639216572585,3.179395201814266,8.61134838488503,6.756320504064018
125,7.612771238172001,3.173587040871654,8.971930975115834,6.198526896436659,6.469957153422428,3.173587040871654,9.28552922839198,6.7748240228445855
126,7.406681642756578,3.179395201814266,8.919445106478648,6.035857976461182,6.678937216673598,3.179395201814266,8.701582019194307,6.778843929013132
127,8.153676010918005,3.173587040871654,9.099736005200102,6.164146725873655,6.85409659798865,3.173587040871654,9.302586938909656,6.62139536386775
128,8.016851287638183,3.179395201814266,9.011675565974429,6.167067695727639,6.681726664019431,3.179395201814266,8.413649129471914,7.1633405349883805
129,7.328646705781125,3.173587040871654,9.041457492515336,5.84128490618241,6.760532571235389,3.173587040871654,8.844542649356942,6.26614467077357
130,6.892391989023651,3.179395201814266,8.880826271087084,5.850571920531889,6.734813886893127,3.179395201814266,8.313196528392375,6.49772757566158
131,7.994002241706158,3.173587040871654,9.172809985111408,6.144853295382541,6.50425574649899,3.173587040871654,9.063568303542318,6.605184388445381
132,6.551694371969726,3.179395201814266,9.419529175543971,5.833634158433982,6.327900731069004,3.179395201814266,8.875139079866845,6.568803807634184
133,7.373950642299931,3.173587040871654,8.61104360371507,6.137748637914947,6.7833605903998935,3.173587040871654,7.934753004050048,6.545367474243282
134,6.833178465301693,3.179395201814266,8.751086187428854,5.869178687262905,6.818353627890581,3.179395201814266,7.988995013317048,6.602110120353396
135,6.634782330938147,3.173587040871654,8.613683558353443,5.897897602217611,6.095836075252418,3.173587040871654,8.369133395324045,6.546285113920799
136,7.2759004203099105,3.179395201814266,8.816487235907513,5.730140187230767,5.685502068818113,3.179395201814266,8.211282592485837,6.48318211099577
137,6.224956092778737,3.173587040871654,8.423592790763902,6.030277749043508,6.779578354642179,3.173587040871654,7.962000503932855,6.575713185710361
138,6.360986537568526,3.179395201814266,8.840539491084561,5.827393075948981,5.965846452852551,3.179395201814266,8.342292351249466,6.736153321994781
139,6.693669716735406,3.173587040871654,8.280582657336545,5.874634874383608,5.989373553251062,3.173587040871654,8.02207872226681,6.551227219212946
140,6.346729724784579,3.179395201814266,8.361972421980406,5.4770676645301615,5.940212115545154,3.179395201814266,8.062424509712,6.355386535288359
141,6.43547530132172,3.173587040871654,8.799038970664597,6.302861483070081,5.921696795765493,3.173587040871654,8.080961811549168,6.740080143715853
142,6.514130300003304,3.179395201814266,8.462458067877957,5.897034493080658,5.672668672015091,3.179395201814266,7.820876998189723,6.741143075020165
143,6.311182428455926,3.173587040871654,8.380126607482557,5.537861271043888,6.229532042682116,3.173587040871654,8.277391286227603,6.356471666589082
144,6.581007100200769,3.179395201814266,8.708739855769778,5.315576791838577,5.853942180981762,3.179395201814266,7.883193845407902,6.688685400873145
145,6.257264543054895,3.173587040871654,8.299253753322308,5.765436980623897,6.084992055017025,3.173587040871654,8.136247414032933,6.444621113281848
146,6.03020675112601,3.179395201814266,8.51660874628957,4.592679892151516,5.630541926602746,3.179395201814266,8.014332323228285,6.619721732922657
147,6.631722358040362,3.173587040871654,8.40132498234108,6.472866650001415,6.172126831663696,3.173587040871654,7.931687083759847,6.525416275231616
148,6.358320908866919,3.179395201814266,8.631952509644718,4.46124400689477,5.463198239070589,3.179395201814266,8.131883692069337,6.449847688629765
149,6.105145360033625,3.173587040871654,8.185482912049642,4.742006765762302,6.267098046931749,3.173587040871654,7.981350752060321,6.651981564063556
150,6.05861913089107,3.179395201814266,8.325957515133323,4.171986453890001,5.522073454273776,3.179395201814266,7.761678714580675,6.512729634373842
151,6.413390078089747,3.173587040871654,8.40241340446856,4.982488915249123,5.931813490410304,3.173587040871654,8.371317861632823,6.496444112893062
152,5.660180285891323,3.179395201814266,8.376849041833154,4.204798789645858,5.916868152516143,3.179395201814266,8.174260894655639,6.8542378625557046
153,6.767463349082681,3.173587040871654,8.560982544487128,4.5577435187738295,5.351273005340158,3.173587040871654,7.549119861786591,6.227726295317274
154,5.476894738772518,3.179395201814266,8.60634768913131,4.117567340315919,5.477055435204733,3.179395201814266,7.553252175064697,6.285095578600538
155,6.185028697485744,3.173587040871654,8.232948367022757,4.497997616207171,5.577034417461034,3.173587040871654,8.017333673523972,6.615767251118911
156,5.58859167140858,3.179395201814266,8.44219602360968,4.579640882582065,5.757269102555378,3.179395201814266,8.110990496645327,6.278209408992992
157,5.8797675172908095,3.173587040871654,8.249920865727393,4.149235657688808,5.348105744690787,3.173587040871654,7.237248090822846,6.717445688386481
158,5.337971869306993,3.179395201814266,8.119202396337393,4.538800087453728,5.647989801573347,3.179395201814266,7.575259166537609,6.461712095587058
159,6.094469286438228,3.173587040871654,8.615637347685295,4.005616454804817,5.541226637692109,3.173587040871654,7.432815945959338,6.452017471982864
160,5.759822099012438,3.179395201814266,8.362968732514219,4.180087678884962,5.703730078963182,3.179395201814266,7.722376280902513,6.194670760756654
161,5.505380631346144,3.173587040871654,8.275368013768377,4.102037307205379,5.458177029669987,3.173587040871654,7.401173788812649,6.465450824323433
162,5.321482094137424,3.179395201814266,8.297594627046289,3.8337058325574502,5.516830879390508,3.179395201814266,7.400547198050881,6.4219476816545935
163,5.771078412630847,3.173587040871654,8.192016473115741,4.616055814800623,5.3215393389384085,3.173587040871654,7.789842625926008,6.229921859600518
164,5.759887356834908,3.179395201814266,7.900643399482094,4.236329371440505,5.528482969980694,3.179395201814266,7.681019927651813,6.365656048186239
165,5.115676794323642,3.173587040871654,8.520254411727135,3.8605945376501296,5.277104131864858,3.173587040871654,7.175500691688938,6.287398591871345
166,5.528407870409747,3.179395201814266,8.23593302480179,3.8292432189773176,5.7617632400902,3.179395201814266,7.329642366295337,6.277851258741147
167,5.448861755396224,3.173587040871654,8.398516224010377,3.961334548545557,5.199137889221603,3.173587040871654,7.396358908800541,6.354428260725958
168,5.339077054197688,3.179395201814266,7.947398709178943,4.041790271384568,5.134898471547061,3.179395201814266,7.777215806515449,6.465733288176217
169,5.360336769164528,3.173587040871654,8.61300336002972,3.88840009851761,5.8598331890635045,3.173587040871654,6.935998493135743,6.344302027311934
170,5.351112682469975,3.179395201814266,7.99021029864419,3.8020488561946175,5.268949164232018,3.179395201814266,7.367887462822569,6.501435416615026
171,5.513006191934453,3.173587040871654,8.53254514176079,4.118367729105336,5.070942010786633,3.173587040871654,6.943740810430822,6.250613603696525
172,5.180174624176842,3.179395201814266,8.363836747413718,4.096605868292655,5.2489930546928,3.179395201814266,7.23220841381288,6.579380402733017
173,5.555824011416839,3.173587040871654,8.039744239137287,3.722471078438869,5.169962987696853,3.173587040871654,7.1938430766414845,6.292794288993788
174,5.607440687527867,3.179395201814266,7.887537319178484,3.9449462987316335,5.3604117099781154,3.179395201814266,7.159905244159864,6.480447884660124
175,5.081254156939568,3.173587040871654,8.39774154305176,3.8969020629649287,5.082993242971639,3.173587040871654,7.256786502191463,6.408355756397635
176,5.636080607819501,3.179395201814266,8.024599499721969,4.046710020424944,5.086429243802053,3.179395201814266,7.4312147062959,6.264411881960687
177,4.950294521977528,3.173587040871654,7.95718984892188,3.788203334145222,5.273314335428328,3.173587040871654,7.037809353406618,6.642808315930742
178,4.940562253655291,3.179395201814266,8.025661919174324,3.766309803120964,5.059784029212952,3.179395201814266,6.864089587083152,6.433852846265055
179,5.445801948387532,3.173587040871654,7.985025616821155,4.062394004974118,5.23334181750236,3.173587040871654,7.392660403220949,6.186844467638902
180,5.028183688885957,3.179395201814266,7.738146040806575,3.9376919498233134,5.248573367080069,3.179395201814266,7.229457525312208,6.04474249825057
181,5.201556086971396,3.173587040871654,8.27610745744386,3.832497346206706,5.003807660634621,3.173587040871654,7.090287306566776,6.5338107460197765
182,5.244097975136797,3.179395201814266,7.76675440155571,3.675774912744875,5.462580185616687,3.179395201814266,7.200331345790103,5.899428694331903
183,5.031791553470909,3.173587040871654,8.151495150014291,4.077798386720414,4.87963444448828,3.173587040871654,6.941646488718646,6.587704612216986
184,5.000217723723768,3.179395201814266,8.001573365949415,3.876940584188247,5.32018574284426,3.179395201814266,7.023708544327561,6.181234768507436
185,5.185895667391131,3.173587040871654,7.884029070242348,3.788357620066065,4.929579697779647,3.173587040871654,7.292684730921465,5.974468091357325
186,4.838288378699792,3.179395201814266,7.941416153685638,3.9644737258200142,5.321109399769533,3.179395201814266,6.865222356009033,5.957993611285682
187,5.402561217957509,3.173587040871654,7.831946135195997,3.755989553574477,4.599545035501222,3.173587040871654,7.007535815444203,6.208101587571144
188,4.8160510359833255,3.179395201814266,7.460068424926765,3.789376762652175,4.934619433150928,3.179395201814266,7.033618343132642,6.002847449545882
189,5.162949773834506,3.173587040871654,8.195553689443651,3.826591546444956,4.801680352650421,3.173587040871654,7.134991561245307,6.267528209676373
190,5.130973626186551,3.179395201814266,7.679498833636283,3.714705938468245,4.849331896441932,3.179395201814266,7.069301623253122,6.338060409116074
191,4.705137038174417,3.173587040871654,7.862072982280139,3.848271176213785,4.876908539560048,3.173587040871654,6.90032620542051,5.869112113123144
192,4.739067980834169,3.179395201814266,7.779612923012424,3.8263535814305456,4.698580685142855,3.179395201814266,7.238683760945848,6.015314015721196
193,5.074841741224683,3.173587040871654,7.776933098494875,3.789668395755878,4.914713945050683,3.173587040871654,6.905675950231348,6.091738517435708
194,4.936477588482957,3.179395201814266,7.832728986741428,3.777061650352128,5.021238475824073,3.179395201814266,7.409165407331072,5.739575646759467
195,4.835337894711956,3.173587040871654,7.972775278497747,3.924411238094458,4.685906031722296,3.173587040871654,6.514500729947252,6.406684355130857
196,5.407224200463036,3.179395201814266,7.860130276999902,3.7593346472200193,4.902659631646957,3.179395201814266,7.026463251091127,5.773867135590156
197,4.3673828597793625,3.173587040871654,7.814249600306947,3.868933751692211,4.625305431125224,3.173587040871654,6.7534533076010055,6.174259208728914
198,4.670236728736066,3.179395201814266,8.07147177503631,3.937149718946893,5.090548002798851,3.179395201814266,7.092498243393271,6.303409730682604
199,4.525783185624516,3.173587040871654,7.600930110440062,3.705614127469116,4.377103778256603,3.173587040871654,6.635427135354356,5.626719354787754
200,4.826466406282849,3.179395201814266,7.570384513612327,3.751490662822695,4.61191662994406,3.179395201814266,7.089450137436213,5.968043186981388
201,4.475335017417004,3.173587040871654,7.99228722962298,3.855678278906443,4.457473843262134,3.173587040871654,6.5436777199317815,5.913397300294885
202,4.579927513440335,3.179395201814266,7.525978073205649,3.828343754176104,4.571947733632408,3.179395201814266,7.256464492120869,5.999896466009181
203,4.661268668848337,3.173587040871654,8.232795054174403,3.78740779059451,4.528521998692779,3.173587040871654,6.198419972373786,5.803297165005217
204,4.749048849408418,3.179395201814266,7.751542758067713,3.749183736615955,4.336707369221279,3.179395201814266,6.515349389790761,5.597172486886514
205,4.514348190726495,3.173587040871654,7.700204550759609,3.895107194565462,4.7314310539574285,3.173587040871654,6.64852436806826,5.964483607527879
206,4.586787776588848,3.179395201814266,7.73019397767472,3.9125595607366,4.402574991138643,3.179395201814266,6.521502394302751,5.849095903549034
207,4.56540592375424,3.173587040871654,7.5288281799962204,3.776018387997242,4.663281298775768,3.173587040871654,6.50950770885157,5.722662072566913
208,4.595779408367799,3.179395201814266,7.218422065631504,3.644304697854841,4.132242865904435,3.179395201814266,6.925166946756481,5.91770929908683
209,4.50201753228397,3.173587040871654,7.9668995230647,3.889578585594542,4.915689821337788,3.173587040871654,6.153444719582626,5.811640255064423
210,4.74373366915674,3.179395201814266,7.410777131818691,4.05277697189419,4.413669840647692,3.179395201814266,6.033798748455384,6.073717849240652
211,4.336481154558866,3.173587040871654,7.679839782378734,3.562972457916876,4.351102017980653,3.173587040871654,6.736517315484306,5.55115433720691
212,4.628757834083983,3.179395201814266,7.731526584164328,3.766143171616387,4.517928002774199,3.179395201814266,6.315034344839822,5.837304879521954
213,4.40672207060964,3.173587040871654,7.24746556555297,3.672831276062191,4.26073921809483,3.173587040871654,6.140028520795312,5.889214851544907
214,4.489736174635873,3.179395201814266,7.593749793958595,3.742689834511909,4.422705982934676,3.179395201814266,6.362924526646427,5.870374917412068
215,4.482489118201003,3.173587040871654,7.261864549826803,3.674494577458676,4.2993208187115854,3.173587040871654,6.447413044598124,5.89512462425479
216,4.686137108776956,3.179395201814266,7.603155639922457,3.6297142915276255,4.068988127965461,3.179395201814266,6.853692514016153,5.8572364101404695
217,4.3119078945571605,3.173587040871654,7.353967140550187,3.8718567405693705,4.533015005576858,3.173587040871654,5.736217545569968,5.714257712533562
218,4.298624548534138,3.179395201814266,7.302744962250365,3.745759376115577,3.960306827609204,3.179395201814266,6.403770263782343,5.920190943763219
219,4.607342036590358,3.173587040871654,7.61052181384697,3.702403287446589,4.617886809855222,3.173587040871654,5.840555401585127,5.615203922127589
220,4.518590134946302,3.179395201814266,7.273936944185436,3.6751559976681385,4.009228112384291,3.179395201814266,5.93014717880748,5.423729560799593
221,4.290250625199282,3.173587040871654,7.542530172050515,3.725020932078469,4.288322114552499,3.173587040871654,5.965988730975253,6.067758528167327
222,4.219143113551334,3.179395201814266,7.523436663997523,3.660760955704304,4.362274151318605,3.179395201814266,5.619668655050911,5.327807593631574
223,4.6132810627153376,3.173587040871654,7.203172452350828,3.661341943314659,4.005586815864379,3.173587040871654,6.204171412451276,6.031415654835684
224,4.355297897433547,3.179395201814266,7.064030536580497,3.7576061450246816,4.298046285231521,3.179395201814266,5.461839772574011,5.284459353672292
225,4.402609095964242,3.173587040871654,7.744026404325048,3.6932408119519935,3.8963255268242234,3.173587040871654,6.332077810895794,5.870988639161324
226,4.335480517232739,3.179395201814266,7.650140149998402,3.8763844802714233,4.096010132822403,3.179395201814266,5.886153359771122,5.430289141092614
227,4.320057793547158,3.173587040871654,7.012096483768629,3.476037424159249,4.035243795249626,3.173587040871654,5.661113766846532,5.694597666570722
228,4.2956771070939626,3.179395201814266,7.050121690950484,3.706317409358504,4.275320737819652,3.179395201814266,5.930434588416184,5.686559537529695
229,4.44604233424505,3.173587040871654,7.321009245826568,3.6268277428014586,3.906304077790165,3.173587040871654,5.329791965699597,5.274617033378113
230,4.43312620745498,3.179395201814266,7.361006653217854,3.734012371137066,4.210636878602594,3.179395201814266,5.595677489965567,5.741184262363669
231,4.291537975116349,3.173587040871654,7.080481335393876,3.5936695114438635,3.8469791702391696,3.173587040871654,5.6536013534024345,5.196257179600445
232,4.405963154756481,3.179395201814266,7.300671851283764,3.8113644948272016,4.0961583979386,3.179395201814266,6.052573163375757,5.283447204134006
233,4.394831940766154,3.173587040871654,7.164482230547638,3.4701065771046298,4.052272316875269,3.173587040871654,5.217394626464687,5.625859384926551
234,4.28474936654881,3.179395201814266,6.909604071442805,3.786069252782692,4.09912679504829,3.179395201814266,5.805410611562434,5.554353504036335
235,4.501411817125782,3.173587040871654,7.597648056487966,3.5979809096514903,4.022354280247166,3.173587040871654,5.361976643835338,5.455402072562839
236,4.321189282032521,3.179395201814266,7.282323008931924,3.8415213250309623,3.906826345328268,3.179395201814266,5.62832032855579,5.563254464570204
237,4.3992123628574005,3.173587040871654,6.873869188891423,3.474590325784414,4.111777414460117,3.173587040871654,5.337468198512724,5.282095105586492
238,4.453105045109526,3.179395201814266,7.392944658696198,3.5053333102943283,3.961225089037396,3.179395201814266,5.352964085095682,5.473043421084606
239,4.272011797504671,3.173587040871654,6.701356246723023,3.717156786555127,4.0364453916638166,3.173587040871654,5.537265254024018,5.350227285231466
240,4.1081762657347465,3.179395201814266,6.801877509061845,3.499499766175328,3.827010341945433,3.179395201814266,5.778895454365519,5.254534731707439
241,4.5719503354442175,3.173587040871654,7.00317572079294,3.6714035641541,4.104987374570365,3.173587040871654,5.17461107423282,5.519358946979559
242,4.651388793351505,3.179395201814266,7.075305820616178,3.677774847196416,4.042111485151869,3.179395201814266,5.402410542304776,5.499665139651932
243,4.055988656503088,3.173587040871654,6.836518804185651,3.401127887157646,3.95612482797636,3.173587040871654,5.338909140471232,5.2861619369684805
244,4.304853484760302,3.179395201814266,7.19149646580234,3.52145546766892,3.904149806701577,3.179395201814266,5.203509604033537,5.2734856601840505
245,4.221068459724884,3.173587040871654,6.638308453806944,3.517346092776606,4.120491878348568,3.173587040871654,5.603845584336111,5.4546239730501656
246,4.335150828699686,3.179395201814266,6.810802334703457,3.533266569075358,3.958208053980588,3.179395201814266,5.507981736903338,5.332562971555521
247,4.174271071463697,3.173587040871654,6.906316762311704,3.64420276559734,3.9874235322549887,3.173587040871654,5.413338398490496,5.502944382995595
248,4.2153371011767975,3.179395201814266,6.765334496938153,3.604674093235938,4.1287099378280665,3.179395201814266,5.27296416373479,5.325482388300532
249,4.255372364654536,3.173587040871654,6.914321864429274,3.5344997368378084,3.695887108212408,3.173587040871654,5.45422838083693,5.49459626118236
250,4.096529199672872,3.179395201814266,6.805872849475496,3.4901563872377057,3.945641511565346,3.179395201814266,5.361798106129398,5.692250883526197
251,4.378257705614025,3.173587040871654,6.907491945595154,3.635429699294013,3.8062612517249215,3.173587040871654,5.338641531510016,5.029349472700229
252,4.31081269504466,3.179395201814266,6.607830263963483,3.5608130060735763,3.9694275918381456,3.179395201814266,5.506359144104268,5.354765802360925
253,4.026060888187137,3.173587040871654,6.996716164973724,3.515216226536537,3.791489143178593,3.173587040871654,5.258816089144156,5.254392026384081
254,4.177096297110275,3.179395201814266,6.839588886311809,3.496437666924744,3.8356783079427657,3.179395201814266,5.377257113342528,5.652262706274525
255,4.1804196453346725,3.173587040871654,6.580967925581983,3.668440370245764,3.807739126935604,3.173587040871654,5.2085601495668925,5.044583334263614
256,3.86464130199961,3.179395201814266,6.874248946447232,3.561727492527548,3.791413714978265,3.179395201814266,5.459115076081002,5.06564570383185
257,4.479715735923038,3.173587040871654,6.739016301909185,3.5668227708032605,3.9534726223463226,3.173587040871654,5.18252818132503,5.470609182859944
258,4.041178240250855,3.179395201814266,6.571641460550881,3.4841609112805565,3.9259444635429146,3.179395201814266,5.183364699875804,5.246445243037174
259,4.101048944161618,3.173587040871654,7.001809828241436,3.508806634384886,3.767651566644467,3.173587040871654,5.384130200332941,5.224622480633546
260,4.035432501914606,3.179395201814266,6.685414121707596,3.5783720860190025,4.02934211158644,3.179395201814266,5.653180630080823,5.501340416746799
261,4.102866621243936,3.173587040871654,6.870486567260641,3.5486696198907564,3.7275818065104542,3.173587040871654,5.030728305986719,4.941411908508336
262,3.985637711719128,3.179395201814266,6.768774339440236,3.7098062266328897,3.982975068479368,3.179395201814266,5.108285046064834,5.261700211267145
263,4.177914988184933,3.173587040871654,6.6703287435650855,3.444167594737876,3.7429555680027287,3.173587040871654,5.533592598744622,5.105343574186035
264,4.200336123372332,3.179395201814266,6.69050382079123,3.5413923363328874,3.698900366230222,3.179395201814266,4.882694757836864,5.0458708816601145
265,3.825128862522182,3.173587040871654,6.780249172733075,3.491329062376369,4.12167467812497,3.173587040871654,5.5485152753997244,5.466076690734591
266,4.143847836746051,3.179395201814266,6.774002715277097,3.5647888748772627,3.806320820704876,3.179395201814266,5.298958185016998,5.074386064131113
267,3.9752058041689375,3.173587040871654,6.493405370452485,3.5179917499173285,3.764239417290351,3.173587040871654,4.799458539897222,5.275601337472777
268,4.097717102136859,3.179395201814266,6.907007254765624,3.604095383889857,4.015387749003179,3.179395201814266,5.047607410134231,5.113929204936751
269,3.928963247476473,3.173587040871654,6.45093221933559,3.4723471868069447,3.749523734974974,3.173587040871654,5.120032135355548,5.279350448137172
270,4.141090708141883,3.179395201814266,6.493020916408526,3.57795597625484,3.74123786679483,3.179395201814266,5.156678898043256,5.1718211575481385
271,3.881411462921864,3.173587040871654,6.745810610003304,3.5201133984515707,3.818392491851356,3.173587040871654,4.868664478638546,4.942569151694584
272,4.162192642700114,3.179395201814266,6.666249519804945,3.619854200047152,3.906487600565727,3.179395201814266,5.349297338447578,5.175677718994661
273,3.80146966147065,3.173587040871654,6.509390801813435,3.403491475708242,3.739727897933543,3.173587040871654,4.697850014660256,5.284485514499694
274,3.95251259450328,3.179395201814266,6.532281889389923,3.609329413736404,3.879539038853256,3.179395201814266,4.870556256095409,5.147706734387822
275,3.914387972231482,3.173587040871654,6.589583489263832,3.42873832873857,3.563328196626623,3.173587040871654,4.976639182152282,5.263588342584806
276,3.81757166162868,3.179395201814266,6.577538276154668,3.342262621647808,3.869398104899906,3.179395201814266,4.8727823595473545,5.285712890344692
277,4.135911129158955,3.173587040871654,6.6081421661763775,3.646795425148155,3.705691171769868,3.173587040871654,4.989788688293599,4.942989453229421
278,3.886099876142224,3.179395201814266,6.619730862032304,3.5421224814553125,3.785350853862436,3.179395201814266,4.983363830183423,5.083819281642263
279,3.960242904871013,3.173587040871654,6.573048820733701,3.490411342803984,3.780961372653703,3.173587040871654,4.860586669185524,5.079836740506277
280,3.773788184913385,3.179395201814266,6.861425698594649,3.4726203921221743,3.8444465541468498,3.179395201814266,4.860038205786358,5.244194254192318
281,4.086340521029604,3.173587040871654,6.294607793629368,3.6165639082701775,3.636465178655433,3.173587040871654,5.072880020898316,5.022078608997578
282,3.716009360968248,3.179395201814266,6.50163959789298,3.549548274863153,3.65533150665581,3.179395201814266,5.009426119824828,4.945772749130829
283,3.943951141686168,3.173587040871654,6.4463930173604265,3.5036294720068017,3.805648313449499,3.173587040871654,4.820817267703135,5.263648274167251
284,4.002279096263826,3.179395201814266,6.376145198389808,3.4439290978707366,3.7299513325522993,3.179395201814266,4.818223884420121,5.376788634778833
285,3.75424402862061,3.173587040871654,6.725729196232117,3.53112753263559,3.7841486865014735,3.173587040871654,4.985556845977049,4.789509765820088
286,3.678657592519151,3.179395201814266,6.729070804066269,3.639216485408543,3.738614260898325,3.179395201814266,4.791861609542489,5.137035024957865
287,4.078098871453485,3.173587040871654,6.276829759794819,3.331522017082472,3.794815382023784,3.173587040871654,4.976958984003387,4.958153778451551
288,3.9598602334988255,3.179395201814266,6.556038053155955,3.5641739072932745,3.672893287753728,3.179395201814266,5.074312298199368,5.052284674684416
289,3.6933359077500008,3.173587040871654,6.237312968488156,3.325609182516471,3.7850414950072415,3.173587040871654,4.681819293015224,5.163647012788336
290,3.7508252288003607,3.179395201814266,6.359425697364595,3.4425331348078294,3.735102564966256,3.179395201814266,4.931610614163751,5.048904211808804
291,3.964952486780572,3.173587040871654,6.436151331089239,3.4648483869643827,3.7267460600607913,3.173587040871654,4.788718558782065,5.035919187732261
292,3.746507217722237,3.179395201814266,6.240782641320565,3.407795860943656,3.865311937379,3.179395201814266,4.882411565003113,5.154365716409061
293,3.906365664832249,3.173587040871654,6.583397347185121,3.530826514026362,3.640312932036903,3.173587040871654,4.696564244438281,4.934452826042963
294,3.805165049623466,3.179395201814266,6.371974533960835,3.5539393832945763,3.992137117679424,3.179395201814266,4.618158850977016,5.044057870763208
295,3.810669243812454,3.173587040871654,6.414968167414846,3.369666973123767,3.5042329651418,3.173587040871654,5.156120104159093,4.887401816527101
296,3.820373614258234,3.179395201814266,6.529323592617227,3.5314511811397367,3.5888578499605988,3.179395201814266,4.623485265010665,4.788774122060806
297,3.730317477626883,3.173587040871654,6.307356365923287,3.364962027431795,3.714907579428442,3.173587040871654,4.962915090839473,5.315929768331269
298,3.8694856301000766,3.179395201814266,6.390419921155895,3.5342983692376286,3.774760942781217,3.179395201814266,4.658998810132013,5.128057258153402
299,3.771029294010188,3.173587040871654,6.404126256264488,3.3907686174832867,3.551821854594846,3.173587040871654,4.790981945172329,4.876824642011475
300,3.7752379967483862,3.179395201814266,6.405476570725675,3.508669733600895,3.696121742958592,3.179395201814266,4.60140302127747,5.059945262690613
301,3.748916823551402,3.173587040871654,6.373002989520252,3.399798169742751,3.7535708335364135,3.173587040871654,4.833288457307101,4.951770408295997
302,3.724657190057096,3.179395201814266,6.257930358784366,3.553381651615238,3.6559043157115103,3.179395201814266,4.571278839507756,5.100577581679346
303,3.855952720817704,3.173587040871654,6.533220821788845,3.380778242960945,3.723409557296876,3.173587040871654,4.839897292324356,4.94163998547621
304,3.844805767249538,3.179395201814266,6.406588839498187,3.430390145539046,3.601058858497689,3.179395201814266,4.744886799537071,5.156504041996074
305,3.746362874256515,3.173587040871654,6.440168535971517,3.446373329950039,3.758032890556385,3.173587040871654,4.658113704462084,4.911374699390068
306,3.752323838159533,3.179395201814266,6.183856789181113,3.4806442356030463,3.739055449534593,3.179395201814266,4.844864804230822,4.945924271389503
307,3.785689484552577,3.173587040871654,6.488912214028581,3.392149741940517,3.500696777369681,3.173587040871654,4.472847308455582,5.020317158008787
308,3.78015549723918,3.179395201814266,6.397970820525784,3.441404961738073,3.6447604958498014,3.179395201814266,4.518218110218544,5.045640433380856
309,3.81144480820823,3.173587040871654,6.2944234797057055,3.420164104592264,3.623273137207551,3.173587040871654,4.832160332622498,4.872884956363295
310,3.934558797534705,3.179395201814266,6.325315255978,3.394044862125907,3.6646382132934,3.179395201814266,4.758496945211331,5.067738762379771
311,3.6079507412300313,3.173587040871654,6.458665731153827,3.393385417815609,3.761540053264079,3.173587040871654,4.494763906478484,4.916449758762748
312,3.871671170406125,3.179395201814266,6.026643592862477,3.4571095065337984,3.808560500013919,3.179395201814266,4.693817790267995,4.903786383023423
313,3.641153106872082,3.173587040871654,6.696380570290651,3.3423448970772496,3.5414473045724835,3.173587040871654,4.495798463407324,5.047937887857449
314,3.6633204119084457,3.179395201814266,6.208544524920662,3.519212556047594,3.725585902249292,3.179395201814266,4.958650387754709,5.042137416064218
315,3.808867031323969,3.173587040871654,6.316700705932907,3.368891497865198,3.693680084474221,3.173587040871654,4.337175465409539,4.904536698988212
316,3.779689010505199,3.179395201814266,6.241859353346165,3.454225055609937,3.579803092765613,3.179395201814266,4.595331592266698,4.803526327653926
317,3.645594238737005,3.173587040871654,6.324133451419431,3.3684734172891395,3.739999942553886,3.173587040871654,4.507301992802141,5.08266479695908
318,3.679116336392599,3.179395201814266,6.547172155781362,3.501667045063928,3.51441737636826,3.179395201814266,4.453964139215172,4.903568497745863
319,3.8013196386760217,3.173587040871654,6.095698706407064,3.301497321513716,3.8071654581565504,3.173587040871654,4.600153331256202,4.930629729331707
320,3.739152959671945,3.179395201814266,6.037704391993164,3.398073640938005,3.625104451405573,3.179395201814266,4.682424064660066,4.920855337548171
321,3.6712152918917855,3.173587040871654,6.330870902806853,3.3981591157871827,3.6056974939490174,3.173587040871654,4.474788168549235,5.108680728847437
322,3.8979120836102528,3.179395201814266,6.040611415512779,3.4345375525418693,3.6374669426765456,3.179395201814266,4.73723729364644,4.904663427879363
323,3.4671529671379515,3.173587040871654,6.317901033566791,3.383685830536143,3.688445140419381,3.173587040871654,4.40186136307026,4.891008564473427
324,3.829745043742429,3.179395201814266,6.329632486311379,3.3667587226043416,3.675209200017152,3.179395201814266,4.477336505549105,5.117086457508803
325,3.523925915228709,3.173587040871654,5.999109791382447,3.477059705134968,3.600066284670279,3.173587040871654,4.637840128791938,4.762035658454401
326,3.643649609500647,3.179395201814266,5.998659536732232,3.3878476881526147,3.5489528960476524,3.179395201814266,4.468255204056891,4.959131401470967
327,3.773221887994541,3.173587040871654,6.353374148976978,3.403594411298244,3.793920945080208,3.173587040871654,4.503955738021908,4.937216406310434
328,3.7248212587220695,3.179395201814266,6.050694643319186,3.34458706557624,3.693835654524653,3.179395201814266,4.660865910272349,4.96516472933798
329,3.622548870939376,3.173587040871654,6.155091114484602,3.3819245483324765,3.5911462608230105,3.173587040871654,4.461668410165947,4.76973627245044
330,3.8312730747700425,3.179395201814266,6.095499625553766,3.456088290972037,3.679233475826399,3.179395201814266,4.690744843623755,5.057847755384797
331,3.4838319500708264,3.173587040871654,6.061152142539146,3.3487171969188227,3.606672842759783,3.173587040871654,4.310796516332565,4.7181478843910405
332,3.782131155919531,3.179395201814266,6.188501906535219,3.366409464518709,3.6371029891832336,3.179395201814266,4.580461710039146,4.900042710884391
333,3.502737137806648,3.173587040871654,5.958802565273251,3.4353288300275957,3.6105418902414392,3.173587040871654,4.339421734981975,4.959422821622977
334,3.743531895110325,3.179395201814266,5.868960509086377,3.499718498723237,3.5050126395027346,3.179395201814266,4.606286045813466,4.810595147380383
335,3.5041393520999877,3.173587040871654,6.283359119876765,3.279595721385431,3.713294395508537,3.173587040871654,4.424225669784376,4.9605158549607
336,3.5642543676329788,3.179395201814266,5.807436129884975,3.385532149772896,3.572502750982844,3.179395201814266,4.618853413091309,4.686317656564734
337,3.679392184186024,3.173587040871654,6.381877789232231,3.377833795833138,3.570292755359621,3.173587040871654,4.308603240180687,4.998547410577061
338,3.720517797372698,3.179395201814266,5.81601807657004,3.449067862031763,3.6203677319365832,3.179395201814266,4.672794023661526,4.827568238189931
339,3.5334010050778883,3.173587040871654,6.204795571006023,3.327301470582391,3.6743637763422416,3.173587040871654,4.273558863155159,4.869658613473791
340,3.64534897903992,3.179395201814266,6.005690416974843,3.443215203883994,3.552057705056867,3.179395201814266,4.318167884469121,4.957227561040619
341,3.527664281274413,3.173587040871654,5.936303796578375,3.29649721196832,3.5650311899037708,3.173587040871654,4.519095670016649,4.773905307512937
342,3.601284605567164,3.179395201814266,6.098668698983713,3.3836242895470887,3.5231360146920983,3.179395201814266,4.412549671069045,4.843069345765972
343,3.606408915016409,3.173587040871654,5.888340420019951,3.4160574958491607,3.707536565862508,3.173587040871654,4.424238531931487,4.911314456438968
344,3.716354730098009,3.179395201814266,5.908851378520393,3.328435207148936,3.494423888969201,3.179395201814266,4.496493553864881,4.997496792707041
345,3.4698888257288325,3.173587040871654,6.102733710140081,3.519285470387967,3.59174363710191,3.173587040871654,4.321718745031927,4.881414643052287
346,3.565685099636517,3.179395201814266,6.00421357748695,3.397521129748718,3.650442013877298,3.179395201814266,4.52192565843055,4.902348616045975
347,3.609517366795445,3.173587040871654,5.940082040677652,3.373735660967286,3.482738596759448,3.173587040871654,4.323469294014212,4.860714390142632
348,3.5281248866619594,3.179395201814266,6.067680631073946,3.437553909720694,3.7241846354730006,3.179395201814266,4.3327677798338575,5.049919326261346
349,3.6557367803620098,3.173587040871654,5.862643570790477,3.3317489508530063,3.500766757912245,3.173587040871654,4.502225659647804,4.687310198787015
350,3.563249694001307,3.179395201814266,5.664159678494284,3.3195299950313832,3.6640883405332585,3.179395201814266,4.458455256918984,4.818911488339998
351,3.521667672092014,3.173587040871654,6.21044465946991,3.3610204003493034,3.555866630544529,3.173587040871654,4.357675303347848,4.833656098942663
352,3.6391877478852783,3.179395201814266,5.852653643571464,3.38772496626996,3.6161665424638296,3.179395201814266,4.789875972092763,4.9312884503576
353,3.585251168519577,3.173587040871654,5.970550305921651,3.405042949487336,3.5149852429844235,3.173587040871654,4.064628269371128,4.807941774096492
354,3.6254024943702894,3.179395201814266,6.02129469124514,3.37359942223344,3.59632915939228,3.179395201814266,4.274331805241739,4.895141047442977
355,3.489872013077747,3.173587040871654,5.946374484713556,3.359666068999557,3.459062531289084,3.173587040871654,4.410072903990266,4.893816471577859
356,3.6411486531457617,3.179395201814266,5.792857398054307,3.4277080407766944,3.5575292009727475,3.179395201814266,4.573205924536366,4.8853694759251045
357,3.4899682702351917,3.173587040871654,6.16975572471668,3.350103035357482,3.5203689511909397,3.173587040871654,4.175770164112775,4.9220730856449775
358,3.544344051486498,3.179395201814266,5.913505877510879,3.3839667400142206,3.6527921718323255,3.179395201814266,4.515221570879128,4.767213018611414
359,3.6100091333642177,3.173587040871654,5.977357322129501,3.3789776487149554,3.499459807378704,3.173587040871654,4.110149593431187,4.884642709149625
360,3.7346766605390513,3.179395201814266,5.77874855367436,3.4217535126436776,3.6141358674918815,3.179395201814266,4.324387745688731,4.861626630979949
361,3.3420886850224285,3.173587040871654,6.09694009746803,3.338470351876588,3.479248923441178,3.173587040871654,4.139288599627584,4.953865545872355
362,3.5165323307044347,3.179395201814266,5.943539506356647,3.427424378011526,3.568202052062585,3.179395201814266,4.196833588014204,4.963537843509871
363,3.5578684624047674,3.173587040871654,5.835770769928024,3.3499489674740195,3.43326028335642,3.173587040871654,4.409426717333826,4.769893550996853
364,3.5044568628442234,3.179395201814266,5.861659111019612,3.2728100244293468,3.485065458071169,3.179395201814266,4.317067706353941,5.036838709436081
365,3.533830130431434,3.173587040871654,5.940418775241287,3.395004567014732,3.575398170520381,3.173587040871654,4.315860002483019,4.7462331767182295
366,3.482547068152505,3.179395201814266,5.654498491681521,3.3051208041293827,3.6632732150067366,3.179395201814266,4.294260312347694,4.99913595807472
367,3.6344781978591385,3.173587040871654,6.059383595215725,3.41470196864702,3.4541107511668443,3.173587040871654,4.190259108302944,4.6214080411554805
368,3.5607675463821686,3.179395201814266,5.860015567635079,3.271160826484614,3.469425705828119,3.179395201814266,4.185812231868765,4.8275325190704965
369,3.449305846262572,3.173587040871654,5.809217965768747,3.4286002313914565,3.4909731597479845,3.173587040871654,4.354331801154228,4.724643369061536
370,3.565435255445886,3.179395201814266,5.984281104516633,3.389504687351245,3.515799815545714,3.179395201814266,4.4374116603579,4.597745459084876
371,3.4901680218179827,3.173587040871654,5.873821698450114,3.304831723422352,3.5485765412378685,3.173587040871654,3.919159463024399,4.9681033895008255
372,3.666341362889536,3.179395201814266,5.928057028601639,3.3486799635400777,3.631152283367221,3.179395201814266,4.453976597103923,4.878365456893905
373,3.399615496915202,3.173587040871654,5.846753160439514,3.332060177631021,3.314361023552112,3.173587040871654,3.978458843436973,4.730570569009323
374,3.5473448340809903,3.179395201814266,5.985174375819792,3.327234009273232,3.518615914338746,3.179395201814266,4.158688533570512,4.939865945528934
375,3.47663224745968,3.173587040871654,5.756215883943911,3.3312006086624555,3.446756948184315,3.173587040871654,4.188812578102234,4.707459273213969
376,3.6118817563053778,3.179395201814266,5.810343637256,3.321329886483664,3.43175933842928,3.179395201814266,4.094631293339357,4.596407064847418
377,3.436308063709132,3.173587040871654,5.813989663711575,3.377355907799304,3.5339621887233954,3.173587040871654,4.277923231402941,4.911074563375723
378,3.4338869288013707,3.179395201814266,5.714502278775892,3.328801183288314,3.488219135826788,3.179395201814266,4.428000069900011,4.670849258561822
379,3.5848329549151083,3.173587040871654,5.978798938899624,3.3369609651707064,3.5678807304859035,3.173587040871654,3.945863852991218,4.89389880495055
380,3.59098520862,3.179395201814266,5.881105401154276,3.377213789028504,3.3708344610370533,3.179395201814266,4.124912462835742,4.779161002081608
381,3.492835390835605,3.173587040871654,5.889517482941826,3.304228944463627,3.603036977976062,3.173587040871654,4.13120160160023,4.731015574675782
382,3.48374546299116,3.179395201814266,5.806158653982918,3.3735121172302382,3.494188206309286,3.179395201814266,4.247612999381469,4.702693724724695
383,3.5166290631727497,3.173587040871654,5.910779334863658,3.367885462953143,3.420752897999448,3.173587040871654,4.080234168787964,4.900900460648013
384,3.3711169058225465,3.179395201814266,5.816746195803709,3.448890319567953,3.495303185993009,3.179395201814266,4.140297556115375,4.734881335954412
385,3.635475180118108,3.173587040871654,5.866696096288442,3.343395152244461,3.4942809710209874,3.173587040871654,4.157269672218869,4.867861083166497
386,3.6063799981550497,3.179395201814266,5.6257150722235325,3.35958130265638,3.613681979120008,3.179395201814266,4.272168386471264,4.840145432797816
387,3.39531080486612,3.173587040871654,6.031623528532625,3.3558873347776768,3.2988137552569814,3.173587040871654,4.080801545512617,4.696060890134989
388,3.419001330866438,3.179395201814266,5.847332111500347,3.348824009517178,3.4503648015424404,3.179395201814266,4.12352292934652,4.775120462858865
389,3.510133524059913,3.173587040871654,5.791013754970022,3.350142454220317,3.4801833374871918,3.173587040871654,4.199317708755675,4.831201158440451
390,3.3571236549154477,3.179395201814266,5.883963366716164,3.362505834874903,3.46177137184625,3.179395201814266,4.242606677223674,4.597706489863426
391,3.652654920177615,3.173587040871654,5.831512107988827,3.322858924432024,3.571357841107448,3.173587040871654,3.954462510352766,4.8663593471076885
392,3.5285350743431096,3.179395201814266,5.770015609756908,3.376080027250976,3.4116442543422085,3.179395201814266,4.140525252121091,4.782168622468475
393,3.445280579466837,3.173587040871654,5.982288820362412,3.3229584645586883,3.469399693668061,3.173587040871654,4.157376485541477,4.749584073280168
394,3.5985755866241536,3.179395201814266,5.746340014006962,3.3782261042532964,3.433589717973625,3.179395201814266,4.293278413559576,4.797816150632011
395,3.475105299410349,3.173587040871654,5.849816927531934,3.31273181121028,3.5500105276234653,3.173587040871654,3.9958247843450656,4.788020010422529
396,3.474343545421812,3.179395201814266,5.606668615969716,3.424185423932337,3.449218635464327,3.179395201814266,4.074870668943967,4.79519531911122
397,3.4816544955947104,3.173587040871654,6.1901878552032334,3.3279986713392544,3.4854402907789885,3.173587040871654,4.182221150189416,4.684234038610536
398,3.470534282055273,3.179395201814266,5.822579592237252,3.340181975561723,3.5156364442450285,3.179395201814266,4.183369255493834,4.884216312320797
399,3.462936965210723,3.173587040871654,5.687660761955894,3.3528678861016323,3.468676380305024,3.173587040871654,4.069323536036554,4.63885230539737
400,3.4551994337075267,3.179395201814266,5.590634554953192,3.266690393285802,3.529659822737069,3.179395201814266,4.367041292653362,4.816480658930933
401,3.438417344094331,3.173587040871654,5.914903730303121,3.289458909104816,3.427397020278271,3.173587040871654,3.9307579824874015,4.631621087573226
402,3.549378269934779,3.179395201814266,5.6103914224016105,3.342987729739842,3.4907969297006844,3.179395201814266,4.103616490975748,4.64084005254995
403,3.4259320257329287,3.173587040871654,5.8684593740771644,3.4159577006250643,3.389642115469813,3.173587040871654,4.052407994579958,4.823257397373989
404,3.354707773298849,3.179395201814266,5.891784730837157,3.3452638536549983,3.4519296370678147,3.179395201814266,4.238814825637454,4.741107385014834
405,3.563187970354708,3.173587040871654,5.616257497342641,3.369966303134115,3.435510330220561,3.173587040871654,3.94102571293826,4.731164104573822
406,3.449337384427621,3.179395201814266,5.7530397840989576,3.3424318302221945,3.4629773184697115,3.179395201814266,3.9406242299130905,4.498180704618871
407,3.467976689968133,3.173587040871654,5.577338171272071,3.3745154259198062,3.413796254247793,3.173587040871654,4.256965196031854,4.917948980077505
408,3.4299062158368385,3.179395201814266,5.688807393461698,3.429287077161898,3.432482599306425,3.179395201814266,4.017262157006544,4.82520410542037
409,3.500903906933833,3.173587040871654,5.6383300325180254,3.2968790758387763,3.406944961401663,3.173587040871654,4.116549205704458,4.563006275569839
410,3.4820555204799613,3.179395201814266,5.883553260741775,3.374222507700454,3.486425161452066,3.179395201814266,3.9411380486621255,4.690620335070392
411,3.411417660448472,3.173587040871654,5.628718064387438,3.300637462542085,3.405737276019933,3.173587040871654,4.05661827088925,4.756180789504226
412,3.4226024797773205,3.179395201814266,5.73179654952375,3.3958057178414545,3.4272557096777025,3.179395201814266,4.090224304721921,4.456239185956077
413,3.4394821702210217,3.173587040871654,5.650257265640568,3.3290706205904974,3.5034949297774403,3.173587040871654,4.050351723014998,4.898443234205382
414,3.4908961439497714,3.179395201814266,5.49405455601691,3.358090539156117,3.559344896853644,3.179395201814266,4.194555899892417,4.5975897220032405
415,3.4242308129517363,3.173587040871654,5.924570074434615,3.27137846860176,3.4131830678339097,3.173587040871654,3.878569178992844,4.718430701410548
416,3.4454558209083848,3.179395201814266,5.8087505241146165,3.394143534837163,3.4756583286847094,3.179395201814266,4.012714625923652,4.470148299780124
417,3.5112242795168283,3.173587040871654,5.576791616228989,3.3832550802551986,3.4892985887841004,3.173587040871654,4.015584637880068,4.787466548742076
418,3.4986683901265576,3.179395201814266,5.569761074769468,3.3678920453754717,3.5074196963233364,3.179395201814266,3.9973447901337296,4.839764418882751
419,3.388944413565111,3.173587040871654,5.733819136830525,3.303660683364468,3.4987964456185128,3.173587040871654,4.079719475839389,4.621629325568615
420,3.481710176925892,3.179395201814266,5.590517637845342,3.387540950464266,3.544373319199735,3.179395201814266,3.9823698298978862,4.772130478448615
421,3.3462700747356338,3.173587040871654,5.635677817575058,3.283984565465192,3.412511157411826,3.173587040871654,4.193428734514258,4.4918202595097485
422,3.546256428483768,3.179395201814266,5.368402982098751,3.376668214157783,3.343166608370957,3.179395201814266,4.328209406334647,4.688023760548028
423,3.3889461024835814,3.173587040871654,5.879306566087928,3.403043464786652,3.579208765961793,3.173587040871654,3.831454957063876,4.6117875149478005
424,3.4741459123025646,3.179395201814266,5.415393605626691,3.400150869111701,3.4231948462649058,3.179395201814266,3.9164899277726186,4.565222090721012
425,3.415934560161467,3.173587040871654,5.697354401651674,3.365190799244352,3.4646804849025536,3.173587040871654,4.084956354692265,4.7488281519707165
426,3.5219873895125224,3.179395201814266,5.5700300613333305,3.4010222760116333,3.4134599225491806,3.179395201814266,4.155341206192587,4.589312276734128
427,3.3365508080288886,3.173587040871654,5.582376355385265,3.273613570119774,3.46330828956836,3.173587040871654,3.892532925129181,4.850527355125824
428,3.416972098357973,3.179395201814266,5.46592462534464,3.313400857633892,3.394097473710812,3.179395201814266,3.885493785776571,4.571803160768659
429,3.357619150129981,3.173587040871654,5.741243701750933,3.301310205623663,3.4778811343362785,3.173587040871654,4.037080371702452,4.769756950501114
430,3.4667971969043894,3.179395201814266,5.409661677188054,3.3691635265762363,3.453882327246901,3.179395201814266,4.04045340118346,4.682541889686703
431,3.4101667686920707,3.173587040871654,5.7869945502139775,3.365501809873653,3.35983451776518,3.173587040871654,3.844654967446941,4.508955334820151
432,3.468774443483844,3.179395201814266,5.619809837110871,3.298253172025159,3.544271344712977,3.179395201814266,4.012934812770681,4.531224704391078
433,3.4948476265616466,3.173587040871654,5.543597212611971,3.366977246696327,3.418193778387826,3.173587040871654,3.863547323801836,4.72557629402577
434,3.5142783408784304,3.179395201814266,5.536219239667636,3.394710447102245,3.502667378910149,3.179395201814266,3.882923167647412,4.706612126177459
435,3.392792651068082,3.173587040871654,5.580333920739079,3.361817839701114,3.4462233746376314,3.173587040871654,4.091379012086385,4.507737700440026
436,3.448709934331689,3.179395201814266,5.818082815045265,3.273351019501234,3.572899309303851,3.179395201814266,4.132956757090281,4.49141852558007
437,3.4177014076678693,3.173587040871654,5.29712167366787,3.400757734009905,3.3916223819210627,3.173587040871654,3.7781734665710816,4.759845022774419
438,3.453173046059031,3.179395201814266,5.433849201186886,3.3678586037905034,3.531875569834422,3.179395201814266,3.995487990165784,4.592124275556392
439,3.325309134916319,3.173587040871654,5.653428004029803,3.29696565058892,3.3682357654378494,3.173587040871654,3.853631584505202,4.667010414127951
440,3.3546740830839736,3.179395201814266,5.6261153716082175,3.319410993219761,3.493744142371489,3.179395201814266,4.029351081818965,4.56320063172625
441,3.428513168491441,3.173587040871654,5.448317992713012,3.3585580274234696,3.5220525169927783,3.173587040871654,3.803271491746684,4.603357890962512
442,3.390207694442973,3.179395201814266,5.6197358610972445,3.433378204019614,3.455815493591233,3.179395201814266,3.933192841252955,4.635166363988867
443,3.3836441601108227,3.173587040871654,5.4101237067239705,3.296931566989227,3.383187501221824,3.173587040871654,3.848632217839941,4.460432127852485
444,3.4296242424134307,3.179395201814266,5.536481928357622,3.331522460528634,3.47567352348976,3.179395201814266,4.1390594211368965,4.76885352699448
445,3.4341294180385065,3.173587040871654,5.453226607856385,3.2966643232015302,3.293818163484884,3.173587040871654,3.713979322893512,4.4502706554188345
446,3.39656202636302,3.179395201814266,5.474949401133401,3.3562673675095605,3.4500530542500325,3.179395201814266,4.002994322552481,4.649535601687488
447,3.537207987790621,3.173587040871654,5.387047886050716,3.3087588682803606,3.3963096626948324,3.173587040871654,3.799410953272476,4.544575675575773
448,3.395148699578049,3.179395201814266,5.514471732984912,3.395337889077015,3.5589852098407664,3.179395201814266,3.731183580604032,4.42290296534723
449,3.4981606923905164,3.173587040871654,5.353068074396053,3.285796050240521,3.3337557196317134,3.173587040871654,3.9013945180357896,4.713628607824115
450,3.463371238591202,3.179395201814266,5.614411330835703,3.349403131776689,3.348835584526835,3.179395201814266,3.836906728604245,4.617775388880313
451,3.4199049856186896,3.173587040871654,5.398661693254093,3.3944454648744364,3.415540302031257,3.173587040871654,3.934350017812548,4.560310809614368
452,3.4394974623379344,3.179395201814266,5.442253221032508,3.341587797365841,3.435762785897712,3.179395201814266,3.9927525969076703,4.562977871489094
453,3.3494481868109345,3.173587040871654,5.479533583430828,3.365131410167613,3.4356749129699486,3.173587040871654,3.856372412213568,4.4783501473196266
454,3.347800299822314,3.179395201814266,5.519243263194576,3.4110017133342665,3.3194278526229515,3.179395201814266,3.9066370281542095,4.463006461992598
455,3.4383168325966693,3.173587040871654,5.397159640172335,3.3049554859369725,3.502023294038604,3.173587040871654,3.867451941676649,4.668548361645932
456,3.414346143419551,3.179395201814266,5.290570624616054,3.3444315258498176,3.4463338044232468,3.179395201814266,4.115493706852996,4.482348535244292
457,3.3971280337718555,3.173587040871654,5.609050529105311,3.3058308169494275,3.5021092797339146,3.173587040871654,3.6011757832232947,4.581771417598796
458,3.4775096041818845,3.179395201814266,5.221707397405254,3.3651568843480075,3.496346994741676,3.179395201814266,3.850186260436671,4.728720102789719
459,3.3197755882834112,3.173587040871654,5.4452735508216055,3.3279713985227097,3.3469541004506365,3.173587040871654,3.781405459839784,4.4798558650591165
460,3.325556377658188,3.179395201814266,5.576404669161555,3.3834598197426184,3.324984889625512,3.179395201814266,3.866689128425695,4.533348714135951
461,3.413821796071945,3.173587040871654,5.268136254459286,3.3502113408958705,3.554446428261436,3.173587040871654,3.73798044918245,4.515545735808685
462,3.32613927130992,3.179395201814266,5.541533595355509,3.3696516324511205,3.476650133888431,3.179395201814266,3.691134674191575,4.461523249143566
463,3.439243727666125,3.173587040871654,5.236522796212243,3.25835937120931,3.476080337617278,3.173587040871654,3.864409218295903,4.754193107718099
464,3.41242248535438,3.179395201814266,5.496942024832441,3.332867373589833,3.444016672903444,3.179395201814266,3.8682030423789167,4.482250945176456
465,3.4019853663546376,3.173587040871654,5.28817520473538,3.3515288143583004,3.3598012553109267,3.173587040871654,3.702970059329446,4.470761032383448
466,3.469344551206196,3.179395201814266,5.343262475983389,3.336843541762776,3.371488821453315,3.179395201814266,3.696037765231075,4.70719700231664
467,3.375975360565449,3.173587040871654,5.339669193503214,3.309538273815425,3.375578952112764,3.173587040871654,3.844189049254661,4.36198432925374
468,3.346159012077337,3.179395201814266,5.308102484887511,3.394430874078031,3.442463336277964,3.179395201814266,3.754122863590377,4.525175866972063
469,3.4569507139328848,3.173587040871654,5.428256497118908,3.311057779410024,3.4745988084633272,3.173587040871654,3.872216577351794,4.537425056741276
470,3.4065158926654995,3.179395201814266,5.394776803078927,3.342406578283687,3.4668585390245403,3.179395201814266,3.6765202696266175,4.4549916073337394
471,3.4477553557801226,3.173587040871654,5.374855313627089,3.290448601463892,3.438570834546069,3.173587040871654,3.9115598488624,4.587350161676238
472,3.4482362003646365,3.179395201814266,5.361084763357091,3.354419059969368,3.341629852913882,3.179395201814266,3.827934097336839,4.760078662518831
473,3.328297019082644,3.173587040871654,5.200092077259104,3.381165095283801,3.4441770086663865,3.173587040871654,3.713213340199234,4.362445695460995
474,3.4023340040552026,3.179395201814266,5.328833380258955,3.399114591307638,3.382365872980308,3.179395201814266,3.768123470934324,4.643208640791815
475,3.398646057178255,3.173587040871654,5.419789187907103,3.245403651430113,3.4046238087415115,3.173587040871654,3.825608776421688,4.349323701258546
476,3.433925823521486,3.179395201814266,5.281789451551928,3.3365617100978664,3.3877231633276748,3.179395201814266,3.685869560922742,4.530924295285576
477,3.366473318658687,3.173587040871654,5.446841685521908,3.3280299894672054,3.3624987180904378,3.173587040871654,3.908110023522922,4.473366166553031
478,3.468697641237511,3.179395201814266,5.3618366357097305,3.397579921279817,3.280806314541337,3.179395201814266,3.74610039660568,4.493673912909227
479,3.3694107679693936,3.173587040871654,5.465698994150631,3.3641016476980674,3.457121655797546,3.173587040871654,3.8549880918198896,4.637662357413909
480,3.425523027933035,3.179395201814266,5.465900566288825,3.371191741269567,3.4612893173033545,3.179395201814266,3.86243263013356,4.499271104073932
481,3.380492075030716,3.173587040871654,5.230040853669456,3.31002378932081,3.280049891485598,3.173587040871654,3.764912918021172,4.400842619908731
482,3.4148498778246403,3.179395201814266,5.453133481891668,3.3700175919982347,3.447802375092433,3.179395201814266,3.887251033206786,4.633937941060874
483,3.3729944290023823,3.173587040871654,5.209169199187328,3.303405993763836,3.3916008513741027,3.173587040871654,3.680015050580902,4.389579906425383
484,3.4412288359562666,3.179395201814266,5.4207467128113445,3.3586497769865966,3.469591236781412,3.179395201814266,3.9546793875220088,4.695479740167556
485,3.401475046655108,3.173587040871654,5.201610598142919,3.315413364183718,3.288584313090999,3.173587040871654,3.6512190525799095,4.419722733300236
486,3.479592916077368,3.179395201814266,5.217809457855703,3.4053054832435548,3.3343426053941765,3.179395201814266,3.838229658027376,4.401040198761821
487,3.3836573350345183,3.173587040871654,5.347089901286115,3.311380371473013,3.358327159482495,3.173587040871654,3.769942161896956,4.445498975355164
488,3.4020452717867045,3.179395201814266,5.356302854473545,3.2903419128217006,3.3205283871168385,3.179395201814266,3.6951703665456286,4.536867198569616
489,3.352076223646707,3.173587040871654,5.294097209962636,3.3297913159031887,3.408628125442191,3.173587040871654,3.7893395377761103,4.460942913291749
490,3.395466928227045,3.179395201814266,5.051577700982106,3.380652644345521,3.362379737652681,3.179395201814266,3.733865277979039,4.433658415705977
491,3.3336909078477928,3.173587040871654,5.58135057015318,3.355360877159148,3.379317104313364,3.173587040871654,3.732075936283207,4.482136042975861
492,3.3872709371924885,3.179395201814266,5.362949581582187,3.392189994265091,3.478146675163908,3.179395201814266,3.5854243560474246,4.628594350421594
493,3.383347330391511,3.173587040871654,5.145629949167372,3.33336839646094,3.4250094663925474,3.173587040871654,3.854702592756695,4.339559337032719
494,3.435466197545125,3.179395201814266,5.113893749252142,3.353328026307416,3.386323492904169,3.179395201814266,3.681067836447436,4.447558012631471
495,3.360282599465981,3.173587040871654,5.342495608237636,3.290245115149625,3.380112061958408,3.173587040871654,3.7507603044631423,4.443149585240677
496,3.388221322088905,3.179395201814266,5.1420140934008405,3.37391259398398,3.333536491569749,3.179395201814266,3.978291095596836,4.512894626812709
497,3.391696404475445,3.173587040871654,5.301424148781996,3.3194661178772806,3.4253518867794965,3.173587040871654,3.6140518062065263,4.412729437138193
498,3.4179738163347197,3.179395201814266,5.274441852240164,3.3785177314641146,3.3907833977072825,3.179395201814266,3.603088118395745,4.633568858022513
499,3.3343331320125804,3.173587040871654,5.170428047620603,3.337696494021681,3.3460208616101386,3.173587040871654,3.85049183183118,4.273762117071321
500,3.41788195778532,3.179395201814266,5.338807650177276,3.379882621101818,3.406804735597549,3.179395201814266,3.6369886265456586,4.349906005048276
501,3.3537541042246346,3.173587040871654,5.2162671012776025,3.38501195123665,3.356722402246496,3.173587040871654,3.803290458200987,4.5575773399981445
502,3.3722942153917104,3.179395201814266,5.294348232999718,3.3518870489836803,3.426439158380908,3.179395201814266,3.766815767826698,4.482774889260906
503,3.384655337658443,3.173587040871654,5.083837464761736,3.3059933873296385,3.35780171718045,3.173587040871654,3.6481055805667,4.401569534507835
504,3.440381241889351,3.179395201814266,5.145472165274296,3.3439040784032965,3.3764341394040027,3.179395201814266,3.717113893442247,4.4192638309042165
505,3.35052584495025,3.173587040871654,5.181285611106465,3.348289140352403,3.458356282945534,3.173587040871654,3.648129857393127,4.486292313928654
506,3.4686839441239647,3.179395201814266,5.1471243232391775,3.383938922085268,3.423841364642317,3.179395201814266,3.611295401748559,4.458294569369302
507,3.356779514009632,3.173587040871654,5.292836643406371,3.3165483194688488,3.3782252511376045,3.173587040871654,3.7697265854245217,4.607315863691311
508,3.2777509409975303,3.179395201814266,5.260232123127674,3.4221171531360537,3.3883728288458217,3.179395201814266,3.8000644150363514,4.55935274128156
509,3.4364833174482463,3.173587040871654,5.143448133831069,3.3307565498953946,3.391419967251473,3.173587040871654,3.580096652655029,4.357986842164959
510,3.35797810418778,3.179395201814266,5.306354334733373,3.3455438092308687,3.264702333634237,3.179395201814266,3.679694757157349,4.481066907509216
511,3.393893111628293,3.173587040871654,5.121915598555321,3.3035833467066293,3.511176408985333,3.173587040871654,3.6834862577918455,4.400314201455417
512,3.3921551550279414,3.179395201814266,5.231222970739673,3.338171835627012,3.393634981815272,3.179395201814266,3.720791970674629,4.384290993415058
513,3.393320622713732,3.173587040871654,5.217002590448871,3.330494932268301,3.3611393099201634,3.173587040871654,3.752859113659217,4.594313469901534
514,3.331668848081414,3.179395201814266,5.078598792825855,3.334756101091497,3.459727927146015,3.179395201814266,3.621226461156438,4.485566072469433
515,3.447686883886683,3.173587040871654,5.327715714732704,3.284584460517261,3.3961752426505303,3.173587040871654,3.793327111737812,4.506783156141101
516,3.431488852471158,3.179395201814266,5.143181332392239,3.347176312171447,3.3754392431221683,3.179395201814266,3.7631912316926,4.591876697243243
517,3.2892768211182672,3.173587040871654,5.241987873850827,3.37745488492982,3.496017351020273,3.173587040871654,3.591966391037111,4.2219825743147705
518,3.408685884051346,3.179395201814266,5.229256298076453,3.346373798908653,3.3643667418660725,3.179395201814266,3.655392827181327,4.435186045421857
519,3.323627587149104,3.173587040871654,5.09881229146658,3.3458536604931246,3.389385906455469,3.173587040871654,3.735493495969525,4.371656379134875
520,3.4452151960788324,3.179395201814266,5.113446336604116,3.4025955758813646,3.40734123764071,3.179395201814266,3.619419135975373,4.370817314048546
521,3.354211314089652,3.173587040871654,5.310110937343199,3.2951728833967406,3.3782803406411306,3.173587040871654,3.737798039360893,4.500856316962188
522,3.4452163308702377,3.179395201814266,5.203264233730286,3.2785588727477664,3.387711572844444,3.179395201814266,3.6756955875423447,4.444187858120368
523,3.2991659235526147,3.173587040871654,5.216011880732807,3.357641338208396,3.2732523614799667,3.173587040871654,3.7163219464901966,4.49379380869265
524,3.3599986339620624,3.179395201814266,5.197029641632709,3.334393705874928,3.2752088068927536,3.179395201814266,3.800754087020481,4.335378206925674
525,3.3479179505212,3.173587040871654,5.29502505345336,3.353632875590788,3.334744787399395,3.173587040871654,3.5519266658004014,4.521783217765094
526,3.3723230098797194,3.179395201814266,5.274563232715503,3.33805480400914,3.323339938230253,3.179395201814266,3.7784677698873352,4.537499591221826
527,3.4160524629569338,3.173587040871654,5.132735879782834,3.3578329681042933,3.4802595972288404,3.173587040871654,3.5864710795316204,4.392675379224947
528,3.3351113859789936,3.179395201814266,5.126859857457871,3.3059622889872884,3.329884906906728,3.179395201814266,3.5272562212652767,4.552515472821093
529,3.3614024330655856,3.173587040871654,5.288320689894607,3.3322935961614157,3.412577679783646,3.173587040871654,3.835179640885497,4.296703190923619
530,3.4097502031520315,3.179395201814266,5.190859536597461,3.3497807601004927,3.3669975206028164,3.179395201814266,3.631800471825795,4.449345454054673
531,3.3365950486877147,3.173587040871654,5.233860995389269,3.3279351070804006,3.3452253592298,3.173587040871654,3.673476525559782,4.346770381798391
532,3.310139043000257,3.179395201814266,5.26308716975845,3.335080249636964,3.412030759181356,3.179395201814266,3.585298690372452,4.526725501611144
533,3.3431189779680346,3.173587040871654,5.12657353265065,3.2727033445846847,3.3802020159594317,3.173587040871654,3.602221718308208,4.352772890849423
534,3.351789959814654,3.179395201814266,5.145092226025012,3.343186627682118,3.339699582136725,3.179395201814266,3.578985038859165,4.286430959935958
535,3.3956647165720533,3.173587040871654,5.265779191231969,3.272013288593642,3.323090332359012,3.173587040871654,3.646131634002073,4.513335120632391
536,3.385921408080897,3.179395201814266,5.199140818853871,3.3087290945112,3.409874164484424,3.179395201814266,3.807998255612386,4.357957938796378
537,3.365531999932728,3.173587040871654,5.147643917729568,3.3222026455339515,3.266112172302927,3.173587040871654,3.542819592038698,4.391747143331763
538,3.359442818811148,3.179395201814266,5.1141499987267,3.353762466075269,3.4071815326313653,3.179395201814266,3.683364842996608,4.361553361823482
539,3.342693787325995,3.173587040871654,5.3297762801223385,3.302573752786991,3.3091116288804208,3.173587040871654,3.61761356247614,4.490321850956199
540,3.399473764608858,3.179395201814266,5.061896975826011,3.323455303821705,3.302874166883836,3.179395201814266,3.7876708578298026,4.5094525656214905
541,3.378742210928704,3.173587040871654,5.346548194237836,3.2828374365673176,3.3048619417799783,3.173587040871654,3.506801642348731,4.282326304996201
542,3.3410455297729253,3.179395201814266,5.189237834290032,3.3533490591704136,3.438840368452563,3.179395201814266,3.834036522434118,4.442314641923656
543,3.3650866481175776,3.173587040871654,5.047763524596041,3.300755437807349,3.3786973785362444,3.173587040871654,3.5008597970158486,4.284278943191168
544,3.4082947943460624,3.179395201814266,5.1383395242255006,3.300526870328444,3.393587862664412,3.179395201814266,3.634225493447581,4.542241600334442
545,3.3621896433054164,3.173587040871654,5.2080442168247245,3.344902388988372,3.3491070452641547,3.173587040871654,3.6278846689481177,4.346280473140218
546,3.4268728281917205,3.179395201814266,5.122380522340572,3.3146047309979787,3.371243484826417,3.179395201814266,3.5657868375062765,4.5305369123271735
547,3.24789862367778,3.173587040871654,5.172544648167119,3.315538705683968,3.364333034723546,3.173587040871654,3.631999066726152,4.392451536950185
548,3.4060395795223544,3.179395201814266,5.125765191826922,3.3602486037669044,3.393383713703748,3.179395201814266,3.666671894891097,4.467156387377701
549,3.309430456245188,3.173587040871654,5.077455253140547,3.282301655277317,3.3142636004856616,3.173587040871654,3.656373465699697,4.379643442744744
550,3.2320367453657,3.179100010176905,4.897709103234035,3.146053756259229,3.195549375402972,3.179100010176905,3.338036075065244,4.245277486971987
