,values_0a_su2,values_0b_su2,values_0c_su2,values_0d_su2,values_1a_su2,values_1b_su2,values_1c_su2,values_1d_su2
0,14.750779450524345,3.447750025442271,14.288538110359335,10.591750985019408,14.53213705274814,3.447750025442271,15.672286039026991,13.18602695052864
1,16.128913873868196,3.447750025442271,14.34922265359152,10.448449819631204,15.485125598614658,3.447750025442271,16.264204386096768,12.772525829039505
2,15.319049941081525,3.447750025442271,15.003267055148925,11.076336375269117,15.072776692560645,3.447750025442271,16.5203913219339,12.153788779314365
3,14.985677165044235,3.447750025442271,15.062031566999844,10.653700855217124,15.547858325825747,3.447750025442271,14.474095049614087,12.159995301141322
4,14.011502024203208,3.447750025442271,14.594043187162852,11.476471666235494,14.676738674296331,3.447750025442271,14.582644235196906,11.182700632729867
5,14.017139876993754,3.447750025442271,13.903065153684429,10.494524402491564,15.336125849523155,3.447750025442271,14.597331151236297,11.259117316227051
6,13.956192985977165,3.447750025442271,13.926406629606053,10.465705375748975,14.918672655767624,3.447750025442271,14.292980703960806,10.84610593167803
7,12.584393272325118,3.447750025442271,13.923363739817816,9.582083651543314,14.24478188609524,3.447750025442271,14.314644770812357,11.269263785904348
8,11.808009821066376,3.447750025442271,13.863275910171414,10.020513271995837,14.974088410742214,3.447750025442271,13.458984203603501,11.642854822600246
9,11.836569533253641,3.447750025442271,13.821878408931523,10.31960999353241,14.750183845828106,3.447750025442271,13.605601215533227,11.529478054259355
10,11.430718335270479,3.447750025442271,13.469064455590434,10.120201026569237,15.235103971163445,3.447750025442271,12.92474550228943,12.443906016493052
11,10.389259094380034,3.447750025442271,13.138833761427213,10.079468492779641,14.009126270339538,3.447750025442271,12.887765019130725,10.952080407064951
12,11.534938356525458,3.447750025442271,13.10620637383236,9.568820465819757,12.8723735126373,3.447750025442271,12.511322661728961,10.664341699518516
13,10.194246328637398,3.447750025442271,13.29463222707949,9.391287737871217,12.333090788540535,3.447750025442271,12.579791130057625,10.2236088534395
14,10.61925085433833,3.447750025442271,13.652995523751855,9.446993011535728,12.194165497344214,3.447750025442271,12.425536517075436,10.373313039132507
15,10.035577029823964,3.447750025442271,14.571348297292932,9.364475076769512,12.322802755540675,3.447750025442271,12.603959933586765,10.785634113270207
16,9.738020543435875,3.447750025442271,14.096380763675818,9.350263818973106,12.405322905390767,3.447750025442271,12.434620839692887,11.365457377811271
17,10.17976739227993,3.447750025442271,13.613708237701413,9.388873808059198,11.80208935369574,3.447750025442271,12.503965845906507,10.252039790413198
18,9.981278893434364,3.447750025442271,13.196734133487865,9.395817068932084,11.694433597964169,3.447750025442271,12.518546175501585,9.388333413243931
19,9.457073097344058,3.447750025442271,12.949603968836684,9.658815560395954,11.714706629461379,3.447750025442271,12.709545409654547,9.695703774839947
20,10.49009448764865,3.447750025442271,13.116214189962369,9.288354476153659,13.229849385892235,3.447750025442271,12.710694971731577,9.687925170431997
21,9.484142819106646,3.447750025442271,12.883738196183787,9.874303953291026,11.991181584172477,3.447750025442271,12.585152305686524,9.647257158199688
22,9.467632723710485,3.447750025442271,13.481465731126471,9.63699188232931,11.566424782111502,3.447750025442271,12.542856177426305,9.666128512960837
23,9.710080614165609,3.447750025442271,12.660200158377465,9.339328451944093,11.56012561479117,3.447750025442271,12.720338622673326,9.767826502274893
24,10.083942718024755,3.447750025442271,12.990877771273484,9.796857805017167,10.839813521481645,3.447750025442271,13.451634373715644,9.597506165412454
25,7.928589251051623,3.447750025442271,13.108723414154701,8.14296877130626,9.841626659312174,3.447750025442271,12.520222716395491,8.498790382709045
26,7.353761482768291,3.447750025442271,13.316814316460638,8.787819988079743,10.247702693694919,3.447750025442271,12.78368528188758,8.244228853123232
27,8.597257432041607,3.447750025442271,12.945197211951932,8.734518346734383,9.389852769004815,3.447750025442271,12.494742922614803,8.691502752553063
28,7.645312117531328,3.447750025442271,13.208576942582924,7.6509381441322315,10.16886556335878,3.447750025442271,12.401379169339942,8.459951978342458
29,8.098522528724168,3.447750025442271,12.799607228508494,9.160681842723182,9.296451112012708,3.447750025442271,12.054013428676042,9.010974446681224
30,7.7546117303757995,3.447750025442271,13.022025436684887,8.136094552771024,9.6256753213615,3.447750025442271,11.550201392826454,7.8015765502047
31,6.280709771286013,3.447750025442271,12.767404830376389,7.819340438826503,9.425771512449758,3.447750025442271,11.279790959309233,8.366585581729009
32,6.54537044034609,3.447750025442271,12.918185144104086,8.065171326721385,9.651888071176511,3.447750025442271,12.46461885472939,7.722261002429045
33,6.821863563936781,3.447750025442271,12.914127570347377,7.455212514740553,9.056266379519931,3.447750025442271,11.520833573462715,8.009483860746181
34,6.117845025605123,3.447750025442271,13.429361871324124,7.471418314179241,9.131898260752166,3.447750025442271,10.444956197553223,7.3857894655999905
35,6.16820122669101,3.447750025442271,12.67336240935801,6.9445223916779595,9.304946408644353,3.447750025442271,10.42178194255104,7.74441611044301
36,5.933414860757533,3.447750025442271,12.816382988466282,6.5537784100213345,9.1166660288401,3.447750025442271,9.47545354489519,7.285343324401957
37,6.213918743024315,3.447750025442271,12.716774530685166,6.527792413509879,8.634691526189913,3.447750025442271,9.412894427384702,6.878508527802506
38,7.187324070732806,3.447750025442271,12.754324255335892,7.060869783928087,7.909366811756227,3.447750025442271,9.375982506040737,6.998814381450148
39,6.045262826167887,3.447750025442271,12.749375667285278,6.592306004107732,8.278048030967915,3.447750025442271,9.368258808924915,6.9074993878795095
40,6.435266783859491,3.447750025442271,12.913681662964125,6.41771300363015,8.252374389399005,3.447750025442271,9.449433539175535,7.31268364185589
41,6.217301375143364,3.447750025442271,12.85132339002268,6.950486011580992,8.556824036642686,3.447750025442271,9.45749434611822,7.059765310690419
42,6.335376640188769,3.447750025442271,12.704819677866547,6.677979518991051,8.323653970881864,3.447750025442271,9.632645804017718,6.921820083614687
43,6.439112969720159,3.447750025442271,12.906155021503832,7.011839926467144,7.909374187188254,3.447750025442271,9.558745047213403,6.833035840473988
44,5.894812256359518,3.447750025442271,13.009029790241236,6.692949136845207,8.109213916876103,3.447750025442271,9.275778356470644,7.029286424079447
45,5.8102584431756314,3.447750025442271,12.75392385072122,7.429642133682283,7.4339783178022465,3.447750025442271,9.207555100672797,7.081163679697423
46,6.09264176845179,3.447750025442271,12.888097389423207,7.179546916588072,7.680647134870081,3.447750025442271,9.224834375668689,7.040212703610817
47,6.094224566665409,3.447750025442271,12.759395542365267,5.909861211514055,8.257777965526673,3.447750025442271,9.350176341460896,6.210992269276609
48,6.2910099364578524,3.447750025442271,12.968134793942948,6.062053327682677,7.339118396986396,3.447750025442271,8.816967836509413,6.385695775236296
49,6.330671331141217,3.447750025442271,11.278280656678563,6.130681502639427,7.357718920150518,3.447750025442271,7.252078619576453,6.35155423974968
50,6.060704838148655,3.447750025442271,11.502186857462789,6.43322865565024,7.651636107836533,3.447750025442271,8.27306687679002,6.183658824030438
51,6.382879602144297,3.447750025442271,11.388013561470917,5.61265150562469,7.778296070913046,3.447750025442271,7.476055241843489,6.300887381138188
52,5.917571984611626,3.447750025442271,11.30398780513908,5.718261458219104,7.331423831830052,3.447750025442271,7.894120450189228,5.771363198981208
53,6.02304893710869,3.447750025442271,11.040204315671248,5.02232266727268,7.460518386126077,3.447750025442271,7.721773052385855,5.544041481974884
54,6.299650608681426,3.447750025442271,11.861763952940953,5.48438547559009,7.795892344144947,3.447750025442271,7.249701872017005,5.257595341259354
55,6.12933243347373,3.447750025442271,11.070559460412335,4.871827433437132,7.271133710986112,3.447750025442271,7.384099761751194,6.3343629978168865
56,6.378066635426535,3.447750025442271,11.941786066780315,4.83775018349452,7.746825313798763,3.447750025442271,8.348989963109695,5.293870303686006
57,6.533391390601843,3.447750025442271,11.186744894332735,5.3918772429598425,7.644129852700965,3.447750025442271,7.262178105273964,6.098302444272437
58,6.230626969355987,3.447750025442271,11.5150918453805,5.0431939509801,7.458255117810826,3.447750025442271,6.572540080903149,5.417681989667441
59,5.939569599574493,3.447750025442271,11.31138077318729,5.184588711525505,8.2070446457571,3.447750025442271,6.857243769243834,4.568795275390007
60,6.226043984948604,3.447750025442271,11.532466509374737,5.068578611406107,7.65848726598297,3.447750025442271,7.031675821340244,4.637326749525944
61,6.092914216177354,3.447750025442271,11.172775759825845,5.065129989411102,6.2922003741726495,3.447750025442271,6.674629550653083,5.156841287990407
62,6.008733869429836,3.447750025442271,11.036071787262868,6.04223146204487,6.304911750207372,3.447750025442271,6.46154641731576,4.755219421698908
63,5.730559591276351,3.447750025442271,11.03665211155124,4.738582521222206,6.419747434387732,3.447750025442271,6.497717059215751,4.835739648369051
64,5.7016111153613505,3.447750025442271,11.42387479547752,5.667027973952157,7.088512794119331,3.447750025442271,7.061987986227226,4.738673109102739
65,5.7058750886067955,3.447750025442271,11.084681973094611,5.0878874099809765,6.788609224730408,3.447750025442271,6.3334903416154,5.384364269186998
66,5.764020612736783,3.447750025442271,12.11535729426799,5.201724961322039,6.224834554028959,3.447750025442271,6.018167405111585,4.732601527932302
67,5.945554506912188,3.447750025442271,11.04485020059161,5.424188190793456,6.274729263318008,3.447750025442271,6.003924555482504,4.635465038625727
68,5.727578828611507,3.447750025442271,11.309761535142442,4.707236081797789,6.2791175925523754,3.447750025442271,6.020324053391578,4.966877558510848
69,5.62168097902258,3.447750025442271,11.23257103627924,4.78584408255901,6.099330191000809,3.447750025442271,6.124495472334177,4.7990899350474026
70,5.584361703726599,3.447750025442271,11.55339123996901,5.191572564296539,6.481821971710354,3.447750025442271,6.162128939161332,4.7326123208298325
71,5.412962022678917,3.447750025442271,11.002939148899983,4.638394599553171,6.305708325332187,3.447750025442271,6.085828281422624,4.784398035842524
72,5.446471124744001,3.447750025442271,10.976732725114633,4.814269756678203,6.148005252051758,3.447750025442271,6.290155789078735,5.099116259943187
73,5.351104152503546,3.447750025442271,10.857881581285742,4.69985425633615,6.050729936998401,3.447750025442271,6.0015344465816325,5.092747427383657
74,5.449104109689898,3.447750025442271,10.355736725792289,5.1679302205576585,6.254031099205069,3.447750025442271,6.0197866115660466,4.537577522312206
75,4.949768143818183,3.447750025442271,10.568379202117935,4.757222590224486,6.1864262932310545,3.447750025442271,6.009986627651018,4.550565254875161
76,5.061766960414661,3.447750025442271,10.621714666867963,5.159569815742396,6.150238604414645,3.447750025442271,6.082428329265687,4.391314345699606
77,4.847783026586362,3.447750025442271,10.494199979463643,4.879871038837128,5.85107599607819,3.447750025442271,5.791563678069611,4.435717212769394
78,4.907391571219626,3.447750025442271,10.705058715111361,4.765001379958363,6.0338871666313665,3.447750025442271,6.296686451502288,4.33547103785157
79,4.826134082194732,3.447750025442271,10.307602279307224,4.982122748585045,6.382062448277664,3.447750025442271,5.9010337770876085,4.497340143311902
80,4.940326940337408,3.447750025442271,10.559317148944869,5.281717198885424,5.59574480927528,3.447750025442271,5.3236720303599165,4.405525012349122
81,4.710191253687018,3.447750025442271,10.318598050141016,4.631702652055132,5.632589119543504,3.447750025442271,5.325036334998195,4.271563109395409
82,4.950739255158347,3.447750025442271,10.35849505415572,4.8285713185465795,6.107306075887287,3.447750025442271,4.808824389412944,4.37916858407633
83,4.903128643140319,3.447750025442271,10.357935234903161,4.995709658538859,5.278812654503318,3.447750025442271,4.860155276332572,4.381688735873435
84,4.749089746636258,3.447750025442271,10.325269011934276,4.400070616782495,5.863007264391041,3.447750025442271,5.371295431466714,4.2876886800700165
85,4.784170193134779,3.447750025442271,10.437009153844501,4.65498224175939,5.509825370401377,3.447750025442271,4.813460200455609,4.365487137185089
86,4.7360946208755355,3.447750025442271,10.193100564530427,4.418814054790487,5.981835169620671,3.447750025442271,5.5103017912751,4.14801130431517
87,4.797742581315513,3.447750025442271,10.322979404707613,4.950421540915418,5.681616940793307,3.447750025442271,4.810880157825081,4.302114150329272
88,4.857402953056841,3.447750025442271,10.11244484355802,4.240193835414675,5.449264576276875,3.447750025442271,4.7598737026915385,4.02034132024163
89,4.859627149793469,3.447750025442271,10.08056644004113,4.525902677290479,5.334194349782134,3.447750025442271,4.751308195604194,4.205491784599345
90,5.249879546264601,3.447750025442271,10.056087847006193,4.3653333028340215,5.918775767063661,3.447750025442271,4.946240688352483,3.9639114098954606
91,4.86398413865933,3.447750025442271,10.037150242125113,4.707656003348722,5.413809478721928,3.447750025442271,4.773832619142095,4.134257883782909
92,4.672976198357192,3.447750025442271,10.103154648357044,4.628147075691101,5.998946195195971,3.447750025442271,4.800756030162207,4.051416332319204
93,4.623532670792101,3.447750025442271,10.118589042208114,4.511940020109663,5.345599869130699,3.447750025442271,4.95041920391995,4.078363542379024
94,4.703530700880941,3.447750025442271,10.042575830321828,4.431646568176556,5.808506570412985,3.447750025442271,4.850202438761826,3.9445834763808736
95,4.664036473904685,3.447750025442271,10.204810657980543,4.4618542569788655,5.289552935642119,3.447750025442271,4.824498190819239,3.9320181606089055
96,4.814697017218684,3.447750025442271,9.934654226851753,4.40329866279455,5.127262837880866,3.447750025442271,4.802764486902875,4.249428613700492
97,4.665011412329418,3.447750025442271,10.015614549677016,4.492844705818328,5.337340699860959,3.447750025442271,4.903923892121058,4.225876984929443
98,4.828325542738756,3.447750025442271,10.598646095842252,4.323451592561827,5.188138633848071,3.447750025442271,5.650126123264151,4.001190281459129
99,4.910032944648147,3.447750025442271,10.203325251439916,4.139686002798874,5.547892283256443,3.447750025442271,5.231891932132289,4.121748330596715
100,4.604891873479014,3.447750025442271,10.931019769368781,4.180295735316337,5.177393651429189,3.447750025442271,4.719214701628474,4.020835032119913
101,4.577089034315105,3.447750025442271,10.333886242131502,4.055320143629477,5.5148690091806705,3.447750025442271,4.852978837059636,4.026539210090411
102,4.557132800042814,3.447750025442271,9.508533136690142,4.32254974042847,5.200615543447089,3.447750025442271,4.631827039520569,4.128066284741023
103,4.34904428609618,3.447750025442271,10.048525118569914,4.063117836788289,5.266679902031184,3.447750025442271,4.663936300184423,4.098213305573253
104,4.595472565817473,3.447750025442271,9.837817574703609,4.122252206565171,5.21713604414693,3.447750025442271,4.907236243695979,3.9805830189588236
105,4.386642230859385,3.447750025442271,9.507032590465853,4.080714264722383,5.414008564523766,3.447750025442271,4.6857192009001825,4.184525907124579
106,4.468912313201338,3.447750025442271,10.20345976620036,3.9502042430988333,5.171180417465866,3.447750025442271,5.572810887680154,4.061289693245815
107,4.375510534546388,3.447750025442271,9.450371813774028,3.881295483215433,4.925903450299748,3.447750025442271,4.69631994996424,4.220533702946132
108,4.466106847888633,3.447750025442271,9.527903896162018,3.959507564864983,5.016813936575079,3.447750025442271,4.775273248067016,4.018515167182618
109,4.401759842408467,3.447750025442271,9.746639228729624,4.239760398201574,4.949472413523935,3.447750025442271,4.662123954929612,3.977222215096826
110,4.620674510407876,3.447750025442271,9.753710349966129,3.9749027806995887,5.095350042872829,3.447750025442271,5.31979523771434,4.141841669048734
111,4.43402926281727,3.447750025442271,9.407438093502707,4.308782638330591,4.899562511716566,3.447750025442271,4.809696157236399,3.862108990791771
112,4.5352357093435876,3.447750025442271,9.4807585599919,4.09306825737831,5.007304685474614,3.447750025442271,5.127202556041123,4.060412325899772
113,4.329199880941396,3.447750025442271,9.290712533415919,4.026958398347202,4.75647846274014,3.447750025442271,4.595965373251902,3.9521707035092475
114,4.394631927112107,3.447750025442271,10.246053541021913,3.808832792390743,4.5603096307627276,3.447750025442271,4.573364045029819,3.9577779213122657
115,4.444305342278446,3.447750025442271,9.848075775573045,3.93646186277807,4.824216020317485,3.447750025442271,4.672122792458833,3.8581122944126354
116,4.391350702685994,3.447750025442271,9.630700597374195,3.8186718740284156,4.717521202472594,3.447750025442271,4.670180823069415,3.6920452826953443
117,4.259552223385892,3.447750025442271,9.7848707342971,4.071081766716614,4.9697721393128,3.447750025442271,4.575366677091049,3.7130285180103177
118,4.341574223412614,3.447750025442271,9.485320213047109,3.9289300899607036,4.5410713402201965,3.447750025442271,4.809397028670587,3.7872882448847327
119,4.433249742330441,3.447750025442271,9.485798975111257,4.0590073104172,4.5516586935338825,3.447750025442271,4.885478260941741,3.8636747071006665
120,4.299008405858244,3.447750025442271,9.874542798077295,3.9843726207324752,4.5563834907674705,3.447750025442271,5.286730924708846,3.7334526225608364
121,4.3855895632480255,3.447750025442271,9.565350225513486,4.059387296852461,4.488051741335735,3.447750025442271,4.564679413872517,3.797953136993146
122,4.535129677878252,3.447750025442271,9.64989702226211,3.962383912905269,4.496238332815973,3.447750025442271,4.6282674259715595,3.767731974680207
123,4.50650973230152,3.447750025442271,8.890781514103844,4.041461129603844,4.54636959139484,3.447750025442271,4.596225494395963,3.7160368600474634
124,4.348549475561816,3.447750025442271,9.371764899196274,4.0222574396247825,4.596483800769025,3.447750025442271,4.716078509461468,3.7201454497568043
125,4.3571445725744455,3.447750025442271,8.809282404880822,4.026483449506687,4.606569204561916,3.447750025442271,4.631999151930084,3.76827166342648
126,4.410449308020371,3.447750025442271,8.82064127971313,4.020485087451052,4.492077714200566,3.447750025442271,4.888321403099384,3.6573695542550593
127,4.362376734811349,3.447750025442271,8.917322725757604,3.963641472582464,4.629186256618425,3.447750025442271,4.773423673406513,3.7603659105391074
128,4.351639610829642,3.447750025442271,8.784749835822698,4.029831202748554,4.448229791436337,3.447750025442271,4.850830816899182,3.8546014441845196
129,4.495375508750386,3.447750025442271,8.780752683676996,3.8978563347437576,4.654889928136508,3.447750025442271,4.8867508283865755,3.8970764699224767
130,4.31699553400734,3.447750025442271,8.512439740599232,3.963689464439223,4.396828506140034,3.447750025442271,5.08175651934757,3.802855241245377
131,4.4464280507376195,3.447750025442271,8.516506929611433,4.037008329749955,4.499463637444418,3.447750025442271,4.681191283294234,3.687999081206622
132,4.363093632627523,3.447750025442271,8.459886256082275,4.10664265727035,4.576643189021108,3.447750025442271,5.127972528093459,3.8642867418860583
133,4.444752513741472,3.447750025442271,8.658988678875257,3.8701573729259104,4.57179577640362,3.447750025442271,4.85508218398404,3.8089641322305754
134,4.36103465827076,3.447750025442271,8.709252382116617,4.102877553072585,4.619336298188896,3.447750025442271,5.050740332883028,3.8660986584527834
135,4.3043079153325605,3.447750025442271,8.591863995422132,3.971500549918378,4.535498749367315,3.447750025442271,4.691025611519574,3.7727102793766134
136,4.409331865901958,3.447750025442271,8.774126661805573,3.8738428846121384,4.372638546358015,3.447750025442271,4.936610781438323,3.7725738309308734
137,4.522898954444249,3.447750025442271,8.510702024282269,3.926235091406603,4.50505963890868,3.447750025442271,4.684655442416791,3.7385058995872806
138,4.404962573967714,3.447750025442271,8.616174162356206,3.7744729154022645,4.299405289125187,3.447750025442271,4.59680682135302,3.8290731972509846
139,4.430574025930457,3.447750025442271,8.301473171347125,3.8565505838567686,4.545761772842564,3.447750025442271,4.545810365171733,3.63716901737612
140,4.362368767971379,3.447750025442271,8.547287915420206,3.860338977759313,4.41601993437861,3.447750025442271,4.645414469670358,3.8334499724379176
141,4.279626692029573,3.447750025442271,8.425615359704983,3.8701451750127527,4.656257310881605,3.447750025442271,4.675456630317456,3.7593747409705864
142,4.4811728427205155,3.447750025442271,8.707360908720547,3.8238226497473713,4.667516774135417,3.447750025442271,4.785885335094986,3.842816463497608
143,4.31027213757705,3.447750025442271,8.441071653869692,3.906522494982437,4.426981756526568,3.447750025442271,4.543208815007993,3.8268670892227434
144,4.324973829586883,3.447750025442271,8.651528711139848,3.8807167123538227,4.400657701791343,3.447750025442271,4.744452258074761,3.788959910814431
145,4.387486944092028,,8.227087688410299,3.941815922847765,4.237461467856308,,4.785252873028056,3.7712695529945326
146,4.365063022181409,,9.078835610552142,3.8132854426937985,4.242716865161397,,4.884544337515849,3.793827546106113
147,4.413042122654951,,8.521212764872601,3.885150416661472,4.3502980688715525,,4.749973653649456,3.81089172836516
148,4.305847950376721,,8.878122232457306,3.9887411120879053,4.3026657989992705,,4.687051498523225,3.695420948424611
149,4.46209240736797,,8.602661271399066,3.9434874576292764,4.308867027141686,,4.617769691828776,3.7321311366761782
150,4.443850170277682,,8.233415432955237,3.923568887167382,4.3075108575419705,,4.859871790562259,3.6847212793462583
151,4.190551519000215,,8.355148848703111,3.8974069394006623,4.359993672648078,,4.732571310333106,3.8184366445549585
152,4.3877811765949835,,8.267766015542223,3.8292740243917582,4.350294405074447,,4.66848933852551,3.797212705562984
153,4.455546015508827,,8.543139393576357,3.8007880846667867,4.3776191369709005,,4.555390842028219,3.7748119406050895
154,4.340001111681529,,8.555729005509681,3.9095399663449326,4.420984850849535,,4.729881776209526,3.7577030651338696
155,4.257012526597486,,8.734279338361434,3.870308935888866,4.386193510457397,,4.905942502641879,3.856447862176348
156,4.319157636054964,,9.058675406909623,3.8681715760989515,4.411337689593591,,4.642276404487918,3.7896984316042004
157,4.398998991759594,,8.285410176151833,3.8483104211916914,4.293334283121546,,4.594474140197137,3.8523117992174014
158,4.316779615120797,,8.883047513111096,3.9322751998224392,4.380831876250521,,4.855770670718075,3.717870549370009
159,4.3724006045606485,,8.690758673998102,3.876448628430701,4.367094248649076,,4.368761181064349,3.6545634173197694
160,4.365919947287871,,8.289469787333095,3.91173349636769,4.269067156816052,,4.517640261367926,3.786593792794587
161,4.314018857990907,,8.74685058128053,3.842528073268211,4.421546242009344,,4.690731490398507,3.856424105061231
162,4.3103673446109045,,8.805225211140549,3.8743363286799384,4.333413080378039,,4.489867321758074,3.723866126616036
163,4.303602749460464,,8.146728888313728,3.8028664248611626,4.48257132497572,,4.621779297853792,3.692556577904563
164,4.249700440037402,,8.534338134905832,3.7838128814275596,4.327602537776523,,4.3534633688956985,3.7041939371725947
165,4.3568764311966754,,8.13748193737164,3.8668827529946745,4.252912181182479,,4.464883957252287,3.7504109522257716
166,4.355298509972683,,8.583720767518594,3.792744723969336,4.405337493294638,,4.450061977179598,3.8247086547146867
167,4.384517348301219,,8.059309398472065,3.8335794679980455,4.301191543696304,,4.456186126238681,3.7892245774041613
168,4.383152470760324,,8.828777835327797,3.788985546378951,4.184561861056931,,4.3220284931388,3.788149768741004
169,4.313650847954173,,8.313372371818913,3.854372393988049,4.237931576844668,,4.321605591644147,3.7201667935721967
170,4.339844149463562,,9.164947980898907,3.831081289794158,4.365653195638014,,4.29268895070683,3.73280204915565
171,4.3733523472399005,,8.404278975964463,3.8689852243031537,4.2670097083503125,,4.323789756818156,3.6727805405883
172,4.286612594629279,,8.059399385040747,3.841380191011123,4.208104903904113,,4.262057316043963,3.8531257265280896
173,4.261762779841528,,8.441801205785891,3.8370565981090543,4.246815508239591,,4.32416197837066,3.725102790932026
174,4.30149614280587,,8.741024327612514,3.812429024130716,4.232606034987289,,4.442834696672151,3.6878344195496595
175,4.21485180474283,,8.265048117433047,3.844518145562199,4.320981621538291,,4.306892982129164,3.6958446741255315
176,4.35592296812176,,8.662016011878281,3.9010196311529093,4.34052525303849,,4.42848860682417,3.697664896594601
177,4.373901031001286,,8.450511879412574,3.7702688780399862,4.2922426283363455,,4.506938727380014,3.729017884505776
178,4.267936480099705,,8.066553586279975,3.941792313352939,4.20693889550887,,4.345502673089349,3.656997509013656
179,4.243868939199636,,8.257081240146007,3.7844618563348305,4.1682134711131065,,4.315750756154707,3.70313005647433
180,4.264532950624478,,8.160162262093785,3.9108753112667016,4.105550699978326,,4.493926888462418,3.7036073924508957
181,4.265027853881297,,8.118567397148325,3.892378218652734,4.262858953610438,,4.596247089245262,3.8057632605539853
182,4.34861254853442,,8.169507042417942,3.8254407208874874,4.208597050517312,,4.306618529559685,3.6138247625515434
183,4.333626393874899,,8.19368738924873,3.7794736846244867,4.145246993445742,,4.283589251850669,3.676334347218126
184,4.273335858520231,,8.365453340061187,3.8173788737504877,4.164479463573618,,4.388704675727284,3.721286518085958
185,4.201705987082212,,8.13416843773893,3.809814511110198,4.245591408137535,,4.33315126100787,3.652039021939333
186,4.270032764187864,,8.732259424944251,3.8548362382102557,4.21461411317749,,4.370168479370687,3.7360336821932396
187,4.196895441301515,,8.255929253752813,3.873003693832419,4.2615666978575675,,4.598411302880861,3.6352799118706005
188,4.262593185216354,,8.211536668889915,3.794366838341062,4.128399207171772,,4.416016651057753,3.712760179327516
189,4.212858662838665,,8.519967282374006,3.753567296892141,4.293815012061605,,4.556538409786379,3.6533456520707697
190,4.338994253800871,,8.112005075628684,3.8160765214409693,4.2279998911856165,,4.511758420649248,3.723739100409122
191,4.232695153311062,,8.237127919987387,3.809096221799028,4.057293918874291,,4.568268748797921,3.6165618789059764
192,4.247436580955755,,8.301289213274766,3.8704991901190042,4.149969973534282,,4.334316429938936,3.660591977851381
193,4.211694765567638,,8.082970235895019,3.832428763094662,4.26107438188367,,4.3682837021134375,3.6896708727622984
194,4.263720775552557,,8.165286215409825,3.80558868052325,4.220928760873221,,4.3369569407534385,3.74924680638724
195,4.228762246519505,,8.305924400491222,3.8252665133613393,4.189119948604856,,4.3466205478304065,3.6726477119287573
196,4.196195848741948,,8.361239807476709,3.8183049746234694,4.245764196407313,,4.444174817368467,3.705778404952086
197,4.226682366395737,,8.311072956828188,3.767711401522451,4.272258378306806,,4.376982196478598,3.6248618055004975
198,4.2580728039388225,,8.471686775546075,3.8993847348053596,4.2211107036853175,,4.464160021162239,3.677607944677203
199,4.357457692296544,,8.339566062450126,3.792490742659481,4.248931417140515,,4.290283588357987,3.702146158459766
200,4.213249313524565,,8.034009828663729,3.7988495117977434,4.170247069290468,,4.406594515523394,3.6955898638129914
201,4.2151229093079765,,8.163044605303684,3.7594710939197946,4.190353189682259,,4.322083749682687,3.6612565006021236
202,4.209108356145861,,8.1972854213695,3.743140783858441,4.221062584381092,,4.398757475458363,3.6321543645871444
203,4.20884396406285,,8.209863023248412,3.869951955157624,4.093144315209306,,4.356365685109227,3.625955158402535
204,4.2012440958529575,,7.983654887996505,3.811292626173791,4.115024471040825,,4.234417675087917,3.704700858588317
205,4.22366031216735,,7.956010528537954,3.789969917497908,4.2107871708896685,,4.31370481347528,3.583009243243066
206,4.215990012311721,,8.125757462514725,3.7777199019878265,4.1622886291337995,,4.626956737971293,3.625238656564036
207,4.2113566309311325,,8.252488722887477,3.852952102441132,4.230890041291569,,4.246409589698148,3.632189680666509
208,4.200520209403008,,8.060531422269214,3.7726899532816627,4.085215795056948,,4.291188230773284,3.6758428660075517
209,4.194023107807256,,8.118662612199431,3.7803984057362707,4.193692406697799,,4.382589882598091,3.6409567606071755
210,4.258557313859832,,8.272087463649227,3.8095681712387637,4.172050225397359,,4.315779213197361,3.662735020570637
211,4.2237831602736575,,7.9053381421769116,3.7908489136088583,4.079626928270435,,4.3031702862017935,3.598770235332962
212,4.216795951367532,,8.059089061526786,3.8421513696111735,4.2265406904073535,,4.401801138961955,3.6175754550958956
213,4.191494286621101,,8.153253006281538,3.772504223242092,4.150816066037434,,4.418263383630423,3.6838379748443377
214,4.202225922600834,,8.093315107898325,3.7879370924195688,4.171164669706313,,4.33634285749642,3.6430009957527334
215,4.204188997709788,,8.050524199612292,3.7731059667160274,4.078488489458167,,4.336442650610635,3.604072601209463
216,4.212780583864197,,8.179236524431237,3.7935785325493185,4.104840275091493,,4.340548190874006,3.6171683932482375
217,4.219998957531333,,8.092911092176015,3.76515302252087,4.24858027965667,,4.363484102104354,3.643579237976271
218,4.214729683995188,,8.156090243690596,3.7971156800808306,4.082414093758242,,4.3392785265596165,3.59515887081869
219,4.208248212792332,,8.015158282054653,3.754804332366507,4.194079995479038,,4.263583767618285,3.5980119519403333
220,4.192629485020801,,8.123714477189278,3.799008279892555,4.146362789710263,,4.4779381450545594,3.6433824154629044
221,4.193504133635675,,7.975233588670864,3.7959211559145163,4.10237028622903,,4.422688886208552,3.67418715516962
222,4.185747003014662,,8.051571574912776,3.783727134717568,4.0852992700873125,,4.475895823049598,3.6402683904870017
223,4.20285863767313,,8.034871264933772,3.716943864221123,4.10025950259337,,4.41752594364557,3.591118995877742
224,4.211509297880213,,8.000237109026058,3.739501531715216,4.055767040787282,,4.374816540927637,3.6475979706468014
225,4.197328049210509,,8.28004473351559,3.769847058955593,4.125676410752874,,4.308399431437675,3.5849588882909145
226,4.1995092850890545,,8.078091739688121,3.7575115459390274,4.1706293264538195,,4.179861203528383,3.6500114167061377
227,4.215245121395504,,8.023470214544007,3.745635824667271,4.100211730540696,,4.2064518246019285,3.6113992634732535
228,4.199353818566022,,8.15037840979004,3.734582212340702,4.045958610941232,,4.150241544209052,3.6133509251380924
229,4.205449998725564,,7.952896106371373,3.7977097553246675,4.082423027955061,,4.375544814224588,3.6093872738232586
230,4.202181642989038,,8.221405476445158,3.7344278422510953,4.106210159300032,,4.156790347048232,3.6332481780936394
231,4.214664606655327,,8.331722527968898,3.7831490807714325,4.06746302127993,,4.2098740319643495,3.60606917617048
232,4.220420355682354,,7.991012585378187,3.7173607904647517,4.094524651419023,,4.18199090041498,3.582532540334846
233,4.199465959456438,,7.959854922535648,3.7368926574698076,4.061936600792958,,4.2191372681409955,3.6192886063278173
234,4.2044864838663765,,7.875021225178553,3.760847642816299,4.064107300044409,,3.9958742027785465,3.620080772318341
235,4.188723093895892,,8.018733099790223,3.760894767686765,4.036780404234782,,4.133409902786608,3.612067080336332
236,4.206358344345899,,8.071379731874009,3.749415547077503,4.095138163642841,,4.05194406368376,3.5941659033952447
237,4.187818070656355,,8.075825453880277,3.775781465373189,4.072018343606548,,4.131759249976686,3.606699649748443
238,4.213346261219915,,7.943441493596725,3.7286631806397827,4.082960181083871,,4.2019621464878405,3.606861094340685
239,4.204228541793951,,7.928292488099686,3.757441523932223,4.0946224404304585,,4.129616112462838,3.5644606104515586
240,4.200128077869468,,8.080710002001384,3.7643980997173716,4.028409056656703,,4.081822271993673,3.6495932678254044
241,4.193430605705722,,8.09090367471164,3.7732227784785617,4.016647758694184,,4.070789186718146,3.617504938693034
242,4.196634659626361,,8.054398055680945,3.7518245033617346,4.076963521046152,,4.200148255267663,3.6122964430465703
243,4.195630423054064,,7.9730435142411,3.7361317624276174,4.000683167984526,,4.130799063295764,3.5988121441287486
244,4.198799558694489,,7.873209735835797,3.7569749269673958,4.065134514163799,,4.07531836576177,3.5804795295016483
245,4.211632295818395,,7.97619572023345,3.7333887151170435,4.055801855809598,,4.079505530721473,3.588789969990516
246,4.202682607624274,,8.010489146034866,3.715811382849411,4.047277658309611,,4.126158859324168,3.627475760390365
247,4.2137770085293855,,7.985859056340662,3.7925415353641756,4.028614051224118,,4.150066565897963,3.5767356943310094
248,4.184103322223781,,8.130031984798755,3.717490794121996,4.092217444126956,,4.139482327184177,3.6308423630751343
249,4.202007857508206,,8.094893434746089,3.7546406099580567,4.057311266228312,,4.183923635452658,3.591930393252283
250,4.1911339513369805,,8.007651529820677,3.7279287162377677,4.073992985964858,,3.9827134735934835,3.6336610240079783
251,4.19607086224066,,8.052340523917982,3.708086935687462,4.027598792609472,,3.983597928874568,3.5681041119725214
252,4.1973934954655405,,8.09109718427915,3.73266759294836,4.10887087193338,,4.109346581965749,3.5844895019289345
253,4.193644184045809,,8.03046353100654,3.7071125329497248,3.993125987206897,,4.093910600375376,3.60823431404352
254,4.199099408630856,,8.10140539959248,3.7210022533699045,4.055735333850673,,3.9847023846913086,3.610771021669095
255,4.183757570192874,,7.827567786889444,3.7077543516815883,4.039659195197702,,4.121903127060183,3.5787078340495797
256,4.187193452481368,,7.895013197199024,3.724835690166375,3.9918783284443684,,4.0418161039733125,3.5760787754090253
257,4.1838331148478884,,8.121465778317452,3.7340530672863057,4.006033283231963,,4.042830433645139,3.5720631740126794
258,4.187818311545849,,8.285625901137726,3.7267241398296913,3.985736892382092,,3.977784609915573,3.5732281298053743
259,4.182900307221661,,7.867210548178557,3.722187385926324,4.0546551342280015,,4.058851031639182,3.615996842680795
260,4.186922267125089,,7.8987770462989015,3.722022130570788,4.002243500761087,,4.087347362291449,3.5837345459956205
261,4.196555257283834,,8.013449235781554,3.715406293845721,4.052007741392968,,4.088051394184309,3.6305677719229963
262,4.191485128410696,,8.055979830903912,3.719439914463145,3.9969891772382664,,4.0471644376663125,3.57829624178598
263,4.195413405591973,,7.891560277573287,3.73957165554088,4.001451826323933,,3.926721910278877,3.601468682891438
264,4.176977025935346,,7.861710534707684,3.7460811995759076,3.979123132999183,,4.012224050894383,3.570660193624945
265,4.171955641850941,,7.979172021392508,3.7273848461675865,3.962065599859464,,4.000206577277344,3.5761875776234633
266,4.165995595281876,,7.9082669637269,3.723748426880417,3.9944257024519105,,3.983784354442875,3.5813748458712364
267,4.1856543492042135,,7.872640237076814,3.7089764682586166,3.973484404010828,,3.9414550917050395,3.5670878710643765
268,4.181364528861194,,7.866494752235886,3.7158401833241124,3.998028601597709,,4.000696377148688,3.576258275066859
269,4.191472878247258,,8.016518382430272,3.7293778786746152,3.9976198139525807,,4.122661786068568,3.5714946639005722
270,4.170283795530814,,8.026065141834158,3.702161528264872,3.9712065834079047,,4.11131822546798,3.5906952332773647
271,4.171722405864522,,8.035058753077239,3.7370559307866333,3.9998186950668533,,4.096764823146339,3.5822306667995227
272,4.182054054939473,,7.843153359434159,3.7346742729854716,3.9767618476245894,,4.170226671580035,3.5817972508215363
273,4.190690445946604,,7.9945420449830715,3.7404073238309206,4.021268229149176,,3.904946947847939,3.5846008072338904
274,4.170063787367897,,7.991656315200617,3.721911050680407,4.000222759185931,,4.250662963084037,3.570684058124549
275,4.195458307555022,,7.916068354669486,3.7257276376714863,3.956510906622466,,4.080539934593307,3.57180244360648
276,4.17613122104642,,7.945239225363196,3.719883792394979,4.004001327428502,,4.033899413985365,3.569302167102067
277,4.191939840142911,,8.01673178785819,3.7307354556451355,4.023834790613953,,4.027788400547214,3.5892632136391938
278,4.178991366310774,,7.868916185727573,3.7031273065470005,4.0101632731480015,,4.077307572118056,3.5558364805631095
279,4.188296356416167,,7.970448027195251,3.740945327941891,4.00046950367831,,3.983399130177699,3.573173428289874
280,,,7.989887927901885,3.7206684277091537,3.984140525209343,,4.0328115432510065,3.5663584963340957
281,,,7.924730684780435,3.706026054808943,3.998997847180598,,4.041961455811019,3.575378341682501
282,,,7.910126090673655,3.709029323498432,4.0004119683195345,,3.962268771269249,3.5740887759811057
283,,,7.878487194491561,3.7175256914846697,4.035430762830767,,4.055926196291142,3.576881102613838
284,,,7.857535800025114,3.712143461448884,4.008897814289334,,4.018281892782122,3.5686765200982906
285,,,7.892395938748434,3.7111585905329867,4.034942619459697,,3.975961646583035,3.5753448103787413
286,,,7.846870277062342,3.714652126656304,4.000596078636129,,4.036743280406735,3.566731367753895
287,,,8.100371001833718,3.7098326770828387,3.9719027346409526,,4.036626130855233,3.5671061180438635
288,,,7.844493804825296,3.7034893601834575,4.024421779657422,,4.037455573597272,3.5744183286135227
289,,,7.974510926441657,3.711413394043039,3.9874659709133096,,4.170525930807307,3.577778149812976
290,,,7.938188072465928,3.718967606070004,3.9895862602629437,,3.9674383647465508,3.5775737177565334
291,,,8.09983191619384,3.7111225565389963,3.9665977258473366,,4.069033025343525,3.5673350818648775
292,,,7.926514511926931,3.6978065021873574,4.018718077082184,,4.059967235225865,3.567376136715363
293,,,7.942411476647271,3.7389267830105855,3.9868785195475165,,3.9607460689033194,3.574741539579668
294,,,7.85720072764525,3.7129928724774213,3.9931752948328976,,3.9995241533325907,3.5731278889994234
295,,,7.921652948198291,3.7180585021635597,3.985924019769681,,4.024895201112581,3.582066301198427
296,,,7.954101427935787,3.7198559036713257,4.01250241416502,,4.012671269028363,
297,,,7.949293467328133,3.715230928397629,4.010671088115122,,4.036431679289798,
298,,,8.063302021102178,3.7147583700439517,3.980689305752446,,4.06740064291343,
299,,,7.83472367585996,3.7213397504724575,3.9701031170047982,,4.0416981701608,
300,,,7.944741168889838,3.7113301756645103,3.9848061455033292,,4.003404173931873,
301,,,7.975068301453771,3.713470372359022,3.979991989460024,,4.069294245911252,
302,,,7.81251582467972,3.7090524704612933,4.03316799666648,,4.120846450127632,
303,,,7.790489416529816,3.695832183584808,3.966792053617111,,4.103081879231332,
304,,,7.890132422187395,3.7039407962705937,3.967912183550707,,3.9842360446585894,
305,,,7.829571543081206,3.7066248262911135,3.9566306301145517,,4.041818679459768,
306,,,7.854749073969764,3.721099179620202,3.9716519419505274,,3.9934823153980905,
307,,,7.903863158665935,3.7027859343316782,3.944814493970857,,4.10037273492332,
308,,,8.127353886274275,3.7214547563380775,3.971630068748144,,4.0194083770601425,
309,,,7.887200780143698,3.698132628208968,3.954486643678587,,4.041288586320699,
310,,,7.892614867347205,3.71164223786389,3.977480192226492,,3.9682135268343393,
311,,,7.825080538736644,3.705836157082226,3.953666188016783,,4.073072887597571,
312,,,7.780497021934572,3.709035883383445,3.966444011531088,,4.142023341529378,
313,,,7.9376587060668475,3.7065337061192167,3.9460753642502997,,4.076656683889657,
314,,,7.928446597077481,3.71764379111595,3.976387733011734,,4.0243756954230685,
315,,,7.887439281997146,,3.960855399370972,,4.091543192712139,
316,,,8.000354738442573,,3.945694657554978,,4.038788630353091,
317,,,7.893264318865964,,3.9648028675182734,,4.075368954253832,
318,,,7.907522685634407,,3.9621727825132416,,4.118493970152528,
319,,,7.782043593862162,,3.951111752881843,,4.114289768833469,
320,,,7.880187646164936,,3.964450002245337,,4.079399618863568,
321,,,7.949530136855746,,3.9614127135371158,,3.974727704904162,
322,,,7.963246044512072,,3.960367386329231,,4.0459635820930275,
323,,,7.9878283141193505,,3.9542811533535427,,3.9692030909897467,
324,,,7.924917978387105,,3.953484359860785,,4.052128284316344,
325,,,7.924580832411779,,3.957079762718116,,3.955483965917046,
326,,,7.775483252911361,,3.954801999547927,,3.9858929099308416,
327,,,7.702036353484709,,3.9727955154603114,,3.9163138301687357,
328,,,7.876494821067715,,3.9532086839690956,,4.139636648352796,
329,,,7.6548017699116455,,3.956603893774251,,4.067208460818489,
330,,,7.814694138498412,,3.950379267051389,,4.04489310801469,
331,,,7.765186614155965,,3.9666338145101903,,4.033792775816868,
332,,,7.7849518439897745,,3.9573932059905927,,4.030675693928938,
333,,,7.773092884665328,,3.957247493784881,,4.029288515165935,
334,,,7.772757382848286,,3.9543682355593424,,4.026933807014066,
335,,,7.711970176880451,,3.951898619632952,,4.01690959790038,
336,,,7.779481155375416,,3.9457900723950288,,3.997308812123406,
337,,,7.878125803228368,,3.9677892991755663,,3.9946403880206267,
338,,,7.799788148997067,,3.950559628373753,,3.9836336190425747,
339,,,7.91930968617163,,3.955386809314147,,4.066819358914697,
340,,,7.841879922925653,,3.9568091040007456,,3.948648405155055,
341,,,7.7083519992995395,,3.9541161895949513,,4.019070750554453,
342,,,7.819198655426087,,3.9525549631699923,,3.9811724800405837,
343,,,7.592453350060092,,3.953683263840921,,3.979666666204502,
344,,,7.905742337866377,,3.9544665455317602,,4.007224842424581,
345,,,7.730393678632121,,3.9449149824874925,,3.944368230273401,
346,,,7.947095216061119,,3.953746389309194,,3.991980259798103,
347,,,7.7926150494671145,,3.9614432003833038,,4.0036611060049765,
348,,,7.76038676717904,,3.955587714607089,,4.079409928047781,
349,,,7.686077993602938,,3.952258624845752,,3.994382403486455,
