,values_0a,values_0b,values_0c,values_0d,values_1a,values_1b,values_1c,values_1d
0,14.651227424987795,4.791000101769073,30.2404986110537,34.04879907712598,32.31520523529284,4.791000101769073,31.728634156599316,32.91879590884508
1,15.54017843856801,4.791000101769073,29.241185489221294,33.59187600143649,32.329584252589925,4.791000101769073,29.226991406926967,32.89895398790754
2,16.3650186767041,4.791000101769073,31.019843306871444,31.867733268707273,30.8097984108315,4.791000101769073,32.900218247024064,30.189507369865247
3,14.692053666383803,4.791000101769073,29.47455243989104,31.853879416403384,31.241965645106912,4.791000101769073,29.301540738072134,28.711146524590088
4,17.91545178828811,4.791000101769073,29.76835071406882,30.578289764715205,32.471985411268875,4.791000101769073,25.766602596807438,30.844484819746636
5,14.216949314103822,4.791000101769073,28.86423548598539,29.37917178016858,28.604729909009315,4.791000101769073,27.007036232264298,28.914602826316468
6,12.194998257016675,4.791000101769073,27.16881008293101,26.63882927744626,34.227933598203656,4.791000101769073,28.627952084385292,28.67232538124635
7,12.195487357750858,4.791000101769073,27.75096539796165,24.785839027120982,29.002515024516292,4.791000101769073,25.01125806421132,29.707776588405757
8,10.784833216977328,4.791000101769073,24.74024106112037,27.240714683064112,26.843531099689255,4.791000101769073,24.75133353621658,29.696067908614246
9,11.381890259570538,4.791000101769073,26.27232998188389,24.477878914416866,27.803514059437504,4.791000101769073,24.01431743461031,30.52934144766715
10,13.204791457711774,4.791000101769073,20.780772711320846,25.04568841792595,31.559041395948743,4.791000101769073,22.493959623614728,28.86108004232678
11,11.975825960359053,4.791000101769073,22.138323474856076,25.139392523900785,26.868287116721444,4.791000101769073,23.27043660179706,28.670433612208228
12,13.078077087247118,4.791000101769073,23.408603233993134,22.014764139995656,25.262078263697983,4.791000101769073,22.129072182080566,26.032319248660706
13,10.784833216977328,4.791000101769073,20.713441537500977,22.014764139995656,25.262078263697983,4.791000101769073,23.932903302123908,26.032319248660706
14,10.784833216977328,4.791000101769073,19.98682705755869,22.014764139995656,25.262078263697983,4.791000101769073,22.662974225301,26.032319248660706
15,10.784833216977328,4.791000101769073,19.824772294790375,22.014764139995656,25.262078263697983,4.791000101769073,21.677701709509492,26.032319248660706
16,10.784833216977328,4.791000101769073,19.357245845225687,22.014764139995656,25.262078263697983,4.791000101769073,22.915926671081266,26.032319248660706
17,10.784833216977328,4.791000101769073,19.284729187501288,22.014764139995656,25.262078263697983,4.791000101769073,21.416241398245994,26.032319248660706
18,10.784833216977328,4.791000101769073,21.061804816106434,22.014764139995656,25.262078263697983,4.791000101769073,20.9742584807547,26.032319248660706
19,10.784833216977328,4.791000101769073,20.05803341784494,22.014764139995656,25.262078263697983,4.791000101769073,21.397134519375452,26.032319248660706
20,10.784833216977328,4.791000101769073,19.142574377976253,22.014764139995656,25.262078263697983,4.791000101769073,20.80789954251449,26.032319248660706
21,10.784833216977328,4.791000101769073,18.70923740852201,22.014764139995656,25.262078263697983,4.791000101769073,21.602756839840005,26.032319248660706
22,10.784833216977328,4.791000101769073,19.736793568852335,22.014764139995656,25.262078263697983,4.791000101769073,19.484426366926094,26.032319248660706
23,10.784833216977328,4.791000101769073,20.01708381784544,22.014764139995656,25.262078263697983,4.791000101769073,18.640428534711816,26.032319248660706
24,10.784833216977328,4.791000101769073,19.385666626931844,22.014764139995656,25.262078263697983,4.791000101769073,17.837903169617178,26.032319248660706
25,11.82795678521032,4.791000101769073,18.70923740852201,21.981448687488456,25.262078263697983,4.791000101769073,17.837903169617178,26.032319248660706
26,12.37319056571652,4.791000101769073,18.70923740852201,20.95359892676816,25.262078263697983,4.791000101769073,17.837903169617178,26.032319248660706
27,10.819413414504712,4.791000101769073,18.70923740852201,20.972772124692757,25.262078263697983,4.791000101769073,17.837903169617178,26.032319248660706
28,12.8986925316968,4.791000101769073,18.70923740852201,17.010064460724642,25.262078263697983,4.791000101769073,17.837903169617178,26.032319248660706
29,11.48641281792409,4.791000101769073,18.70923740852201,16.470755533775858,25.262078263697983,4.791000101769073,17.837903169617178,26.032319248660706
30,11.998150929955177,4.791000101769073,18.70923740852201,14.539369387757109,25.262078263697983,4.791000101769073,17.837903169617178,26.032319248660706
31,10.650130941145276,4.791000101769073,18.70923740852201,13.545106900850959,25.262078263697983,4.791000101769073,17.837903169617178,26.032319248660706
32,9.470278125706658,4.791000101769073,18.70923740852201,15.676349061678092,25.262078263697983,4.791000101769073,17.837903169617178,26.032319248660706
33,10.190436213515966,4.791000101769073,18.70923740852201,13.866046103500004,25.262078263697983,4.791000101769073,17.837903169617178,26.032319248660706
34,11.880759724228655,4.791000101769073,18.70923740852201,13.741541155204315,25.262078263697983,4.791000101769073,17.837903169617178,26.032319248660706
35,10.530326065388003,4.791000101769073,18.70923740852201,13.329943740927709,25.262078263697983,4.791000101769073,17.837903169617178,26.032319248660706
36,11.662273697258888,4.791000101769073,18.70923740852201,12.513225167141655,25.262078263697983,4.791000101769073,17.837903169617178,26.032319248660706
37,8.903304505133875,4.791000101769073,19.20605580396659,9.934979262855606,25.262078263697983,4.791000101769073,17.837903169617178,26.032319248660706
38,8.098711529009847,4.791000101769073,15.242630321188287,11.721856211379217,25.262078263697983,4.791000101769073,17.837903169617178,26.032319248660706
39,8.92753363717915,4.791000101769073,15.508711648833248,9.385461870746603,25.262078263697983,4.791000101769073,17.837903169617178,26.032319248660706
40,8.234872485714414,4.791000101769073,14.160736312617763,9.91647210157572,25.262078263697983,4.791000101769073,17.837903169617178,26.032319248660706
41,9.163262340194473,4.791000101769073,14.159266692837706,9.33000960181789,25.262078263697983,4.791000101769073,17.837903169617178,26.032319248660706
42,8.456864433056525,4.791000101769073,13.973325633722505,11.932812239434178,25.262078263697983,4.791000101769073,17.837903169617178,26.032319248660706
43,9.590488021819706,4.791000101769073,13.645793398830897,9.020590630190743,25.262078263697983,4.791000101769073,17.837903169617178,26.032319248660706
44,8.11724170941889,4.791000101769073,15.487495859696512,8.107714572034935,25.262078263697983,4.791000101769073,17.837903169617178,26.032319248660706
45,8.486339946204172,4.791000101769073,12.841126036490218,8.415524606271456,25.262078263697983,4.791000101769073,17.837903169617178,26.032319248660706
46,8.164402257374965,4.791000101769073,13.500064921192022,7.924473934337059,25.262078263697983,4.791000101769073,17.837903169617178,26.032319248660706
47,7.939288089017768,4.791000101769073,13.65210575605061,7.648364986441935,25.262078263697983,4.791000101769073,17.837903169617178,26.032319248660706
48,8.254056781265092,4.791000101769073,11.644777354261139,7.463969284392633,25.262078263697983,4.791000101769073,17.837903169617178,26.032319248660706
49,8.338365860192805,4.791000101769073,11.55289611076624,7.463969284392633,25.262078263697983,4.791000101769073,17.837903169617178,26.032319248660706
50,7.666634327186494,4.791000101769073,12.35884240000143,7.245643313349798,25.262078263697983,4.791000101769073,17.837903169617178,26.032319248660706
51,9.159331812788583,4.791000101769073,11.42590293886682,7.245643313349798,25.262078263697983,4.791000101769073,17.837903169617178,26.032319248660706
52,7.8112512940129095,4.791000101769073,11.589913553846326,7.155227147127366,25.262078263697983,4.791000101769073,17.837903169617178,26.032319248660706
53,8.935346950457719,4.791000101769073,11.595021791695013,7.155227147127366,25.262078263697983,4.791000101769073,17.837903169617178,26.032319248660706
54,8.033517934588938,4.791000101769073,12.078955919180991,7.395461057691555,25.262078263697983,4.791000101769073,17.837903169617178,26.032319248660706
55,7.99453688746108,4.791000101769073,11.322824481987046,7.155227147127366,25.262078263697983,4.791000101769073,17.837903169617178,26.032319248660706
56,7.666634327186494,4.791000101769073,11.42070151686457,7.386910590462002,25.262078263697983,4.791000101769073,17.837903169617178,26.032319248660706
57,8.044940225277431,4.791000101769073,11.49982751278286,7.155227147127366,25.262078263697983,4.791000101769073,17.837903169617178,26.032319248660706
58,7.666634327186494,4.791000101769073,11.593758812408415,6.96545843759625,25.262078263697983,4.791000101769073,17.837903169617178,26.032319248660706
59,8.596818767731154,4.791000101769073,11.482232792051603,6.96545843759625,25.262078263697983,4.791000101769073,17.837903169617178,26.032319248660706
60,7.666634327186494,4.791000101769073,12.020959965660667,7.145665592630713,25.262078263697983,4.791000101769073,17.837903169617178,26.032319248660706
61,8.505325144107967,4.791000101769073,10.159907269846238,6.96545843759625,25.262078263697983,4.791000101769073,17.837903169617178,26.032319248660706
62,7.666634327186494,4.791000101769073,10.976339580291135,7.3735658779394235,25.262078263697983,4.791000101769073,17.837903169617178,26.032319248660706
63,7.7337047959165375,4.791000101769073,10.493717205613127,6.96545843759625,25.262078263697983,4.791000101769073,17.837903169617178,26.032319248660706
64,7.666634327186494,4.791000101769073,10.573983141746677,7.6219057761968525,25.262078263697983,4.791000101769073,17.837903169617178,26.032319248660706
65,7.566996951193068,4.791000101769073,10.848512370285961,7.58871612444961,25.262078263697983,4.791000101769073,17.837903169617178,26.032319248660706
66,7.566996951193068,4.791000101769073,10.828518308306839,7.98072523042229,25.262078263697983,4.791000101769073,17.837903169617178,26.032319248660706
67,7.535398440113083,4.791000101769073,9.87054086441688,7.601937835139794,25.262078263697983,4.791000101769073,17.837903169617178,26.032319248660706
68,7.535398440113083,4.791000101769073,10.472690614709736,7.746489029983363,25.262078263697983,4.791000101769073,17.837903169617178,26.032319248660706
69,7.672922698471774,4.791000101769073,10.27953382773962,6.963924924189621,25.262078263697983,4.791000101769073,17.837903169617178,26.032319248660706
70,7.535398440113083,4.791000101769073,9.633099807507694,8.374290736550735,25.262078263697983,4.791000101769073,17.837903169617178,26.032319248660706
71,8.573832977982498,4.791000101769073,10.148714576359033,6.864254904477054,25.262078263697983,4.791000101769073,17.837903169617178,26.032319248660706
72,7.69988731609825,4.791000101769073,8.691669190488513,7.459185684787437,25.262078263697983,4.791000101769073,17.837903169617178,26.032319248660706
73,8.227052620327685,4.791000101769073,9.105394644422987,6.939858200420164,25.262078263697983,4.791000101769073,17.837903169617178,26.032319248660706
74,8.229698623035096,4.791000101769073,8.903166255429262,7.233904564145309,25.262078263697983,4.791000101769073,17.837903169617178,26.032319248660706
75,9.122931489039987,4.791000101769073,9.62759829200608,7.682008381589884,25.262078263697983,4.791000101769073,17.837903169617178,26.032319248660706
76,8.07599122211282,4.791000101769073,9.029470082170246,5.967034281591442,25.262078263697983,4.791000101769073,17.837903169617178,26.032319248660706
77,9.241219003638202,4.791000101769073,9.088973960165806,6.1736992723927075,25.262078263697983,4.791000101769073,17.837903169617178,26.032319248660706
78,7.907566240777936,4.791000101769073,9.480760634448568,6.132356764608046,25.262078263697983,4.791000101769073,17.837903169617178,26.032319248660706
79,7.8431683039964275,4.791000101769073,10.467062335266835,7.627357311546722,24.680760056134275,4.791000101769073,17.837903169617178,25.718058133268617
80,7.769507521444011,4.791000101769073,8.95295361843507,6.701636425165859,22.10196222466677,4.791000101769073,17.837903169617178,22.066879356972848
81,7.781280614584211,4.791000101769073,9.717155947282903,6.0869598262297515,22.322330819561877,4.791000101769073,17.837903169617178,20.332473740520307
82,7.619931113049685,4.791000101769073,8.875636703754946,6.447790881247523,24.01890125536913,4.791000101769073,17.837903169617178,24.014970591875652
83,7.9347624923380815,4.791000101769073,9.626689315717469,6.255073708338221,22.194245252918943,4.791000101769073,17.837903169617178,17.865062947941
84,7.572970052813647,4.791000101769073,8.882262908632185,5.9886344413445345,27.230726791589273,4.791000101769073,17.837903169617178,22.031192205678956
85,7.80585632934975,4.791000101769073,8.568577902728423,6.312039337735369,21.698525664509816,4.791000101769073,17.837903169617178,18.162638204838885
86,7.967546943605772,4.791000101769073,8.568577902728423,5.967034281591442,17.073738276921574,4.791000101769073,17.837903169617178,18.837787710264454
87,7.642079347526806,4.791000101769073,7.904786476135853,6.416679948846529,17.983903618635566,4.791000101769073,17.837903169617178,17.950947728251503
88,8.035052464878497,4.791000101769073,7.904786476135853,5.640277844036812,20.071325725769565,4.791000101769073,17.837903169617178,18.12969948117799
89,7.532478088022924,4.791000101769073,8.195475116079058,5.215821560058875,18.33875071277943,4.791000101769073,17.837903169617178,18.735776912287232
90,8.119052234487265,4.791000101769073,7.904786476135853,5.215821560058875,19.01427552400989,4.791000101769073,17.837903169617178,18.99778755448899
91,7.681771224981098,4.791000101769073,8.21421892413034,5.745806576351841,9.954268082099823,4.791000101769073,16.90308846253238,13.954367713090917
92,7.742322808274227,4.791000101769073,7.904786476135853,5.976966719096379,7.504909506053264,4.791000101769073,14.410141755079872,13.486652608061542
93,7.699308354190274,4.791000101769073,8.31674779219065,5.438142284647808,9.286562206802373,4.791000101769073,14.578605733540629,13.435840107967207
94,7.680349469488452,4.791000101769073,7.904786476135853,5.579456715007551,7.297725449333525,4.791000101769073,15.057482823452348,16.03990360322449
95,7.754643243907143,4.791000101769073,8.515270988261888,5.850859609498087,7.956170963295246,4.791000101769073,14.780967420767427,13.711390053310396
96,7.729256750037745,4.791000101769073,7.904786476135853,5.215821560058875,7.234920737351185,4.791000101769073,15.301633260554096,15.894893711472735
97,7.462271624573636,4.791000101769073,8.137157986615266,5.507325481884857,6.895380315044295,4.791000101769073,15.262717042495744,13.572428918251758
98,7.483985035100986,4.791000101769073,7.904786476135853,5.215821560058875,7.001822434102369,4.791000101769073,14.729825086945741,12.457637487595273
99,7.639994016188416,4.791000101769073,8.197497797033229,5.376008343532656,7.93786711998807,4.791000101769073,14.93189226565638,12.330271250904106
100,7.524627878419721,4.791000101769073,8.259200353632975,5.215821560058875,7.736364577478542,4.791000101769073,13.628966018636602,12.991578450334291
101,7.533997395305372,4.791000101769073,8.742077093296652,5.202577366109732,8.063284813668743,4.791000101769073,13.926874763286909,11.702006726758183
102,7.795266476374514,4.791000101769073,8.33415438246453,4.980307334595842,6.856585295514041,4.791000101769073,14.937814004731186,12.636787726476797
103,7.414655364634785,4.791000101769073,7.959180551055644,6.297688613013457,8.701294049101843,4.791000101769073,14.086516069757435,10.525994726326301
104,7.497337294662666,4.791000101769073,9.069064026257346,5.385821584941926,6.856585295514041,4.791000101769073,12.681693716047967,10.247659798279932
105,7.682167359365712,4.791000101769073,9.73680919577251,5.864430530141382,7.218771869802862,4.791000101769073,13.210195527483652,10.247659798279932
106,8.13951547988807,4.791000101769073,8.740601048045008,4.791566723640285,6.856585295514041,4.791000101769073,13.972216032188104,10.126567318812077
107,7.414655364634785,4.791000101769073,9.353436671144381,6.084910947594907,8.94468478697231,4.791000101769073,12.471226169232374,10.152118844725527
108,8.007348615409661,4.791000101769073,8.082258063796266,5.052028109904741,6.856585295514041,4.791000101769073,13.272167368654722,10.484693027104372
109,7.4892879083878725,4.791000101769073,8.938166962247433,6.303036959713768,8.17234639927762,4.791000101769073,12.955347751008789,10.218621953648984
110,7.843018963570456,4.791000101769073,7.8613246447762375,5.096877260159346,6.856585295514041,4.791000101769073,13.187012590968633,10.73033541131627
111,7.586882199677975,4.791000101769073,8.189411693644047,5.748589094739212,7.359497467110329,4.791000101769073,12.986179676538004,10.358236553541598
112,7.816994387655884,4.791000101769073,8.206523534606818,5.198740445858702,6.878242954763539,4.791000101769073,13.434722347920088,9.90691322395731
113,7.736431454214699,4.791000101769073,8.21954337550978,5.961590701962011,8.226663046175048,4.791000101769073,13.423258760372935,9.848948766316688
114,7.379000590199671,4.791000101769073,8.084502945559413,5.457150454736181,6.8075137881645755,4.791000101769073,13.272342992514584,10.739159452505477
115,7.480900418746899,4.791000101769073,8.925440979508702,5.866845995817105,7.103510426852004,4.791000101769073,10.93908267020401,9.687580213669321
116,7.603435135983113,4.791000101769073,8.14579544236866,5.446761478990044,6.8075137881645755,4.791000101769073,11.071348617341625,9.973575181298868
117,7.7924721485814255,4.791000101769073,8.614630902473836,5.3505647453041805,6.954218250703872,4.791000101769073,10.96218122695839,9.817123389109456
118,7.703117532337302,4.791000101769073,8.410754911082394,4.855005659780205,6.8075137881645755,4.791000101769073,10.8939300492835,10.973000815175082
119,7.253341992372628,4.791000101769073,8.395588006669858,6.254474995962818,6.922328417018548,4.791000101769073,11.613502539489662,9.691334141088909
120,7.262296732325186,4.791000101769073,8.016060765409108,5.01342640960354,6.8075137881645755,4.791000101769073,13.005000008176859,10.301318511935516
121,7.621075974074368,4.791000101769073,8.544385757081038,5.43321594146567,6.955291333923104,4.791000101769073,10.503992666385285,9.703548947280552
122,8.230119217560652,4.791000101769073,8.524512170955273,5.382893008110566,6.8075137881645755,4.791000101769073,11.140540778910772,9.771919471681642
123,7.3517315441055215,4.791000101769073,9.5460220576107,5.186444522066711,6.92064702991775,4.791000101769073,10.591211873438024,9.827143192519584
124,7.650798903863972,4.791000101769073,8.160950722767584,5.509588322695841,6.8075137881645755,4.791000101769073,10.939775197262087,11.288461924767015
125,7.5324189537205735,4.791000101769073,7.590056032954789,5.0464129728227896,6.879543962827363,4.791000101769073,10.665646680494977,9.654338923725085
126,7.320977478373032,4.791000101769073,7.689383726120085,5.791383230524188,6.8075137881645755,4.791000101769073,9.739341478755687,10.207597394886935
127,7.229032080621596,4.791000101769073,8.929962908209992,5.600179830080027,6.897552547048155,4.791000101769073,9.910594494044274,9.654338923725085
128,7.600043967811109,4.791000101769073,8.444300128785393,5.115962462123774,6.8075137881645755,4.791000101769073,10.816752986966629,9.671268698287204
129,7.439487865046333,4.791000101769073,8.682439595558028,5.440411969700199,6.916393119720297,4.791000101769073,9.08821165061405,9.654338923725085
130,7.400231642883945,4.791000101769073,8.221240018189112,4.881226494326986,6.8075137881645755,4.791000101769073,9.82732963443574,9.661386683797492
131,7.04459612813894,4.791000101769073,8.480312633442198,5.038327598591548,6.925754085052553,4.791000101769073,9.428850777474436,9.654338923725085
132,7.024140339685277,4.791000101769073,8.2976238754337,5.253828187964087,6.8075137881645755,4.791000101769073,8.715142589018509,9.689992123688628
133,7.130725359198809,4.791000101769073,8.168738779405778,5.157318082883725,6.9208848750469185,4.791000101769073,8.707111707910173,9.654338923725085
134,6.925284098670518,4.791000101769073,9.021912970487225,5.31124385655524,6.8075137881645755,4.791000101769073,9.04436225905886,9.642431724484485
135,7.302873033256303,4.791000101769073,8.580313426236305,5.149970654920618,6.929000836781129,4.791000101769073,9.52043971796145,9.642431724484485
136,7.178536137563847,4.791000101769073,8.794496251521492,5.169337944555549,6.8075137881645755,4.791000101769073,10.05689643597795,9.709708240828583
137,6.715437213583475,4.791000101769073,8.637206462049424,5.0019306141328626,6.977313567016221,4.791000101769073,9.549871140740935,9.642431724484485
138,6.9475291465513065,4.791000101769073,8.50432712646132,5.4139341448515035,6.8075137881645755,4.791000101769073,10.239690274322754,9.713656832102764
139,7.320562400880363,4.791000101769073,8.736525811986974,5.286452125528224,7.0367952229691575,4.791000101769073,8.707111707910173,9.642431724484485
140,7.124389587764857,4.791000101769073,8.029691450114075,5.734746651534837,6.8075137881645755,4.791000101769073,10.410205522296666,9.75247864459112
141,6.753408315278865,4.791000101769073,8.193679893070685,5.506578222612989,7.094603483704969,4.791000101769073,8.707111707910173,9.642431724484485
142,6.873608835903605,4.791000101769073,8.660272027791718,5.694551556913586,6.8075137881645755,4.791000101769073,9.321895848910321,9.75443224764063
143,7.258644983735908,4.791000101769073,8.687314026828629,4.851733382347988,7.120899019409391,4.791000101769073,8.674372452049287,9.642431724484485
144,6.9364913485816375,4.791000101769073,8.698473516136303,5.194889179872536,6.8075137881645755,4.791000101769073,7.682174452802394,9.743703811533841
145,6.817686550054162,4.791000101769073,8.351003178898958,5.078715335949135,7.133062530837935,4.791000101769073,7.641133901232552,9.642431724484485
146,6.8689833376496505,4.791000101769073,8.281713574169071,5.019382996490252,6.8075137881645755,4.791000101769073,8.959579233543371,9.768593530648323
147,6.8191220377704775,4.791000101769073,8.531922739622038,5.312610241577231,7.147577648402444,4.791000101769073,7.7184511943638014,9.642431724484485
148,6.978397062550317,4.791000101769073,8.135608185166815,5.232183140396374,6.8075137881645755,4.791000101769073,8.044298206500121,9.762574461240952
149,7.419441672068553,4.791000101769073,7.88024962910869,5.626570426787725,7.089932043891232,4.791000101769073,7.653481821339208,9.642431724484485
150,7.0205912426759385,4.791000101769073,8.244924650754395,5.243516130365523,6.8075137881645755,4.791000101769073,8.498150566307402,9.686437868484255
151,6.863883779898474,4.791000101769073,8.675199405370277,5.2180436229157054,7.124146909412309,4.791000101769073,7.958581933563907,9.642431724484485
152,6.836357676603797,4.791000101769073,8.54620544027759,4.937833728212399,6.8075137881645755,4.791000101769073,8.119285063442835,9.803844290587637
153,6.761203705222335,4.791000101769073,8.97546878817718,4.956957156637323,7.283346904848799,4.791000101769073,7.6148249002656385,9.642431724484485
154,7.1326324475640845,4.791000101769073,7.590056032954789,4.935225444862764,6.8075137881645755,4.791000101769073,9.213274881849642,9.72735368181406
155,7.012272367060338,4.791000101769073,8.084896816895155,5.121441290899947,7.213555836517733,4.791000101769073,7.745872018366464,9.642431724484485
156,6.9615777113682515,4.791000101769073,8.04697813779696,4.689371042382433,6.8075137881645755,4.791000101769073,7.783627695039568,9.727507082439086
157,7.076044653215478,4.791000101769073,8.3700584071216,5.07037545319242,7.2001761284088515,4.791000101769073,7.668219671351226,9.642431724484485
158,6.965657058084043,4.791000101769073,8.443622276492158,5.030953802479828,6.8075137881645755,4.791000101769073,8.245664167947695,9.755398115643104
159,6.915580632295125,4.791000101769073,7.593932115812404,4.811512351968154,7.185231350278289,4.791000101769073,7.764757903280065,9.642431724484485
160,6.9858048253457525,4.791000101769073,7.99345690432882,4.8578201561147525,6.8075137881645755,4.791000101769073,9.330255903398847,9.732244831698091
161,6.680699053478776,4.791000101769073,8.817452332495888,5.240459715489978,7.273987703578741,4.791000101769073,7.8984339406803565,9.642431724484485
162,6.676001636560761,4.791000101769073,8.633382645293779,4.94439235606134,6.8075137881645755,4.791000101769073,7.905791731602462,9.767013018658947
163,7.0486362625172525,4.791000101769073,8.189352882245132,4.76647655184037,7.0732914184936035,4.791000101769073,7.55933909342068,9.642431724484485
164,7.123434315260289,4.791000101769073,8.293049002590598,5.0869377836691845,6.8075137881645755,4.791000101769073,8.218449265937636,9.920462058988326
165,6.853283697798719,4.791000101769073,8.625578151307227,5.174883147081467,7.3452718426514965,4.791000101769073,7.767393463152725,9.642431724484485
166,6.928964956753382,4.791000101769073,8.238343310160936,4.983329194452764,6.8075137881645755,4.791000101769073,8.353751042297752,9.794323478078153
167,6.853349601109135,4.791000101769073,8.435457280348563,5.043695630659251,7.137159775042926,4.791000101769073,7.827670650612697,9.642431724484485
168,7.0363484477973275,4.791000101769073,8.03560225426127,5.03435584415034,6.8075137881645755,4.791000101769073,8.12249572940314,9.745508014916368
169,6.710707154845721,4.791000101769073,8.475153178660486,4.744095729774317,7.082069640322994,4.791000101769073,7.765937863234332,9.642431724484485
170,6.563233437411301,4.791000101769073,8.079401436850652,4.789935872435385,6.8075137881645755,4.791000101769073,8.053148703151766,9.925619331894437
171,6.846801584011674,4.791000101769073,7.936742085967929,4.824582188842113,7.227223809657938,4.791000101769073,7.639466363988737,9.642431724484485
172,7.002988201405184,4.791000101769073,7.628272757113923,4.6438712185214674,6.8075137881645755,4.791000101769073,8.11438345737129,9.989559057255809
173,7.016352985868527,4.791000101769073,8.135973472549658,5.127062322592975,6.8399701462186755,4.791000101769073,7.83482583810863,9.642431724484485
174,6.645510662089392,4.791000101769073,7.590056032954789,4.793792073156715,6.8075137881645755,4.791000101769073,8.179019506063693,10.131486863032093
175,6.748404071773072,4.791000101769073,7.897331908304093,4.781818675120708,7.002927126421976,4.791000101769073,7.7272726989057805,9.642431724484485
176,7.120998429763214,4.791000101769073,7.590056032954789,5.037721683136293,7.51254281654967,4.791000101769073,7.921977656748442,10.0746845704277
177,7.006904645362109,4.791000101769073,7.867909539499768,5.1098566269767645,7.7640205469057015,4.791000101769073,7.929038889261916,9.642431724484485
178,6.725766644921818,4.791000101769073,7.590056032954789,4.999756218514846,7.496921401157069,4.791000101769073,8.475096776968037,9.864104776386082
179,6.548061728754249,4.791000101769073,7.864063459302428,4.863744942189165,7.627619918928783,4.791000101769073,7.63503730393335,9.642431724484485
180,6.734025045620761,4.791000101769073,8.454521336229288,4.979035198231212,7.664422274089549,4.791000101769073,8.053510499637465,9.796476256040476
181,6.478780890541027,4.791000101769073,8.250850200692732,4.9491874085159315,7.367538048534455,4.791000101769073,7.68876461142858,10.432797540896528
182,6.534441543312256,4.791000101769073,7.7722643139534,4.960397599364705,6.943537874367227,4.791000101769073,8.233182625104877,9.601964412339774
183,6.549052565776264,4.791000101769073,8.262699979977056,4.960211353308353,6.960232703399077,4.791000101769073,7.851596180764184,10.301209514029148
184,6.685162107022353,4.791000101769073,8.382824907342936,5.116921137838275,7.160886610475918,4.791000101769073,8.563346442858483,9.045221216645094
185,6.696359895963658,4.791000101769073,8.278354012399378,4.854238952219637,7.141983901328374,4.791000101769073,8.013060307891118,8.920248751442285
186,6.848459646135769,4.791000101769073,7.860701462665194,5.007940956527655,7.623442672276048,4.791000101769073,8.419343223767912,8.184988986177105
187,6.6411062433939545,4.791000101769073,8.847761903275915,4.892311721511233,6.647264148147511,4.791000101769073,7.548860484368673,8.969390321830204
188,6.80332127286316,4.791000101769073,7.995591705130202,4.695495994882778,6.964910866454696,4.791000101769073,7.7982628809342,8.674240134794612
189,6.792612997727945,4.791000101769073,8.203726209234786,5.055643522536232,6.902668976885946,4.791000101769073,8.202443446869074,8.18494518519735
190,6.659842405901527,4.791000101769073,8.281020649783242,5.209858286122767,6.53466580678754,4.791000101769073,8.175787659731542,9.318206556756083
191,6.729372917737535,4.791000101769073,7.8559723701381605,4.926992166744466,6.231393856769407,4.791000101769073,7.75162387779279,8.397120930558927
192,6.694530859994851,4.791000101769073,8.200666530189208,5.071564244805063,6.647908840289685,4.791000101769073,8.929481902882987,8.676254461979287
193,6.9479136423753864,4.791000101769073,7.812134266084468,4.904363061038212,6.220168115714462,4.791000101769073,7.864921354269571,10.11924881129807
194,7.079799983398447,4.791000101769073,8.257403883662914,4.961339372065777,6.360937375020606,4.791000101769073,8.339330160761783,7.619379437709721
195,6.75860955537018,4.791000101769073,7.83565048223471,4.780798559347394,6.287752188956673,4.791000101769073,7.560430570862231,7.963486478633466
196,6.863887950936443,4.791000101769073,8.130880808195538,5.0313843657392106,6.574570189967285,4.791000101769073,7.642776456948563,9.246846547661645
197,6.596443685931632,4.791000101769073,8.134672524533284,4.8883180110942215,5.881034533108185,4.791000101769073,8.44955737101011,7.619379437709721
198,6.777896804439019,4.791000101769073,7.948260523608991,4.846474263616461,6.129489704494824,4.791000101769073,8.83925303475919,6.4346782055603615
199,6.736008931751321,4.791000101769073,8.03872431864729,4.970121860968876,6.146940656266031,4.791000101769073,7.8327535513706135,6.715619459632468
200,6.884378733130168,4.791000101769073,7.919972692563979,4.976742661016291,5.92127439627689,4.791000101769073,8.206722377848616,6.78688346578497
201,6.640655763043284,4.791000101769073,8.393498110589745,4.798732666041689,5.9150533230653695,4.791000101769073,7.796007938394223,6.565295697161468
202,6.768234781910295,4.791000101769073,8.002074090656395,4.935720390864914,6.125405509174462,4.791000101769073,8.546518979967798,6.642254698074747
203,6.935074614540068,4.791000101769073,8.278337804924002,4.944479862222188,5.947735788008499,4.791000101769073,7.650289641257947,6.65623770284161
204,6.6649038797643065,4.791000101769073,8.073224092611735,5.14643522383791,6.1147621409593755,4.791000101769073,10.023911803799207,7.560329683208954
205,6.83305937884774,4.791000101769073,8.130211918172241,4.670795611356955,5.846058132537665,4.791000101769073,7.943670850868663,6.577535744484282
206,6.76619794540682,4.791000101769073,7.668468383328636,4.597533889953925,6.0857258273384325,4.791000101769073,8.662360588755936,7.120935062105991
207,6.731337059742134,4.791000101769073,8.47147840288455,4.874949528894584,5.872127503055861,4.791000101769073,7.837932341554012,7.858124571668952
208,6.432860216577597,4.791000101769073,8.003994343098878,4.780852916437527,6.323490473622552,4.791000101769073,8.11543696347431,7.757851829835971
209,6.962202303761221,4.791000101769073,8.313642044383313,4.725041193863351,5.93220678325751,4.791000101769073,8.073363279595199,6.345726897788827
210,6.719250519031801,4.791000101769073,7.791182251850927,4.614198223119789,6.233681216809293,4.791000101769073,9.951354417689979,7.558713929121855
211,6.755877787577376,4.791000101769073,7.858946851805927,4.893111533734847,5.885994246983926,4.791000101769073,7.842585928511257,6.44226915329424
212,6.5772548599174625,4.791000101769073,7.856940738486249,4.750427050283309,6.3688181744253,4.791000101769073,8.388284828720849,6.571433062766318
213,6.616124324143443,4.791000101769073,8.356880168620632,4.752314812020812,5.967326264088288,4.791000101769073,7.686160437024279,6.434439156384709
214,6.759328458774336,4.791000101769073,8.050244810359423,4.644796352719698,6.1418882261413845,4.791000101769073,9.349732141357201,6.406698364028362
215,6.457047640717643,4.791000101769073,8.13636739940245,4.680940541763515,5.90221326622683,4.791000101769073,7.798895972285953,6.473432348674887
216,6.5390743159113605,4.791000101769073,7.807694700427276,4.840918106083355,6.144274200811344,4.791000101769073,8.892476250911908,6.750951947435579
217,6.5021056446770435,,8.060571294305433,4.563030395047987,5.880960558181664,4.791000101769073,8.072800897643354,6.430947065292963
218,6.596970114807547,,7.834520792308562,4.775266847665191,6.213378525367061,4.791000101769073,8.633461224012338,6.202532383597504
219,6.635931812260284,,7.894576995674408,4.765383027702743,5.883144787116074,4.791000101769073,7.9328941606768915,6.298943919400257
220,6.575967228453395,,7.97031775537072,4.882718461821076,6.114182068849573,4.791000101769073,9.84114841609531,6.6198167535534695
221,6.4811094092408315,,8.540844462705174,4.834473633889259,6.041144361794908,4.791000101769073,7.87130939386576,6.338485143418768
222,6.58392682783708,,7.971229131188094,4.81192148207229,6.045252221798659,4.791000101769073,8.007470029256137,6.398619994738367
223,6.707140479378816,,7.854284108549469,4.647917938362139,6.058111734013272,4.791000101769073,7.581434647614405,6.737273655643577
224,6.616854500128424,,7.905839500817102,4.693449905042807,6.191189632358314,4.791000101769073,7.997134113311554,6.35437351486243
225,6.549340709385799,,8.603122038670513,4.609906787766581,5.999464791368116,4.791000101769073,8.00316282645268,6.202532383597504
226,6.537800667265424,,8.294667751180109,4.740422947833491,6.127222391833053,4.791000101769073,8.335397194899087,6.549161471298795
227,6.483296153913498,,8.36944436396932,4.671227659456097,5.918752578862824,4.791000101769073,7.7176147963371236,6.202532383597504
228,7.013021643398131,,7.681086680751556,4.767004614584763,7.0794806547649864,4.791000101769073,8.738694355717884,6.313572749106391
229,6.553805021988568,,7.736329722717388,4.814403495448648,5.989622860450265,4.791000101769073,7.885592213243319,6.202532383597504
230,6.481918471449664,,8.469021113953609,4.638948480427799,6.530555905291346,4.791000101769073,8.168164553476458,6.228544927618227
231,6.493518302384233,,8.17566035161348,4.504978310653244,6.082141945777452,4.791000101769073,8.075333583383706,6.202532383597504
232,6.486426353606066,,8.119989993385518,4.623535163855694,6.4702234363749485,4.791000101769073,8.308222502933255,6.3586192607002285
233,6.513027155010637,,8.14738698901598,4.6101572663976915,6.415335241930896,4.791000101769073,8.083802123312804,6.276678232463513
234,6.745699323285856,,8.220160726890104,4.487762867789033,6.173193511236149,4.791000101769073,8.631128462943416,6.311299440269964
235,6.6784688610420595,,7.9458598008737695,4.576266703036919,5.989528409517311,4.791000101769073,7.793339213279611,6.189354810835474
236,6.6727636321447585,,8.297010619899249,4.794639631699722,5.785467171458676,4.791000101769073,8.921474023606564,6.33100283647654
237,6.615033080036712,,7.590056032954789,4.774411667055099,5.838958142137665,4.791000101769073,7.7858047762661755,6.299544981588434
238,6.804192871206696,,8.091775751260014,4.651297085860613,5.5991179591627285,4.791000101769073,8.529168894894879,6.197558671906207
239,6.74217018572863,,7.590056032954789,4.592227036352739,5.78833022034142,4.791000101769073,8.039422950155164,6.323968459583936
240,6.670927714499104,,7.859836945872072,4.814826498684425,5.654491446127958,4.791000101769073,8.389247211223557,6.254434959141848
241,6.668681782225292,,7.724484763168269,4.514050307196267,5.619639107803773,4.791000101769073,8.068262208135673,6.145184828428641
242,6.700433554262837,,7.645152114409776,4.531694905473901,5.813062693384261,4.791000101769073,8.426311024815003,6.185093208200672
243,6.424071022228261,,8.141333943926655,4.643971376756922,5.5991179591627285,4.791000101769073,7.620543570838715,6.157720812569963
244,6.736030398576743,,8.006833426346576,4.6314647974077126,5.739772506239553,4.791000101769073,7.9220339809379405,5.968286944079114
245,6.475254549924953,,7.910275751118202,4.709888709899411,5.87426792677167,4.791000101769073,7.548860484368673,6.155113568512586
246,6.514118274749456,,8.391047530979815,4.6558214148140316,5.89421109209254,4.791000101769073,7.859362591755139,6.718755415804796
247,6.6426985290921845,,8.019430085800328,4.6181106680687005,5.5991179591627285,4.791000101769073,7.548860484368673,6.089986961218449
248,6.450554901064637,,7.901882118423884,4.921977728770723,6.091053083970203,4.791000101769073,7.827319420254477,7.702338393262815
249,6.55693451229191,,7.590056032954789,4.5945442066535875,5.5991179591627285,4.791000101769073,7.548860484368673,6.361128624405773
250,6.683571008432994,,8.511070970288348,4.7617724989884564,6.159514374558834,4.791000101769073,7.9836253886565425,7.852181800833059
251,6.497187475026366,,7.590056032954789,4.546834024895216,5.5991179591627285,4.791000101769073,7.548860484368673,6.313011015518163
252,6.589920066391904,,7.892623801580417,4.931560368400644,5.978938928132294,4.791000101769073,8.01497732045836,7.746021980139414
253,6.723970503109055,,7.7521716101789195,4.584875203994585,5.5991179591627285,4.791000101769073,7.548860484368673,5.968286944079114
254,6.478744791476653,,7.55232828796262,4.640441852245957,6.0516835244503655,4.791000101769073,8.137982492733098,6.171151295136607
255,6.683592875232878,,7.949829322285714,4.707651691374664,5.692268373151828,4.791000101769073,7.548860484368673,6.3131590828905395
256,6.399762369345849,,7.940567106577024,4.498228649291672,6.283232956386798,4.791000101769073,8.089069877551532,7.11758674529202
257,6.680801597352766,,7.6074598122258665,4.65697224025884,5.591884734844164,4.791000101769073,8.238294164989084,6.094597523378276
258,6.397671845477695,,8.065697738866305,4.545736133597617,6.292016738572459,4.791000101769073,8.731389221428604,6.4808854757904095
259,6.611321191854452,,8.004480265085242,4.704518877229457,5.68784195731538,4.791000101769073,8.084242909964203,6.110982808275756
260,6.519287884052622,,8.093766802799806,4.6033129017341015,5.770522863569587,4.791000101769073,8.153505417172443,5.970001306998366
261,6.6917737213082225,,7.951513759177665,4.548003314531216,5.651901483097305,4.791000101769073,8.533088069872694,6.002542001092187
262,6.587143135554909,,8.16285804078314,4.646493968286418,6.0991208904269945,4.791000101769073,8.17750317205502,7.152384567753037
263,6.449684079775996,,7.884271774836795,4.548093515811336,5.592403030039957,4.791000101769073,8.825686218390103,6.179841932745357
264,6.675292682311172,,7.9089704712595035,4.5125442559238325,5.559334931703284,4.791000101769073,7.548860484368673,6.8021622866028535
265,6.59477488920478,,7.9727821667601,4.562042594054605,5.527272979087597,4.791000101769073,8.51209771040563,6.057354027429671
266,6.489389876659882,,8.11519172676294,4.436327478070298,5.4918464290221385,4.791000101769073,7.987307657616087,6.446361172948024
267,6.592825882245643,,7.707345045497428,4.539954147873786,5.477121556370181,4.791000101769073,8.42478826222448,6.284847123504878
268,6.513973678546696,,7.821455581794888,4.45447509960803,5.370762274829753,4.791000101769073,8.547456273601258,7.02963123823072
269,6.606908351301027,,7.937175824883612,4.679498734745621,5.533005579548416,4.791000101769073,7.990582088078751,6.027054769461634
270,6.58242871532854,,7.775658492712057,4.449058416832606,6.025739935152263,4.791000101769073,8.41318808520545,5.925558558967145
271,6.653837817427372,,7.728482273258066,4.5909563131729065,5.463743647131389,4.791000101769073,8.92598690014718,5.903673127597261
272,6.558900550189548,,8.107143052667547,4.458471357997824,5.693602102281202,4.791000101769073,7.808693881053755,6.324364707248624
273,6.508548275269821,,7.602041044038644,4.701550373678833,5.012890710555336,4.791000101769073,8.105256533170678,5.882342393918119
274,6.643558414350296,,7.933382007161581,4.536442454279403,5.15830558211732,4.791000101769073,8.16137081125793,7.043524618736947
275,6.554008011099368,,8.015680188481552,4.598163461416539,5.185851975901042,4.791000101769073,7.921808670549955,5.991331936108633
276,6.502068967723876,,8.188279477124887,4.593932990123301,5.480957979999407,4.791000101769073,8.165038756569604,6.958013858407255
277,6.5266165510648495,,7.922437770900845,4.440201834993377,5.033423831537857,4.791000101769073,8.389993621743198,5.930339379742943
278,6.505600213377406,,7.882062337027767,4.526567215115498,5.547041725921901,4.791000101769073,8.18259215561679,5.9658139046395
279,6.483918644043216,,8.137190837790772,4.571303132577106,5.184124869404541,4.791000101769073,8.03749877511353,6.043568857414512
280,6.537265752354156,,7.774440781387815,4.474378631915562,5.325539536165111,4.791000101769073,8.055021461581703,5.950015467614039
281,6.498327841539035,,7.834544014711958,4.4709308061521105,5.129328033840966,4.791000101769073,8.287356236600925,6.128377959178023
282,6.660723025040547,,7.775950181847511,4.720816589664858,5.463212419404192,4.791000101769073,8.6772749977114,6.212997332920273
283,6.460229480962712,,7.744677812770499,4.479027673065645,5.1788203805417234,4.791000101769073,7.8147726754121,5.912663198155079
284,6.564820728036665,,7.8655764650364475,4.400073451340847,5.545736796172942,4.791000101769073,7.96108983417519,7.5889044484608075
285,6.579700709944079,,7.896598721340549,4.592408732212034,5.113552953639384,4.791000101769073,8.453394657311335,5.909183875296092
286,6.462154324795022,,7.672316983755384,4.597199772849625,5.273664024885217,4.791000101769073,8.051234623603374,6.9085299925373755
287,6.654621768378768,,7.532509925126583,4.405260022946765,5.087687200427564,4.791000101769073,7.666475868833883,5.990198182837624
288,6.744209871140065,,7.686256827707223,4.549857099790483,5.6585858898083865,4.791000101769073,8.494768410479331,5.477848003874365
289,6.459688474846107,,7.877981632737804,4.54200527675484,4.971993267157791,4.791000101769073,7.772757115656353,5.565969035906331
290,6.621892610709948,,7.741870392668698,4.706786451212305,4.812525687120315,4.791000101769073,8.234413428166462,5.429598990118391
291,6.544933152981205,,7.661422086519456,4.500750321564606,5.031147806368453,4.791000101769073,8.016796456726183,5.528883812299483
292,6.52522717912814,,7.833302108666892,4.499414350108012,5.280840711283588,4.791000101769073,8.419372566319078,6.498681026673544
293,6.580054095832119,,8.233933007492888,4.486280035197042,4.870703625003008,4.791000101769073,8.272456688918972,5.488987359859154
294,6.461402151915079,,7.689244603981892,4.497796655920963,5.221710683353178,4.791000101769073,8.146106847091461,5.4256704702050875
295,6.469731533725769,,8.14653004206087,4.435098705006093,5.132620038993317,4.791000101769073,8.145783948635478,5.4256704702050875
296,6.476477271063869,,7.807274401096274,4.552397644105533,5.4550859921524,4.791000101769073,8.928695499768471,4.9584530089872905
297,6.532783893800785,,7.854206670100351,4.476190278726878,5.052318451647104,4.791000101769073,8.136328535948593,4.8894945759299215
298,6.410845867679151,,7.599291212881092,4.505416580383144,5.319238811673818,4.791000101769073,8.555737581924044,5.313294679658646
299,6.562872358991502,,7.776089177312011,4.584327984103483,4.812525687120315,4.791000101769073,8.236614474374024,5.115000548312346
300,6.471228577101293,,7.7496425913334175,4.395115592826049,5.4925254205315905,4.791000101769073,7.943285535131918,4.881020363789357
301,6.569765318106101,,7.882875650185302,4.411627252617799,4.812525687120315,4.791000101769073,7.643562316666477,4.966539719599155
302,6.445711768873031,,7.798513060001665,4.411517827552155,5.521445532809008,4.791000101769073,8.295069750482812,5.256847230176293
303,6.4865714412711055,,8.080496094984104,4.4803901964740565,5.16036305523408,4.791000101769073,8.34613489793621,4.914708428196455
304,6.505428926523084,,8.003369339855134,4.441890664116264,4.669505221921489,4.791000101769073,7.957920472539737,5.049244400669962
305,6.478167885863753,,7.720222322360329,4.55557769961321,4.862642592732879,4.791000101769073,7.93465867905792,4.889345947753517
306,6.422248347394828,,7.709126951128313,4.601833902690483,5.008562489273366,4.791000101769073,8.375878354121404,4.922058576716419
307,6.430328645724779,,8.154007670063754,4.480826847826269,5.14985703455492,4.791000101769073,8.027011731686713,5.029288863481153
308,6.4266675522312955,,7.899594573844551,4.588388282253465,5.144435069039288,4.791000101769073,8.0181830658586,4.769644519531869
309,6.384162389714624,,8.246545735940211,4.5275130103592405,4.814413221877493,4.791000101769073,7.556105907927061,4.983084044104921
310,6.424749584402242,,7.792939732909976,4.5056045013230595,4.596823768151058,4.791000101769073,7.667402790008819,4.421342734567495
311,6.454735441164343,,7.8818587083714435,4.423510582480916,4.733318552461245,4.791000101769073,7.90193891366314,4.5195755332485925
312,6.4436957535442225,,7.489162543029344,4.47282141197047,4.979234205795186,4.791000101769073,8.286661948533014,5.346688582705829
313,6.48344636815072,,8.19508185677919,4.424903163514276,4.683679443103372,4.791000101769073,7.650576777473454,4.861186019463566
314,6.475680148382851,,7.457994595790449,4.447332142554381,4.812653499470365,4.791000101769073,7.913225503042744,5.1126571543055555
315,6.462699972607557,,7.789404625335481,4.577134356946961,4.711524833371226,4.791000101769073,8.049618688857112,4.730254156020035
316,6.3881263800560735,,7.557104283539248,4.432569772751141,4.539698029895957,4.791000101769073,8.13311322257367,4.813893925865131
317,6.584041110443612,,8.026471755392686,4.556282257150934,4.598395765650077,4.791000101769073,7.814929757109778,4.824903480043793
318,6.398711561879879,,7.707896590583616,4.521227297253251,4.637348908864554,4.791000101769073,8.383812014580682,4.913241541392338
319,6.4066845152371235,,7.709171042718087,4.506884976369494,4.637571503380547,4.791000101769073,8.044044380085344,4.7785058413380375
320,6.531297559542646,,7.765656403354727,4.5498121439534565,4.674236152461544,4.791000101769073,8.337590762216362,4.9313261474309265
321,6.522055245714529,,8.32048859840254,4.382821951325872,4.459059807175148,4.791000101769073,8.416223592245974,4.7457418560605396
322,6.378542809356842,,7.697140978040033,4.41112669742358,4.794064477842497,4.791000101769073,8.403854966105618,5.34869422436239
323,6.5141029951137135,,7.993984919952503,4.441588860212575,4.734642421116337,4.791000101769073,8.108990002350945,4.666318481298255
324,6.423820596879633,,7.791508279879072,4.398773387885957,4.588054104861784,4.791000101769073,8.53011975460273,4.751056275762804
325,6.418092803752051,,7.9987668103684895,4.492154771508461,4.4960199629785675,4.791000101769073,7.481303806144819,4.421342734567495
326,6.481250831240507,,7.6766242419798525,4.374718011810976,4.561113452005623,4.791000101769073,7.946638347108442,4.934270679125054
327,6.651826146586093,,7.946851245995232,4.532779887050203,4.941660693620861,4.791000101769073,7.732245792543709,4.421342734567495
328,6.547370931655519,,7.973039629486597,4.467545921874249,5.60266357108027,4.791000101769073,7.652927845751486,4.898799802418341
329,6.427272652225633,,7.831262674086536,4.525444866255915,4.454716230184394,4.791000101769073,7.596609385135545,4.421342734567495
330,6.402539680471925,,7.806502063808236,4.47220802157733,4.9599342603371,4.791000101769073,7.65445044277266,4.82140120804146
331,6.40699625924675,,7.547700530880017,4.408561645924045,4.65617022055387,4.791000101769073,7.715236466296452,4.421342734567495
332,6.432495966205399,,7.805564684104337,4.502215505841785,4.73400383572204,4.791000101769073,7.6113820214404555,4.787753073791311
333,6.5184425328873346,,7.765796860261558,4.385028019784076,4.538875467774306,4.791000101769073,7.441020342748829,4.530138570806916
334,6.474111917306289,,7.7974447865380165,4.478763116111643,4.720542165535849,4.791000101769073,7.60127463766434,5.92821449820239
335,6.566732956281494,,7.811415681132888,4.417631455065016,4.77840969867709,4.791000101769073,7.704178909559135,4.4766870987757175
336,6.491326465518603,,8.101043063640617,4.349261400098355,5.108843036050933,4.791000101769073,7.646153571007031,5.190317720415588
337,6.456514153942913,,7.638081063444888,4.455789003557241,4.7511039413842315,4.791000101769073,7.478294506851309,4.485177741975686
338,6.610068367291324,,7.79281030585993,4.395644918701304,4.6218412177857795,4.791000101769073,7.408023646564922,5.946302781104948
339,6.467405216463886,,7.468792601010081,4.435265503613526,4.8086823379384915,4.791000101769073,7.462719874381275,4.774625113542076
340,6.482029226141198,,7.890872500832614,4.519504736998724,4.714735964257734,4.791000101769073,7.50461083610982,5.963869377816241
341,6.363061610770494,,7.483394888212964,4.405086273552747,4.7948276920924675,4.791000101769073,8.396837147858408,4.906437673112048
342,6.4917086059037965,,8.017775927993421,4.504934529800545,4.842719840213138,4.791000101769073,8.475329971868995,6.671119584190929
343,6.329399048096284,,7.936831144035521,4.439993866387947,4.807927162883014,4.791000101769073,8.235167527019135,5.204553903528696
344,6.429165315763497,,7.655502743707679,4.413556280341915,4.82149209980357,4.791000101769073,7.971067642306507,6.057769475222823
345,6.395009747804899,,7.838712896484773,4.525517318461676,4.483601458186616,4.791000101769073,7.928601139369384,4.67600200794337
346,6.506795176477711,,7.768984506004801,4.418935190108558,4.487941308455776,4.791000101769073,8.087132948835846,4.740868075158496
347,6.426507822370423,,7.631124467821183,4.396144206023387,4.454716230184394,4.791000101769073,8.08136562579635,4.855808482341517
348,6.398188220029843,,7.742994260571449,4.4062758768630825,4.504569295544977,4.791000101769073,8.17140758790686,4.807158014873967
349,6.449813342297461,,7.815808925206832,4.480531371663397,4.454716230184394,4.791000101769073,7.933523821647691,4.73769110872385
350,6.488126253690225,,7.741639346663792,4.467990567733497,4.99461659005407,4.791000101769073,8.265831505667231,4.854559937089023
351,6.400056518191438,,7.749552803251474,4.515579461092691,4.454716230184394,4.791000101769073,7.822206070527167,4.456879368356615
352,6.484910131286945,,7.926621178918027,4.424833031826048,5.116444772061219,4.791000101769073,8.409709990269654,4.907175480491703
353,6.483298334825318,,7.593069800076996,4.359041875018935,4.454716230184394,4.791000101769073,7.457471771568905,4.758471964207539
354,6.4722731243690825,,7.840170227770305,4.408945255850795,4.6590506600379475,4.791000101769073,7.592445626006853,4.9536582418517145
355,6.43171295054924,,7.392272552773163,4.440456703925202,4.5539730605909465,4.791000101769073,7.8357062462244045,4.595507121352171
356,6.393375321273016,,7.844805802476944,4.473662377836123,4.544938008938322,4.791000101769073,8.088311053750916,4.874053141312905
357,6.380593600486255,,7.737291847946256,4.372214461346331,4.976509384790368,4.791000101769073,7.731108521340866,4.516428483558724
358,6.382416577649102,,7.83490650689564,4.431861674779142,5.139099526548642,4.791000101769073,8.248080107267043,4.70907640455872
359,6.422173154282434,,8.055002379140292,4.379306050848534,4.564771476315853,4.791000101769073,8.179814528027714,4.421342734567495
360,6.44640602913904,,7.811204058368214,4.505800962161733,4.753490066656966,4.791000101769073,8.247321274672231,4.576166445325391
361,6.367472924633875,,7.625704022836358,4.420337261192872,4.802367715131137,4.791000101769073,7.907493565811203,5.1342593234415626
362,6.331043037801583,,7.926899201793312,4.35208343262232,4.943284929537301,4.791000101769073,8.231007072655682,4.402507362311085
363,6.505804658525392,,7.8148581349006125,4.396454648144094,4.83511448411802,4.791000101769073,8.054825380972785,4.833759390214324
364,6.33879809228772,,7.797246322896589,4.465964489179833,4.710186116801992,4.791000101769073,8.147669968490494,4.94298486448673
365,6.382210528898487,,7.684101082446095,4.4209062836450315,4.841613772752599,4.791000101769073,7.466531454823693,4.636458844254608
366,6.3515161376983835,,7.4856260198807965,4.41258225168804,4.770084967857551,4.791000101769073,7.606581062469725,4.780706488589803
367,6.346922551704535,,7.606044643087924,4.498270705078171,4.512640035268189,4.791000101769073,7.4574585714368276,4.913038010338236
368,6.361381875952543,,7.9072096862666905,4.323489818430063,4.752139967356207,4.791000101769073,7.370210671069496,4.81550852371983
369,6.3813391761909815,,7.616984047511501,4.364328394659172,4.934746346881752,4.791000101769073,7.81702149258495,5.27981591303031
370,6.340294541714757,,7.728290192798069,4.3557759173396295,4.706190106764606,4.791000101769073,8.103511446451995,4.603326263581039
371,6.429012249327169,,7.8270213033320575,4.331361296709762,4.700266982743233,4.791000101769073,8.192889268141187,4.7385344898132
372,6.343242486006791,,7.45053651149648,4.3214408160677795,4.739500450688854,4.791000101769073,8.185862903301713,4.68881199205035
373,6.479334062631657,,7.743146169824674,4.418216909867087,4.524155487319397,4.791000101769073,7.561680659936835,4.526270547700569
374,6.410534179971032,,7.582123728158062,4.408262606377561,4.68388054806671,4.791000101769073,7.960631464405652,4.45829088346367
375,6.436035424137035,,7.700002094682165,4.300142089944524,4.4763707618684,4.791000101769073,7.4082254637461356,4.552575838781901
376,6.375803178672365,,7.501223053654926,4.324302634061236,4.649010580377345,4.791000101769073,7.709831888853123,4.879549618782401
377,6.442241958020171,,7.859632966979146,4.505724344208049,4.614506730612399,4.791000101769073,7.5374161658410905,4.518402382730906
378,6.386583024861792,,7.646273019393105,4.406848580537787,4.5183305776053375,4.791000101769073,7.896802668716842,4.577768997098985
379,6.370657671767227,,7.7068012819856335,4.3172525845231045,4.722993880261593,4.791000101769073,7.55569333970023,4.763700261343584
380,6.335989334735487,,7.564630056373434,4.336252787192086,5.354956814467306,4.791000101769073,7.670455844709051,5.0293245386951115
381,6.408016314585966,,7.450043844432795,4.3623160483308,4.670051676922739,4.791000101769073,7.469863840999449,4.42504212434188
382,6.377448000198678,,7.496271185549492,4.336633819386872,4.7589898918188025,4.791000101769073,7.480722434545979,5.170557882143117
383,6.370040851922089,,7.556707140248708,4.34248157579046,4.705549970005582,4.791000101769073,7.370210671069496,4.778929809289547
384,6.367301913752417,,7.800932974697837,4.293504364021405,4.557137596339663,4.791000101769073,8.891676282385793,4.479450207512556
385,6.4680113098410015,,7.73109924664929,4.410507138241665,4.719800476311533,4.791000101769073,7.370210671069496,4.271880273875594
386,6.352732640278921,,7.389544803573463,4.315366972790664,4.453922685730009,4.791000101769073,8.622699749091305,4.344103209312426
387,6.395403026982281,,7.854889283520546,4.384638625348138,4.870917896898261,4.791000101769073,7.370210671069496,4.271880273875594
388,6.346905249737933,,7.645362383874384,4.250485247088838,4.78494506304519,4.791000101769073,8.610755896037473,5.328247245626438
389,6.345529497478811,,7.567722593583638,4.456879511073168,4.501232965660657,4.791000101769073,7.370210671069496,4.424791668294021
390,6.32460930451696,,7.614131207385051,4.375028117067005,4.6149924095059625,4.791000101769073,8.65281667130519,4.670664483474745
391,6.367057811411382,,7.822066833096682,4.426909930575777,4.590695889382532,4.791000101769073,7.370210671069496,4.457424612628839
392,6.322404124574413,,8.034436438027077,4.31784353957814,4.350216162722296,4.791000101769073,8.351625249211429,5.018627797262528
393,6.400192475326793,,7.632441596278617,4.3004914746054155,4.350216162722296,4.791000101769073,7.370210671069496,4.714458381781436
394,6.409959257040831,,7.538023434991232,4.288924856148194,4.548834317209083,4.791000101769073,8.21676003235557,5.316206276883108
395,6.335155247029507,,7.745912662469816,4.460765277318315,4.350216162722296,4.791000101769073,7.890177301295097,4.480947805221006
396,6.343243972228184,,7.565632215561008,4.344408028694127,4.6524422651606265,4.791000101769073,8.156168451648268,5.804331867952673
397,6.350254064158182,,7.735578522345036,4.388813813321263,4.7989868913830485,4.791000101769073,8.18462813876427,4.290687452419051
398,6.350768244188926,,7.560941711106516,4.2836040555036865,4.833677352074394,4.791000101769073,8.440275838495849,4.605712455271823
399,6.371727730729038,,7.632072397709366,4.366748214235207,4.341548752497851,4.791000101769073,7.888434820651177,4.705123043955769
400,6.383048405816422,,7.797935345380975,4.350926294742693,4.993674569717267,4.791000101769073,8.251920664007715,4.364382348054355
401,6.363968180181721,,7.650236345370871,4.312935641127687,4.434246372081812,4.791000101769073,7.937832879183033,4.508885218462883
402,6.370812003887985,,7.623572246249699,4.326269949456059,4.426779227719742,4.791000101769073,7.991079742170334,4.326727460099134
403,6.346143601861152,,7.978545581002837,4.397739771986894,4.340150761099019,4.791000101769073,8.126212265015052,4.428143862478175
404,6.344021254454973,,7.620204083405978,4.387837558643434,4.394327834517066,4.791000101769073,8.438514714621398,4.558936211571957
405,6.378224150427037,,7.6780412330641505,4.424153976459718,4.265757560582952,4.791000101769073,8.495188812325168,4.741857588678623
406,6.357999948627124,,7.535659224796484,4.330091404894815,4.441314072272512,4.791000101769073,7.738701573050965,4.357072687124817
407,6.327776794830141,,7.621040398133388,4.377076298961913,4.338662237176608,4.791000101769073,8.29092424295777,5.132083876506078
408,6.332986551639191,,7.701607322762018,4.306312767799006,4.693084573393613,4.791000101769073,8.256875517566506,4.936275802616876
409,6.357274701609474,,7.618486937839102,4.366019849668133,4.484203181100555,4.791000101769073,8.23800485991677,4.334622687622046
410,6.335572072274007,,7.703138914801976,4.343759014511979,4.477741371977078,4.791000101769073,8.07931257109333,4.468259779027875
411,6.353703599318145,,7.495136393418288,4.294234428920748,4.7593330151639295,4.791000101769073,8.208608396772581,4.774208434072911
412,6.357554344887298,,7.8758422512039665,4.322190080704674,4.724807056783894,4.791000101769073,7.83108118920724,4.32701806276706
413,6.351983669622473,,7.5593958919930175,4.247559598732564,4.534151361863884,4.791000101769073,8.070884349782267,4.3015185668511675
414,6.325241278344059,,7.716127505267984,4.351930627586758,4.375684670876544,4.791000101769073,8.04027825157932,4.447182894538251
415,6.361662724914353,,7.569833342669761,4.272987532742954,4.359608677507183,4.791000101769073,8.464591368362491,4.181807786839211
416,6.357306107873054,,7.803102139402811,4.373037753442659,4.575251752147377,4.791000101769073,8.242768515003048,4.241396712399371
417,6.337859896620552,,7.541137842324617,4.288667661787503,4.418951193667865,4.791000101769073,8.078459095083781,4.148904521736444
418,6.374514234569779,,7.7091835219823155,4.363373956258808,4.423840950501324,4.791000101769073,7.9916705281851055,4.1244177325626525
419,6.3740239951497095,,7.389321699788893,4.339030411414643,4.593284005692337,4.791000101769073,7.87465433207951,4.272357445373774
420,6.332586697109157,,7.7803444434048314,4.320054580399977,4.387918959518465,4.791000101769073,8.112758077002233,4.3136499672563255
421,6.352464249956055,,7.623714166316091,4.29887117692952,4.4843481797957585,4.791000101769073,7.924462782503659,4.23580774861668
422,6.396573800199398,,7.719763033874552,4.340455694220781,4.209851885583615,4.791000101769073,7.512002432815364,4.282688647760415
423,,,7.462954848116936,4.301718290012867,4.451936897037119,4.791000101769073,7.7687127243625795,4.534218280783014
424,,,7.7496197605349,4.298709837388116,4.223479189370228,4.791000101769073,7.579052496418597,4.294522339354357
425,,,7.59779607125877,4.254332246511602,4.41739343334604,4.791000101769073,7.804668351757822,4.491706675864926
426,,,7.777918959991802,4.294304451258382,4.467191557960175,4.791000101769073,7.648811921560986,4.165780621064552
427,,,7.4650906557393295,4.3276199866254315,4.480235593805555,4.791000101769073,7.752047260280645,4.257229667973395
428,,,7.681865526126216,4.275667342041202,4.5785948272603205,4.791000101769073,7.456607883565863,4.350439302961182
429,,,7.5510153971670295,4.245790887548999,4.646685817393383,4.791000101769073,7.669642625730476,4.7172216894537335
430,,,7.493431076862625,4.275763310272263,4.458760479655819,4.791000101769073,8.075208255875319,4.4654594714496545
431,,,7.574021355635173,4.384688454734143,4.4524488423175885,4.791000101769073,8.07677419178813,5.1396456789499805
432,,,7.678745360301386,4.252429252817667,4.40476963142279,4.791000101769073,7.895935159243927,4.48686225222289
433,,,7.339704705850723,4.327037445927288,4.484035224798108,4.791000101769073,8.256032406212707,4.628511195349565
434,,,7.532263140036143,4.252292404954203,4.382848704277959,4.791000101769073,7.680412764164718,4.100089000638611
435,,,7.494376822545719,4.295011700273652,4.8563373799113885,4.791000101769073,8.576500642826547,4.269723903998799
436,,,7.595525387496554,4.272011767436963,4.44899530913811,4.791000101769073,7.914423784961659,3.969484091531981
437,,,7.382818863371275,4.356302794136711,4.280495051531945,4.791000101769073,8.113777021096276,4.435616472556773
438,,,7.89861512296084,4.280785638380783,4.277019003277746,4.791000101769073,7.7456970255370345,4.085273987038504
439,,,7.600009615334051,4.304770029754045,4.430339294958032,4.791000101769073,8.25045295673289,4.259978935808419
440,,,7.803605443885327,4.254067716049421,4.468353438094729,4.791000101769073,8.101920733695128,3.9857287730734416
441,,,7.500782663402387,4.298804363164544,4.426315851892754,4.791000101769073,8.548506068422885,4.105392721235285
442,,,7.73241296253284,4.253338620714869,4.37121176324382,4.791000101769073,7.760906895722014,4.0122768743808885
443,,,7.49448551000844,4.326724722879268,4.446271358045507,4.791000101769073,7.8688706270721545,3.962652533185438
444,,,7.537157546164195,4.276039153504069,4.375557849945105,4.791000101769073,7.662940247787837,3.978031589855415
445,,,7.6683333747134945,4.2807750728856595,4.497008517546642,4.791000101769073,7.855224815340535,4.246453622186114
446,,,7.6368786000688065,4.289242454039371,4.319980275758048,4.791000101769073,7.625271817868625,4.04552681841165
447,,,7.427765055422484,4.263075229561929,4.3677539817436815,4.791000101769073,7.913049983045794,4.159242094581286
448,,,7.53687990395134,4.265079936531196,4.063658424350799,4.791000101769073,7.541435495286721,4.0103643019583135
449,,,7.2893059793554515,4.263783003381923,4.298285891288762,4.791000101769073,7.9962575732891965,4.160617954473101
