,ev_op_Hp15,ev_op_Hp20,ev_op_Hp25,ev_op_Hp30,ev_op_H40,ev_op_Hp15_2f,ev_op_Hp20_2f,ev_op_Hp25_2f,ev_op_Hp30_2f,ev_op_Hp40_2f
0,13.892758948708527,17.17079983960909,14.778602065112736,24.3863125081876,17.342452815022725,14.159862150048756,24.198791636885026,20.40783838897756,20.12577844597781,18.91698825213529
1,14.997336165527269,17.17079983960909,14.778602065112736,19.059594090623545,18.875241523961474,13.711282734277656,24.198791636885026,20.40783838897756,17.011445338278367,17.953902116153106
2,14.968092070637393,17.17079983960909,14.778602065112736,15.61064949163187,17.074385326722734,12.065751268874402,24.198791636885026,20.40783838897756,14.826184654613442,18.91698825213529
3,13.39603645327996,17.17079983960909,14.778602065112736,16.440626305415748,18.930471038867672,16.6313835432282,24.198791636885026,20.40783838897756,13.711326117810225,17.80881290340498
4,12.551944645897823,17.17079983960909,14.778602065112736,15.61064949163187,20.049268243094048,14.669569121493753,24.198791636885026,20.40783838897756,13.711326117810225,17.35936460526383
5,12.194016951886764,17.17079983960909,14.778602065112736,15.61064949163187,19.815333702617874,14.183439585929719,24.198791636885026,20.40783838897756,13.711326117810225,17.81075099152718
6,12.38107656010175,16.800865780813286,14.778602065112736,15.61064949163187,18.842553058070028,14.127768175782323,25.581870932046357,20.40783838897756,13.711326117810225,16.53570674054408
7,15.386308128357008,17.238762744027643,14.778602065112736,15.61064949163187,20.026443232056618,13.391506453608224,22.43822737931646,20.40783838897756,13.711326117810225,15.934010937651863
8,15.638029402471615,15.63241572877934,14.778602065112736,15.61064949163187,18.174007819087468,15.129281797966987,21.989074432181297,20.40783838897756,13.711326117810225,17.933524926468124
9,10.154821625782825,18.51395429640716,14.778602065112736,15.61064949163187,18.219451247829376,12.415333450364999,17.92104579800178,20.40783838897756,13.711326117810225,17.668910382600245
10,11.60154306926957,18.852350353422576,14.778602065112736,15.588297340215375,17.62642201418719,14.403651494533179,17.754692320687738,20.40783838897756,14.666970386305271,17.626771487000653
11,9.206875727662723,14.08728031955085,13.83156059700608,15.570966158944215,15.586438161209907,12.444185839803609,20.135799241619964,21.66281756622764,14.079971584948414,19.228818442532816
12,9.318854122018902,11.487702757841138,13.06253785812164,15.135932775797382,16.98091600271724,11.568170706279584,16.521941135392943,22.93313021615187,14.079971584948414,16.624705694072
13,9.112397384228059,10.299907617396633,14.705531905421168,15.737584986608608,16.02555691737558,11.821439868651401,15.527149134213282,20.277995257249867,15.561497718943922,18.704262741621143
14,9.309424022257252,12.499908000150416,9.628362205414957,15.797573614653663,15.89524378732801,10.492659622869617,16.862267328474182,18.408988491457055,14.252527148946488,15.972277700736148
15,9.870056495769859,10.158523898036217,12.507539290148612,15.135932775797382,16.033536446430706,11.924956219241077,16.519111729771797,19.14865319427758,13.711326117810225,15.935899522008178
16,9.887135035156362,9.418888695504156,12.343786699458349,15.572476738245944,16.033536446430706,12.368417375654431,15.217858992973202,20.708824838516485,14.16093256098299,15.935899522008178
17,9.001146112512949,9.945939066065742,11.61857597837285,14.74724185732181,16.238357177324172,11.934273352399483,15.751833631449646,16.762568343229667,14.521364277687203,16.600356242772907
18,11.759933523421498,10.740507659149072,10.856720387853168,15.332874896341444,15.89524378732801,13.995959098968378,15.696576649425964,16.333351399878715,13.40909403361174,15.972277700736148
19,6.942647983568725,8.548929130477445,11.73150341045857,13.325841857058903,16.238357177324172,11.965020290735051,14.643781264459419,12.882970916705295,14.932676735520609,16.600356242772907
20,8.19834704354257,8.958451190332696,9.617994734180957,16.519266511579517,15.569698669075017,10.74484024840377,15.363898691630762,12.867790135683519,13.26294973557049,16.059890113507308
21,7.123997371462281,8.670905329668132,9.579375757390766,15.53026330409002,15.373743556168904,12.23487308418209,13.54910203045424,14.235562990278616,17.059625644800043,17.530802897043454
22,6.7413440339228154,8.548929130477445,10.996432193693508,14.423181152319097,15.48585890058113,12.675571451710097,14.400654642507106,12.158585515213689,15.414445776052611,16.961656607896167
23,8.260028476760231,9.315147548290932,11.381737946632715,12.981945450230318,15.41775007476291,9.800012988337217,15.178059790497258,10.85703377783273,11.884048756855943,17.046498001399186
24,9.30301270090722,8.548929130477445,9.41807737908698,13.07285502827403,15.35080822207893,12.249348167431222,14.123217381741002,11.021231224078807,12.652676383033018,17.22381272106362
25,7.547744527011889,10.229020252854632,9.863262507855563,12.666247747691793,15.152764270600352,10.378754464601506,15.183441444868144,11.261617717837929,11.560317638700772,16.01040942718011
26,6.632994102075311,8.548929130477445,8.432552461826353,12.706788182752138,13.67363995578763,11.132480026770725,14.027085055063676,10.714212140160592,12.863364161781647,17.17334640242255
27,6.8559021460959295,11.707546891766544,10.923471330335039,14.22874678489769,14.404568599825293,9.879007131331587,14.129615337163822,10.635147704752615,13.89464148358302,16.697487319318643
28,6.7548226084714935,8.548929130477445,8.432552461826353,13.359686334494604,16.137773877526833,9.149081142313419,13.922545922842987,10.359085811675724,12.572770361742487,17.30730031953397
29,6.671335553764109,7.158205319142573,10.901076696957205,13.727763940049151,14.169440631391845,9.094189691633076,14.095480531563465,11.726892764533709,12.66091603378538,16.761414901546686
30,10.33815313793475,8.800990085644314,8.432552461826353,13.349515836420569,15.596675755064595,9.136246415160757,11.73939102011708,12.644417447292769,12.54622303264788,15.541161127769547
31,5.946652891262008,7.875442416973752,8.737584898238152,13.418294668992887,13.559524026654158,6.967733230680115,10.56026719536307,11.246417831008728,17.485064257992196,17.806737268971943
32,9.028810930506742,7.627014497396378,8.432552461826353,15.190769794036127,16.528587771213317,8.713586713763082,11.609393482598913,9.75389968673625,13.668379210506107,17.09732558096095
33,5.947403404379885,6.550179351999446,9.684607023529345,15.730413375010384,13.855598203763257,7.807650039583504,11.529134050495681,12.612258137361195,14.935195472313026,16.545423192555734
34,6.655439062297026,8.057694275903206,8.432552461826353,12.904450047493595,13.007959670484167,7.461722445221517,12.4428028380853,10.262604092763958,12.72033994488698,15.622000512330839
35,6.067272330559998,8.675592578416573,8.280472191396143,15.899717600426369,13.015811688476122,8.393804533142633,11.567881139713458,10.447759574801461,11.716715112655129,16.882969371043885
36,6.193450938327072,6.743284896621565,8.280472191396143,12.666247747691793,13.454020552768263,11.862644265570635,11.151494514582351,11.17148762704317,11.716715112655129,17.23417277577487
37,6.408463741733076,7.0650515726315035,7.502543143102369,13.779203869723155,13.244402422345988,8.620864128859438,10.567679691815353,10.877372637354155,11.797610550021167,16.326748862341322
38,6.039677241940228,6.987766979374573,7.502543143102369,12.666247747691793,13.882506249333707,7.9177421156513965,11.62117927669008,10.536036934672758,12.72033994488698,16.84503924835794
39,6.377057797589232,6.688229015520706,7.546241340475568,12.123159674971912,12.969761368444193,7.8551861649198225,10.478318715345269,12.253546460184767,11.797610550021167,15.22895636527418
40,5.099532143219538,7.4168945129823705,7.502543143102369,12.123159674971912,13.373563629141172,11.00587497446501,11.193427816182403,12.20719485402911,12.770464124054516,15.391738764074956
41,6.073929861254208,9.19848150484373,9.05411784665248,11.80971076386706,13.445725343161552,6.626701685569406,10.891836461890927,12.660495109026682,13.916558542671822,14.824269002198466
42,5.396314951808909,7.319249728403627,8.259166669584232,11.80971076386706,14.26186931617608,8.026421478136074,10.478318715345269,10.028274722405794,13.877026020216032,15.622383601179946
43,5.0477035321913455,9.144176139829472,10.89894953580531,12.662755506059167,13.644487516452278,6.667276959782057,12.50588868446253,8.247152125114857,13.685760976667579,16.461578141622077
44,5.42982493342755,6.897563167764714,8.602503997040012,11.80971076386706,13.991698594333098,10.50072903934645,10.478318715345269,10.08175313071342,12.694633547416228,15.463663443976808
45,5.729339147435631,6.7468722416899745,9.092660270536097,11.748968124307579,14.16660348143182,6.70970968747795,9.077315071329782,8.722283249633092,12.398351101522158,14.82902030393359
46,5.952679183570029,6.413005066918753,8.038961721804927,11.748968124307579,11.743025140066917,10.1512903031475,9.077315071329782,8.41949311071696,13.427891262454267,16.147536237290335
47,5.315142590486977,7.875452009750267,7.912805779777494,11.496956397541533,15.074917747292993,6.8841965229263185,9.181179437176679,8.888646603727317,11.948441089062689,15.95319826838946
48,5.248412414587579,8.043109353716448,7.338663848518603,11.496956397541533,12.71032010142573,7.171157174758329,9.077315071329782,8.728063259509865,13.123738107494404,16.135820710180944
49,5.953851801171881,6.491618885181011,7.621405891621124,11.690554791565297,15.217460705167877,8.238522932518899,9.593061621976343,8.660515853797644,12.083258010126466,16.56166329846154
50,4.705593984722004,5.950303728671593,7.468731555871298,10.150293084973285,12.446813624096517,10.964135110258026,11.311242950984083,8.798194546177115,12.000272623093435,16.42126887895693
51,6.33227500036189,5.9450820519549215,7.97203684835608,12.950407967116123,12.574090381268427,7.748747280866856,11.83579725344944,9.378202811775036,14.649579683234625,16.242279042234145
52,4.779952561209431,6.8837193406358415,7.636878027617686,10.635962321143678,15.116349935244026,8.385771815727695,9.394044864715507,8.247152125114857,13.580925896312497,16.569757609711726
53,4.460147917752862,6.014980580645281,8.052802884720675,10.758812576640894,13.216391100230897,7.372884989406459,10.673034823408324,8.319953315897706,14.018826005397587,15.614598892042668
54,4.653488721045473,5.12004866538857,8.796553164882447,9.040447964059805,12.001052187061743,8.53104689800759,12.35026802052417,8.247152125114857,12.084786320288817,14.830070339484314
55,4.585829567067321,5.1028622347989305,7.6946700611145165,11.956571529574806,12.933915418280895,8.044222147826728,11.488481138851112,10.334821921916845,12.553693347095198,15.31482794271788
56,4.5667325550827735,5.829100773335678,8.6997133312326,10.05368274308999,11.788204094070581,6.059575231363934,8.9897240774858,8.247152125114857,12.398959188910021,15.31482794271788
57,4.6495188076163565,5.15669066354134,8.093758377078206,10.790942522005894,11.721242548513683,6.210446347606698,8.28796448008734,10.863187564498695,11.847816425141135,14.842785150818072
58,4.355137899018426,4.3764133055993435,7.0766283588536885,8.763730017989015,11.747753059022251,6.021131055651693,8.274916447147167,8.247152125114857,11.832286941146595,14.830070339484314
59,4.2478690558320364,4.158642027419999,7.171034310444706,9.889351680789243,11.537154975741908,6.380059695633549,8.641434405702176,8.280026599906254,11.86094857806812,14.842785150818072
60,4.639337753603588,4.855991396773492,6.675578512734348,10.36016746780932,11.153785311573662,6.685690336758786,7.8903603512905285,8.247152125114857,11.938517003000918,16.12320486085559
61,4.4795287377204716,4.180114039039055,6.77619319531336,10.25642298856979,11.58393194095737,7.350884154931722,7.312090358501241,8.439482281404121,11.69260426774058,15.413349939720032
62,4.64583733891141,4.583182327716836,6.062700334589849,8.68850920730496,11.62116118526992,6.430038941860624,8.299480173110032,8.247152125114857,14.1886539072227,16.975644410423467
63,4.612952672963346,4.242675648995866,5.883646021715462,8.873130041163366,11.5822249303566,7.7592223808857295,6.328121075943246,8.191018534162463,15.01446008411372,15.091200586921278
64,4.971956026066647,4.575507246116578,4.2361725466998035,8.979113700461859,11.072394699297078,6.259285932101993,7.191730405426279,8.191018534162463,12.176440606348377,15.56255940390068
65,5.068260278143797,4.121895593137475,4.608237444124263,8.913936494641334,11.043157590394843,5.614803840610138,7.101442669482957,9.71694631271135,12.021158493735312,15.095810823944428
66,4.270666135266405,4.4000127192957805,4.2361725466998035,11.08513672075006,11.259880315496787,5.34132336592242,5.505557802193399,9.201139537456928,11.560317638700772,14.946561925278614
67,4.389574123456202,4.020830244577659,4.766643381906556,11.454607609874582,14.71736003436894,6.388031292991857,9.648991219608718,9.165481383201687,12.303385164969557,14.74676459913372
68,4.08221219709292,6.42728782434767,4.267185821093829,8.68850920730496,12.307035296913869,6.000541149063546,6.9467576207456085,9.626498702302062,11.560317638700772,14.987087567930223
69,4.173312495631262,4.62115452390915,4.664166302741081,10.690216038124998,12.412031200879365,5.7639525489872545,9.941593014020242,9.620519904202295,12.097232108736952,15.462725546140243
70,4.071546048878887,4.9931831178517205,4.689185793802051,8.68850920730496,10.045196616859416,5.6261150694953015,6.209152228210771,9.332103095392279,11.560317638700772,15.80910054382821
71,4.163525284169494,4.199066607168167,4.0714052525313775,9.002503966717667,12.307366941093067,6.585738265880838,7.716902532059014,10.090790341833529,12.115691439088888,14.873838623409744
72,4.275950660175817,4.595694013956629,4.036099497128898,8.949276699262906,10.034899047465485,5.30848545354185,7.051007268136461,8.701219297852486,11.560317638700772,15.876708448429993
73,3.8732299125047516,4.33209652812937,5.368036510960363,11.394351256386246,11.150062664733113,5.717362359854678,6.620783222589264,11.219763898263622,13.590720081770646,16.24662182414599
74,4.167963918825177,4.117455321478933,4.203376961159363,9.028830967698388,10.186346988193955,5.704129828135492,6.013253865720451,8.256214044191687,11.560317638700772,15.201886537236561
75,4.007543775790054,4.438712567492889,4.7502353567452955,8.409863951477803,9.961562083615432,6.406003115725092,7.022007060002202,8.564992980444744,12.922689065133287,15.298055921677403
76,4.115443193641909,4.245029990528406,4.1241871210394185,8.409863951477803,10.681077159947217,5.072117864949028,6.840965713645919,8.026947889675194,11.560317638700772,15.966902957360023
77,4.156690475812933,4.212113539098357,5.762010677561175,9.815172567311409,12.240978025805637,6.400307323449679,5.391525929256533,8.02143656204426,11.703564066547875,14.617347687246932
78,4.149307869312148,4.577225957356279,3.9673531917678577,8.237646772779737,9.933725341691904,5.385512596201104,5.480663777680146,9.25325002551448,11.560317638700772,15.104057355693914
79,3.81081550605256,4.301294469623591,4.896601744899763,10.523717309781427,9.869619422614594,5.55160622792704,5.4553208896017455,8.487364000777044,13.117199088481645,15.283099461038006
80,4.042078736019313,4.216473281415142,3.820633356573531,8.237646772779737,10.513124233805796,5.078389203456529,5.308285834156308,9.756615808206472,11.551129331184002,15.228780548988704
81,3.981345529896599,4.611611032860836,4.2332577271261105,8.599478664695694,12.725211869704,5.774323455267811,8.928506607371075,8.271509711819467,11.785155326511948,15.043051321281943
82,3.867265877284266,4.307888510525095,4.091227831799778,8.237646772779737,10.24367965744188,5.001440130457792,7.095338338243559,8.969280725914084,12.016592976015488,15.611521002578888
83,3.9694543627541434,4.596390293076658,4.7940400076687935,8.289874266445961,11.585406790538268,5.7884282726514105,9.727918496371117,8.735191893386586,11.938373387927653,16.503621855001715
84,3.8914498860855784,4.441858202663799,3.9182220489704895,8.166860084445224,10.007488854341277,4.805135857034102,5.302034812488892,8.93021901873135,11.655847121650964,15.104468996440838
85,3.7082312098299344,4.808350319432414,4.3855561586440714,9.515587612267897,14.680076740682656,5.3971774034882785,9.265662267371612,9.96991903439135,11.85725937164903,17.00108092566412
86,4.001341477345553,4.438341581885403,3.7964910680882116,8.470378482255692,12.430590568703902,4.897627639174557,5.302034812488892,7.424395774061045,12.141452259568768,15.5896161481543
87,3.937875847603888,4.395502448738093,4.491342694155246,9.365853103743074,12.952019380962188,4.960121082199324,9.448843617846851,6.822647137742175,11.824521213735585,16.73491951674236
88,3.8637433277522355,4.825647090078939,4.0441746480502685,8.44453209984273,9.5143194072394,4.7183950082672235,5.302034812488892,8.018025269594212,11.487341520637912,16.11702395798872
89,3.8472883874336956,4.297433692342731,4.146921958848878,8.166860084445224,12.138807163524778,5.058221175227094,8.934949498467333,9.904777427935539,12.202803115751925,17.344398260056476
90,3.7268327123183598,4.134581489114335,3.9463393914903486,8.487346063949092,9.100978125141223,4.5786939336015156,5.226787043612989,8.438890086294716,11.054647525571397,16.069627539536327
91,3.8231281943804674,4.118887778567488,3.8648365014600685,8.089933552545403,9.052215254186645,4.604467272427935,8.402892074219354,8.95573949977848,10.896205259350166,16.96587826390883
92,3.7437411660251767,4.309436326546861,3.8892168959174587,8.26312908520194,11.683719201457984,5.670712731415899,5.59784897026562,9.026134809765804,12.013624533351688,16.531375949768105
93,3.888286277448629,4.2557709256755825,3.830418152419157,8.17035949800238,12.364878869642299,5.067150073682737,7.6441496988762605,9.112056311797657,11.396626374049884,16.37655512014594
94,4.01992904980331,4.714182566149809,3.7442942916144566,9.840489863449644,8.739033325990523,4.88507564714508,5.979768233900088,7.519907497632491,11.866939541614885,14.589868938872801
95,3.948487914940638,4.218897042700143,3.8416248621087687,7.390125131004878,14.54552048976681,6.381925256786108,7.38226569381093,8.988268119034839,11.06810827713646,16.50271034265179
96,3.845397373194787,4.38312642265934,4.08351718172439,7.537359316805563,10.506872573962369,4.635850990467024,5.226787043612989,8.776249106869725,11.381725592823994,14.611747634245503
97,3.811160344641949,4.504007198344378,3.8881180239048403,7.4272313622814385,8.90705586430548,4.763118184458759,10.185535658080811,9.414910921579844,11.063135144901738,15.463972742043188
98,4.105776179275852,4.278198169176896,3.9563298291889617,7.441095127982064,8.881670264326445,4.676890089543838,5.226787043612989,7.609769038759497,11.908598004559023,14.66878549053515
99,3.697048562545845,3.9624750731554097,3.7947794365394945,7.312093705213831,9.012282863940522,4.5550128668696335,6.078210946654505,9.642057343948895,11.352784708860929,14.416339800378768
100,3.859939634852935,3.9996390553883225,4.386169986440497,8.107672131163124,8.832487337713767,4.701842021638929,5.054480640162608,7.14353467881524,10.94090275533876,14.727149696748468
101,3.830956429229233,4.219331874301516,4.040204954676917,7.640668581643269,8.70894234537062,4.816525552616119,7.2071552057022075,9.972792929774833,11.209067449503726,14.783462508552681
102,3.9088914661569287,4.290687822740443,4.064574939415535,8.07633796444367,8.67939080494062,4.67258346485835,5.146115005968822,6.876857351043792,12.261864517223858,15.047154226843489
103,3.9696816365144616,4.131164305189247,4.155290568463373,7.494400607355779,8.894783900892355,5.1207284965909725,5.4698270902609645,7.120654845077158,10.869998061351911,14.719026069099113
104,3.713961007388496,4.302418100131575,4.14872319503998,7.358965477082498,8.640285372169979,4.959372731838589,5.434805033917344,7.140103033327883,10.68503666657254,14.618438030300666
105,3.8550689312136392,4.37897863310979,3.794035132649248,7.399576474221852,8.360500676632164,4.64696957152242,9.368926978735738,7.3476071471254185,10.540746246040326,14.473947680631618
106,3.868849622168702,4.15652958816957,3.9642819223882095,6.824295130983104,9.730251320846941,5.18884359005061,6.081183920799562,6.945607027538492,11.184103376972741,14.821214554928336
107,3.6380087988715735,4.358780226251356,3.739557102979303,7.0903745211911575,13.259553683769283,4.602120628102649,6.252514972637784,6.85999754684937,10.540746246040326,15.350497705643672
108,3.84255405596326,3.984235129279151,3.817248851027502,6.435478091793581,8.497254432587754,5.261739805523601,6.23918335032733,8.430556937610502,10.357897536047474,14.216598572609005
109,3.7378379512583426,4.15956977491159,3.881671020181518,6.890762665351221,10.828275179725978,5.035009026837345,8.942057982852104,11.418417460965584,10.271156935594718,15.91559843879832
110,3.7755817219289938,4.173097352248063,3.816930035954773,6.211750183617526,8.799218700931414,5.01644326115047,5.910476086105062,6.942275767504015,10.07635926643202,15.654818818124848
111,3.9762222641188663,4.265872132837015,3.864497671342736,7.388362229610185,13.816373759653338,4.720380289979048,6.071682788892773,9.655423178406387,10.052885499942485,15.112214925044844
112,3.9928826939787916,4.456636513375793,3.951454747600043,5.7803616876369865,8.973547318986848,4.79476976302064,5.563232825010871,7.649580825344289,10.560614959819324,14.26781179661875
113,3.8317420298572915,4.495707389281675,3.6546592815850416,5.746832626175343,11.738383064936462,4.908259606136234,5.182528440357309,11.23448681993379,9.617187700632405,16.193938158997682
114,3.821289094164633,4.373411788817151,4.015826700563412,6.405012609450036,7.972710308854678,4.7524465370375495,5.25686414895038,8.120872600118172,9.91659795964136,14.470470000686056
115,4.028505513331136,4.26306227736134,3.746110283038647,5.746832626175343,9.521728499056756,4.66203662580732,5.7011369343917195,6.964397777245256,9.621552213752965,16.593649470403523
116,3.932397922493627,4.177229333786367,3.8505500082858948,6.1526684379894245,7.644574534425823,5.001320431889049,5.634360521793577,8.609183921804755,9.871423025759634,15.63171342525589
117,4.157340583046715,4.164997121562925,3.6242996090241792,6.07401717112914,8.599227421576368,4.755752190047235,5.49326028604359,6.836772221277479,9.708565953486099,14.537208736486326
118,4.074730747247199,4.315498576108096,3.9206669279925195,6.409374934616213,7.6950685128867224,4.8798201955678255,5.689989513349518,7.076945121354861,9.685160094195432,14.127900771512458
119,3.6811293540263836,4.124569381567017,3.8034531599087544,5.716393565435793,10.419481672823606,4.690452772982364,5.365726113095366,6.870523787021909,10.03088734508875,16.64709401252738
120,3.8111323914425883,4.232808257555401,3.7962506669422766,6.303156019294526,7.728430264250029,4.824643230647235,6.195177806036441,7.911259696145502,9.618931667230687,14.851939705102057
121,3.7604032421487035,4.0586973047831885,4.064151268655996,5.908009743743147,9.767802932889749,5.013786704325062,5.068481215971862,6.880839961138071,9.423222941797867,14.888509173040555
122,4.0023443692575915,4.091055597023624,3.9283118241530603,6.617295727520678,7.609393905236459,4.711380953895132,4.937034710132378,7.768822752171899,9.579387253654447,15.263192410095217
123,3.8061200001458166,3.8798526590461324,3.7556757811193022,5.716393565435793,7.183646919687153,4.339073755960604,4.85682925737144,6.869340099149781,9.26308888156787,16.621828239022136
124,3.755697117458314,3.820079333537287,3.7363795822069323,5.495763570109829,7.272082051412835,4.600604657600727,6.357293706834047,7.383942346344731,9.112935003396409,15.593156018258256
125,3.8653829038467613,4.1037938021817455,3.636432495809805,6.314958481029771,9.624717822864397,4.7229376032892505,5.651882331678745,6.900206730068021,9.687611910486426,15.624846360553656
126,3.8524655123959572,4.131004479203929,3.759412101655945,5.5043378239152805,9.48195254645022,4.656855669542266,5.991170735924417,7.318710164813324,9.386511866481824,14.91386920641308
127,3.671070474834983,4.051202660417678,3.881535485914375,5.769719049739627,12.69965363148912,4.84536434022602,5.611893466648442,6.981322351697534,9.382030237744594,15.93739816328006
128,3.8812836484299824,3.9377285666422033,3.7092288966793316,5.596698610547021,6.450284657280324,4.522423352076105,5.685372912020092,6.936585178287644,9.538046716692827,15.579403922992732
129,3.7536050699970853,4.054902544957717,3.5895550734305526,5.557641536067029,9.350895874066595,4.701343583860613,5.3639928547399975,7.156264377781573,9.589384653278403,14.942140501160196
130,3.8893028739181625,4.3218037823380415,3.783116732284324,6.352987895036467,6.44005997342792,4.618675505073895,6.207928630502394,7.703435564716096,9.49503110055252,14.731702709895297
131,3.629544407193744,4.040856131202447,3.818119070260001,5.199834327770851,12.48037792390038,4.915760083005602,5.310966010536907,7.224912762114626,8.587485035583908,14.75729286753343
132,3.816739756114311,4.113032931850808,3.793842321071014,5.00948051075861,8.420632953065265,4.449711026427682,5.002403650271435,6.8867345946034115,9.771040631616888,15.058941238952565
133,3.6262883182985184,4.055573405340317,3.756313596078989,5.8182305640346,10.311098193729327,4.582240319223749,4.933695995972702,6.975203763034672,8.770796800672452,14.532189971059152
134,3.727503469852005,4.308941237012742,3.5312881086222014,5.187140152910096,7.592121795596958,4.604455090592124,5.902590985765668,6.725995631176637,9.517938235119198,14.75650182690153
135,3.774638936851312,3.9868188262552713,3.9699395903553674,5.240545184270369,9.917901344139091,4.519913765071277,5.04676132907317,7.160251111723112,7.635524156680163,14.094748329498831
136,3.842123530717526,4.208333288909442,3.6186958230548205,5.635934432143298,6.946589586291394,4.653091736140344,6.287488274528115,6.584408709708398,6.663471745977515,14.733248581365558
137,3.6659011317444827,3.9750377227666247,3.708027727233774,5.227367571643468,11.397655470643306,4.63035640148322,5.577858467196296,6.7144230146870845,8.141115344456372,14.89374063477971
138,3.8288159113715876,3.921705845922409,3.60886296617935,5.242036005889753,6.694890389132939,4.600067103870174,5.4383334903596,6.985529604265941,6.781641474728763,14.380138946585967
139,3.7332333524816343,3.8726105399739206,3.947310608099977,5.883483631867935,12.292074331515401,4.477802929113643,5.071745473263171,7.268892192444112,7.641078699523498,14.413045651241488
140,3.680686796900145,4.106791808756686,3.6687708303673214,5.728391967223862,7.2660699319431234,4.439330874260188,4.994804505427131,7.811323120660847,6.778029819970215,14.054372184335394
141,3.831637635589367,3.9481068602093123,3.4813532026624134,5.48220263037211,9.983606129777002,4.69907263443925,4.953969417378491,7.199608438818687,6.943615023010045,14.865522000876338
142,3.7285568947863754,4.020155189058458,3.630337376320033,5.3743059864513345,7.846800532502127,4.5984113736559555,5.471352767177561,6.652745756466884,6.839345020146612,14.135195665400342
143,3.782547871823664,4.089619563432536,3.698858649545012,5.773992833481085,9.435295949340233,4.497223865517478,5.321979469113242,6.495231149415432,7.629561634859452,15.54468581461312
144,3.720748674212337,3.992906704739717,3.687714888920672,5.471246071850183,6.515961405236209,4.768910951719257,5.317220728481578,7.103920729455714,6.83551799646927,14.11486032326233
145,3.7584574512903557,3.9475377149596915,3.580289755077209,5.461279429815342,7.436840936192632,4.553129374162804,5.1636995226798685,6.387683174758099,8.274196977552716,15.893708740528268
146,3.687099077393861,3.841094055457333,3.711329768420624,5.064539605982342,6.3622729253296635,4.556314513548567,4.831231217191295,5.9703933339714945,6.819280070814624,14.64223448352653
147,3.8391930014678453,3.9860644731391996,3.926291988286733,5.0458592189936935,11.078746389404486,4.5916669154357175,4.675347885988929,5.715912841121552,8.362333746731936,15.14767138404439
148,3.789472585560034,3.9474216709625156,3.732699065458015,5.254936812754519,6.475196564803984,4.657029981664431,4.871941792110437,6.588287649808396,6.5663398858612005,14.615703658967048
149,3.6643775939859577,3.969160930364699,3.561118970703014,5.3509611316353904,9.1664187297023,4.545589620516409,5.0496198607751,5.7038512040467975,8.326488092560572,15.256067200562269
150,3.666790797189321,4.0419576914334785,3.716389320655508,5.323449752740583,6.264456156589683,4.4510331394354825,5.017243177362152,5.748566023950826,6.955050970032635,14.861521754249866
151,3.712687547678909,3.8838779093600335,3.6728681612910705,5.311661925167015,7.128161966972478,4.7159473425939895,5.191847259878255,5.967720823944226,8.974705571378184,15.170765012295766
152,3.698273266751922,3.900862137416641,3.9348372649628116,5.245240474571251,7.188249137275238,4.679263360881167,4.817660451444682,8.27789356639543,7.178729918473159,14.879398670670646
153,3.7011836454666693,3.9866060930855456,3.95546409196882,5.2233103790529665,8.980604094909006,4.450322853595423,5.223351697896145,5.919222079789618,7.517806030243005,14.618226570970545
154,3.7146925827310686,3.9342352973747583,3.7306086084588084,5.476748627483536,6.792790653900197,4.610778967451412,4.904740938050292,6.270469441481753,7.509933891407991,14.539185298842936
155,3.7086109144733337,3.8685899997522624,3.650350128711304,5.025886221257839,10.042253597319617,4.604843078737281,5.162263522906492,5.818728318687381,7.454271850771836,14.23184793095547
156,3.701767598455438,3.8893291639828163,3.698152863283775,4.963646164581393,6.6037812294129,4.6177219330176325,4.865319749151192,7.4124680497579964,7.353881762958214,13.891889976444643
157,3.653331074701897,3.82666875994444,3.7259124536053947,5.465610806571984,7.309197832561398,4.596565988318365,5.409821230253757,6.086093482862527,6.895397455030446,16.747416944734617
158,3.6686028079954633,3.91265502735166,3.7322457901035206,5.456807851421816,6.995596622480514,4.822504669009469,4.912862676854976,6.651047152888305,7.1312207409770245,14.364769001339209
159,3.6447657314272823,3.8524340767652863,3.5617873756137652,5.296191106189765,8.318251334202198,4.605052709041473,5.172094526527133,6.018795757400022,7.536071071783664,16.703667340978257
160,3.573516053696915,3.969114599882379,3.5929687934242938,5.425413660204169,6.052317311870558,4.627673216981203,4.934658057698509,6.36916872006644,7.193809141092458,14.757482851178253
161,3.643818131987065,3.868218700242001,3.8672765433147234,5.013309236959791,9.88375013104265,4.469339190132891,5.656507214914648,5.974108038613818,7.967393483716947,15.592593729321303
162,3.659487296759063,3.9792837481643564,3.67002638377835,5.204280855541489,6.239368036801843,4.594959914866515,4.86990633951043,5.839957135898212,6.272756865752134,14.831247985853917
163,3.6350203650151958,4.000704739405366,3.7638318748563098,4.323432821681492,7.766235014481392,4.396525311052262,4.809588737023333,6.173828217149242,6.489151622037687,14.335758457328433
164,3.579102558948331,3.9472377616797845,3.560270640728219,4.275911162912491,5.980290144439561,4.466543117460472,5.0612085312314745,6.353248988021176,6.594129818592495,15.202258799352183
165,3.716822853853449,3.80842279532253,3.6537076693458492,4.311584562202497,7.897538408861531,4.558869490969058,5.138355909177587,6.105855230314906,6.933448312263771,15.25348095326905
166,3.5961392924720887,3.8874901345202617,3.741790419795484,3.9854643142907067,5.99987042733961,4.609331601167137,4.8091523023986005,5.985872396215207,6.2324839894563215,14.66227869016799
167,3.648636987180822,3.9581370356598984,3.6024051089351388,4.350895078020093,12.209517805115665,4.447031387991593,4.745374776281429,5.956930814959978,7.929785132175991,14.779208867310588
168,3.6623971500106154,3.835008017060246,3.9564996478322296,4.229299907414898,6.943881383856053,4.528590169999688,5.609748348527059,5.5545272852076835,6.2324839894563215,15.213269118349684
169,3.5980379119256614,4.015678972383231,3.594679758109262,4.0502859274558825,6.1363670269833435,4.597235017986999,4.161434305188114,5.703689888570673,6.6502668320336165,14.555992825970117
170,3.6670366992738597,3.8410575942869936,3.590797481282638,4.282411296354865,7.066647138948517,4.5130078701512195,4.744828465372339,5.456688212000782,7.5610735386250045,14.318892684178188
171,3.5906913289087927,3.9032736072812035,3.5281337121998892,3.8668156997259806,6.611224198794292,4.582685053684552,4.526070662321571,5.537438091663609,7.410274093245917,14.410825486264212
172,3.6820650097886456,3.834151990151973,3.582864001705391,4.019583445435206,6.872465190854775,4.5167414904095695,4.70105332819547,5.552802277808177,6.446395386507922,14.253446609227224
173,3.609838976665706,3.890169740296857,3.5018385957745553,3.9238034444268104,6.159138838710115,4.43191436458466,4.7583618639888945,5.4476665284114825,6.350767444739699,13.931403213660602
174,3.6685212019996176,3.910046953653732,3.6398057511105475,4.044336481060003,6.626462608898552,4.555249475215251,4.230621444221559,5.95237722816846,6.507735049661055,14.331133998939809
175,3.584521003464444,3.88550819851286,3.5244276723678567,3.9879641348756736,6.020501556607436,4.6924264496665185,4.9478122306497045,5.600115721681863,6.969681087616551,14.031010126021789
176,3.560307256585092,3.8148502142917873,3.598941598851896,4.0765482419550985,6.551992972637406,4.490662427291915,4.524078895374689,5.664858375800483,6.7846273563181265,13.979845678406223
177,3.5977136911584733,3.955282410453086,3.618996096311096,3.8693773813654926,6.370890732286489,4.475811230053482,4.4356455023701,5.007875542242279,7.130702586021313,14.373641266527729
178,3.569828941590148,3.845293838642921,3.5839058134393946,4.350640317612972,7.52863205010734,4.5877981834334625,4.293037478067923,5.435142280809407,6.4600216523756515,14.66526645739346
179,3.6212267778766285,3.8515218562706295,3.5336741597846064,4.168748458631795,6.857018864647549,4.5296396935213945,4.109246517338571,5.197137131413019,6.506042545117571,14.689822147232995
180,3.614702842151461,3.8228936652744068,3.463651438095727,4.018609706773582,6.683896664197618,4.581026340246131,4.569950964377212,5.271950099958274,6.458332774793686,14.906294430471174
181,3.601299914166156,3.9996003007205694,3.48150682109963,4.009411618537571,6.82548513679608,4.556948292771351,4.397124890825062,5.130426734023648,6.773056831934359,14.416402972730738
182,3.5781413881910877,3.8064040845663474,3.8868918079958963,3.8369110741149126,7.600202486104354,4.593143436996739,4.654580913969704,5.293752644405879,6.620094129189829,14.429676062022493
183,3.6225637731451887,3.8218269154277413,3.498686059028266,4.041511025718942,6.276485188756726,4.623534653373713,4.245367779774991,5.244804999666174,7.391222216505247,13.899280707929575
184,3.5886332636587843,3.87071451598219,3.4761863596529174,4.3536019326979565,5.727239726832834,4.497235321476858,4.326075574103712,5.069466073461131,6.154220236575255,14.426743030699898
185,3.6119252939031563,3.8332875760666187,3.6960323846919705,4.133426162773505,6.138585413854287,4.508488725773282,4.558708380084066,5.722992943321015,6.618817127711413,14.102693083063537
186,3.62082254215295,3.9660380112849625,3.797451935166035,3.8504378950598332,6.864265324247981,4.53375638009843,4.296750157199573,5.4020605161437745,6.5855774687015325,13.61325289913573
187,,3.8000348126700856,3.5645335259865,3.899424759577901,5.832177839659336,4.5068295398534355,4.200630192308674,6.0217667980410425,6.298099011246155,13.339036807539285
188,,3.96755382255371,3.7246579497869234,3.8983473853897546,6.51008299607383,4.571887765117027,4.2387071795386335,6.158977970508182,6.358289170581663,14.379721417575338
189,,3.819126077357814,3.444070926145847,4.122589368972004,6.044013973738959,4.561528222084335,4.362726774067716,5.284988691341057,6.995782853492629,13.800987425822102
190,,3.8269414671831443,3.626824634132739,4.318349249526076,6.374420701856775,4.399033358958818,4.471348274001043,5.69390491794322,6.370161033193057,14.344144300728596
191,,3.8135199760632834,3.4869192193508316,4.080384411689871,6.530655831295031,4.608044888489184,4.409819882944444,5.296708820968849,6.098917138002492,13.715582555139683
192,,3.8217453077967094,3.560623462527818,4.207401728625355,7.230077367991915,4.582189911646493,4.333559109738273,6.344021649988584,6.606045096003857,13.752982114413822
193,,3.854144968657213,3.547031882223288,3.8579546830880584,5.568212441084572,4.522244445722597,4.401603589276122,5.823903517501825,5.920839518951497,14.049698573975135
194,,3.8072646686723997,3.4668825817256645,4.13945897436989,6.341177786681475,4.691071668828303,4.790722079380472,5.703557772353733,6.169283797066953,14.57991406443803
195,,3.7943013123948757,3.4867367009042436,4.260461676489123,5.97907857512195,4.463941261385329,4.189708912712745,5.846439047913834,6.762025022727701,13.892351053504077
196,,3.8604336444850547,3.530262846609643,3.910584673171047,5.828001160335139,4.54354414446738,4.568953934819799,5.877801840898178,5.882425395316963,13.699198333897797
197,,3.801449080485666,3.5019147119008247,4.000950805948749,5.6438136273617046,4.527741389623798,4.176665348170291,5.577845431210918,5.840976068152406,14.275177373273644
198,,3.893669363275813,3.6744262859728916,4.020713562371196,6.652524113310551,4.4601705148609305,4.4357454670972984,6.855945059066675,6.211224290605638,13.925139121414208
199,,3.8425785111426736,3.5647053826322503,4.090246941964378,5.736974241184847,4.485468064757308,4.640521625770169,5.582199933435301,7.102921913577589,14.342735403632261
200,,3.810216074977253,3.5165706022958894,4.068133691141065,5.443195868897595,4.629722341951913,4.421658693284843,5.759721243912549,7.025571049341255,14.231003382114373
201,,3.8313364052512346,3.495468844231372,4.084019663378791,5.504768295522254,4.566865984029158,4.248147038127645,5.703122682841304,7.5841215828679545,13.893486638804214
202,,3.825038211618943,3.5344823794739257,3.9893667455177386,6.804887957362209,4.322043463492033,4.361210826285919,5.24817959786037,6.40163803233804,14.202997475723418
203,,3.8378561035432814,3.55910211031661,4.026702811911556,6.041488866393766,4.496650992872237,4.421785627493509,5.161614892866626,7.112347927439351,13.523330818379836
204,,3.7895784939438606,3.492416780844485,3.9617209231617054,5.977780880857686,4.564423095147659,4.303239393020629,5.40512105661845,6.17704094924904,14.33708854342841
205,,3.9003527926351214,3.5981173904740467,3.795778497996934,5.277073962435259,4.515312210574293,4.616222857362161,5.405962048271508,6.642219864785067,13.997040919149562
206,,3.8086391536410678,3.472513355858799,4.028021783367751,6.445936387594856,4.533277872545433,4.196744210013844,5.133988127380795,6.043101329560991,14.210569725007256
207,,3.8209880312508333,3.5427923234340915,3.8320371203583234,5.344220709100311,4.427859080471171,4.271466405469877,5.333440998380215,6.7406663353269884,14.367593539331065
208,,3.7832148838066972,3.4877702897357277,3.8477765175202,5.32618266765533,4.530119825290241,4.600496620268377,5.486664263357586,6.672863019468912,13.706599074478262
209,,3.8556062665517943,3.4437086264465075,3.8029788205761053,5.775039954638397,4.387019406891606,4.369052499893405,5.717739900735822,7.3100160978870825,13.650305911502866
210,,3.805418398079356,3.6232781759158557,3.939298840091379,6.302142741805895,4.68934010556118,4.420221843730972,5.160802246827566,6.535791846399185,14.097029482103453
211,,3.8172074147939057,3.4724073599475846,3.7789032949679426,5.694947006259638,4.493678646757694,4.221674364311132,5.385263127209405,6.722038042053773,13.448855620935886
212,,3.8006969088099374,3.554600880509518,3.8097306041587213,6.03153616841685,4.393451344570364,4.306224480699115,5.311234958797069,6.094389027032959,14.387502028094625
213,,3.8515131448049384,3.4642774466170154,3.7722188729835486,5.7375089864884234,4.507336459059849,4.0714001099376596,5.907153223869068,6.748057435289098,13.994456236915191
214,,3.793186237733271,3.37896296263001,4.041048757185144,6.111561322854719,4.343313431965102,4.351717805991343,5.252901821398488,6.142161431063987,13.72584791151756
215,,3.8343052927349643,3.4783937794654163,3.9619090418351943,5.577768990114653,4.314854179401443,4.324356999032706,5.484069179196276,7.343872601199028,13.755803687504747
216,,3.817682180221151,3.5150070112536698,3.692800422348991,5.552103670783261,4.484242766633587,4.30857752044335,5.42472126454225,6.1858091917051015,14.237869663633393
217,,3.810144021462437,3.6506105041936827,3.943991955917018,5.358049200282435,4.439537448825039,4.214047679107239,5.297815266390513,6.494214021250851,13.483331000816925
218,,3.8231408994532736,3.507637267592136,3.7132263405287427,5.501386446699188,4.4635057259101565,4.324860204408419,5.3887289959061,6.246714153357783,14.081501025330528
219,,3.8024193711996435,3.4618081728280607,3.592444284661898,5.557855368179678,4.452504324932461,4.286856499019773,5.225581881355777,6.9829320808394035,13.640430875442988
220,,3.8303673987938764,3.431213340118836,3.724337358829499,5.449087214692678,4.3740025544576495,4.27440535575663,5.775032832198198,6.009959936630422,13.719676848011863
221,,3.7970643650196054,3.6672876085401285,3.964080578922675,5.739964186934369,4.502509993461501,4.308793144443433,5.400072217958058,5.686444548895195,13.565431105902883
222,,3.7881602057862445,3.4905618095553828,3.772277344071412,5.557548001574314,4.4643067927568625,4.293345166922679,5.353149019147523,5.869954618592511,13.971456263239723
223,,3.825916737147872,3.3964584308881154,3.6623537793691012,6.46095619434063,4.480171430396907,4.558306512720473,5.134267594773878,5.7768484763964265,13.755022991269131
224,,3.8046968307437936,3.599572276188445,3.7132427533931835,5.3793032313851405,4.650019582628803,4.186897932824154,5.484407031111699,5.777226210514271,14.163458335454719
225,,3.79733467907202,3.421320162149843,3.7249679528832194,5.347303025203145,4.538368026008992,4.310946337392867,5.050182057512929,5.601315202103567,13.698931995201862
226,,3.793737254022397,3.4670376843071202,3.653575461247661,5.750579100868113,4.438859408397631,3.8426300823209503,5.20753721330389,5.705220844926788,13.38398810331497
227,,3.7877602019993564,3.4143454052137954,3.739989320126739,5.80084245172205,4.424975810102282,4.216610695649733,5.297931085749483,6.964603133882359,13.623392161568834
228,,3.82773693631282,3.4995731329004123,3.4901015527222867,5.36447415528807,4.44330943428059,4.19215880422268,5.401451392788064,5.838334178193329,13.674275613414856
229,,3.8205177292171775,3.4442411918482496,3.5750857069602335,5.6292553092012785,4.536040049246285,4.159325127128441,5.169093243088485,6.363662318361486,14.196911453874563
230,,3.8432102988064125,3.3834960613063254,3.5312664972701184,5.553363261836947,4.394403587366732,4.299834441831246,5.362663889165995,5.693094521164722,13.757667120156759
231,,3.8053126953773306,3.3709017252187796,3.628221196672739,5.600813121748647,4.371995264842403,4.196651720031674,5.06220198203121,6.9816235500983685,13.88986915209964
232,,3.8116502482349195,3.353678388438541,3.816224202523854,5.482154059535213,4.402621963025256,3.857403977850396,5.248299782906013,5.836093854372221,13.761322711966002
233,,3.7917438809536583,3.3983627853520324,3.8579911871545427,5.1401224753209265,4.598667333657617,4.116047992809112,5.447649152132225,7.104048103627259,13.530306292791703
234,,3.7831211522617787,3.4472785131376837,3.583391018179865,5.3421891360722125,4.400817042718402,4.183254656830299,5.257355071003973,5.853327966623945,13.422809634383913
235,,3.799371213601462,3.4302522393381976,3.9485511069530213,5.203982260389359,4.3853762576652775,4.035981505991976,5.03596038403742,6.61530166903388,13.72895523992318
236,,3.8407315952328442,3.4128096718906713,3.8835443323856977,5.5364331513647,4.403692250661852,3.9007040508045545,5.199900397016919,6.369261179374783,12.867328017996954
237,,,3.5411919126561724,3.824921656286615,5.5274183316019485,4.391031726355896,4.16471797581537,5.502551837088651,7.080839024152713,13.292837767715492
238,,,3.4747866749994323,3.9629407351544383,5.28483738381968,4.364208211205896,4.420726516753348,5.238391963202638,5.874726898806224,13.337098102619171
239,,,3.5775102426049328,3.7228314224374683,5.549634578995924,4.397037100665576,4.368172818238009,5.287586413821911,7.089395895309263,12.660112890355638
240,,,3.502660347725527,3.7983969602069343,5.351215117746768,4.363132780561465,4.390031478843203,5.4613963064434445,5.857152778231477,13.15236868802372
241,,,3.3185150534900427,3.7105065311250733,5.591871053265484,4.371306733357852,4.051052970386442,5.310837572604679,6.428704380931207,13.017581995262452
242,,,3.3698930352225536,3.7564035023305054,5.520146537234916,4.423343481462145,4.273192493638847,5.5302958817716785,5.493418829108302,12.971413072985193
243,,,3.3423338022697666,3.813525089610174,5.688682481714549,4.546050309241559,4.364663173907212,5.4971161725192275,5.750742653370881,12.745280128372023
244,,,3.5596499238967025,3.661420577381084,5.466010669309228,4.364635630909556,4.331134212117501,5.441726562816552,5.9096522913615255,13.535973742710341
245,,,3.4625351178109205,3.7130457285743597,5.310978066092731,4.349771251541157,3.9666606600432455,5.1092431370660165,5.815988200945312,13.314369702219457
246,,,3.4904866012988216,3.836978959368999,5.5066990778794525,4.355561986649455,4.228396120596941,5.229873457376799,6.1062548396180345,13.838452753170142
247,,,3.469082343797032,3.698729806402796,5.28448443875167,4.34357763790421,4.238750470926945,5.3011013625578745,6.140106029784662,13.227678781819879
248,,,3.491612050613776,3.537840244144567,5.990018894973395,4.362124603259579,4.225281924076591,5.337933275511441,5.515119706254297,14.187245057184267
249,,,3.431371809174024,3.4923592487953075,5.197134380307389,4.385441288276213,4.207885231094609,5.5703975485708,5.680522175836361,13.136382166666207
250,,,3.3290857283686335,3.54955355013813,5.63871184483949,4.426103039718434,4.340920324203061,5.190941938081033,5.656094636594557,12.726855253181736
251,,,3.5178509006196497,3.6702173444258848,4.775252425927182,4.318310569115663,3.8574489251492325,5.319085266004516,6.617051429619539,13.411275325730918
252,,,3.3471549313052766,3.6796178670412023,4.800933872465915,4.45389887152848,4.326635556507242,5.2873367331959775,5.681836990743577,12.856686751315923
253,,,3.394873569474059,3.6831784996768144,4.9203042259095815,4.351752968137438,4.241632258076845,5.155270969426589,5.733572475041785,13.073640512307206
254,,,3.3431851375386517,3.6929116209646513,4.802614500479918,4.5105997744395125,4.322571242653365,5.234400093063015,5.768951963987073,13.527149732853173
255,,,3.4273231669088577,3.6358379787632074,4.687799783418216,4.344785581205985,4.093104092197808,5.165229878468328,6.52013957039202,13.260387238112083
256,,,3.3786612863175387,3.748978716143953,5.1115987873934445,4.3961100355680065,4.1895488168601425,5.414834410437111,5.483956859517053,13.220981378308915
257,,,3.363521500965689,3.763960104752147,4.691370668502397,4.312306727570905,4.109022711257724,5.293512947593135,5.821222524237462,13.258926901882752
258,,,3.357369524056588,3.7298600177242296,4.816654416473967,4.375481826932057,4.089470032901106,5.287963678189022,5.275965825074982,13.108817245207424
259,,,3.435115791539954,3.5156409983644497,4.8020749751506715,4.346100246983158,3.9173708929453013,5.312452590916318,6.058760234334126,13.11091329565512
260,,,3.3496886778842976,3.610591773690123,4.782736891287897,4.370033165462879,4.338017452343439,5.145491713481995,5.150055789056508,13.128786296538328
261,,,3.417387152732595,3.7159460106576847,4.925416534130951,4.359386708491533,4.0990874418580034,5.351214936790151,6.089800319974033,13.156444325706198
262,,,3.395691270609065,3.6915189684986953,4.753681110179866,4.326115787968812,4.341212261350647,5.166150150512481,5.501166384251419,13.120336938163877
263,,,3.519521629973593,3.4951488941744593,4.839381235906471,4.414043780610282,3.9402577198573154,5.417040590535002,5.114530337735105,12.760037459327966
264,,,3.3823309293882464,3.6575794851535535,5.22785165495358,4.351061986154587,3.787662645153649,5.329082693518982,5.8365587327085295,13.31829692082329
265,,,3.312596321119363,3.534003280079364,4.6821395962543875,4.345040671837245,3.9012663180983975,5.247229691755719,5.424755392126902,13.572697123859228
266,,,3.3957241450803974,3.748756128111909,4.788886253503353,4.365374579539604,4.105963643743749,5.235320684032497,4.907159060824464,13.04658525155302
267,,,3.303569435504924,3.5458850560379775,4.714668537528596,4.379687473792441,4.295117693502079,5.267065799373791,5.177962524780412,13.458409960678038
268,,,3.456308403243576,3.5309391132489503,4.662973655338137,4.33692988660603,4.019095013266592,5.224136051254029,4.981372177524593,12.704945570973873
269,,,3.3085536886770575,3.47975022032755,4.7744504197934585,4.369887093581042,4.029378697764705,5.345270655302122,5.1835002881289,13.13641314825908
270,,,3.325780308367512,3.617106841037871,4.583540816335769,4.354005436479037,3.924465774090062,5.226407082866358,4.909106791281525,13.211788452340093
271,,,3.3084799938640126,3.6935465744315383,4.497768263865266,4.468072594530949,3.8697641333862394,5.491678131043816,5.060388036639186,13.38450705372067
272,,,3.3531686903556563,3.5978599800595314,4.749848440398231,4.347845730998217,4.221458093924747,5.3439640547098,4.912227570426809,13.20799762271314
273,,,3.318617716295888,3.7923258656281935,4.732683799352042,4.369326008737652,4.360856887315652,5.1399378080997415,5.031874681467531,13.224081587784376
274,,,3.490557036383055,3.5264541521734705,4.614971622216008,4.339031410712795,4.212154930929777,5.4087195177354275,5.779158777217325,12.991665639991169
275,,,3.3450560245940277,3.6286035888415205,4.745198470916673,4.388177385455959,4.069678398734797,5.408518855922791,4.965556986929855,13.066168340129805
276,,,3.3908128316962944,3.5657257967526843,4.7739573827871915,4.426071455189085,4.015750101814425,5.309325420443317,5.844083450729343,13.37855916409686
277,,,3.4243885729772954,3.75411957394767,4.643792816747312,4.347350166308779,4.21008377362768,5.264859413074758,5.511430424271923,13.173324471510936
278,,,3.3141043643698844,3.679427983073359,4.795037218346553,4.327351933877016,4.114566828913066,5.444164454821645,5.548360923159016,13.516303387398679
279,,,3.3058200045111445,3.591100976871961,4.645482553924763,4.381131962192809,3.9724726240671986,5.21289818271811,5.275554541339674,13.095845119885935
280,,,3.4115499401902203,3.5694711234998406,4.685857192425617,4.353158873525739,4.157467473761654,5.326954278027102,5.405880355772397,13.091259676377074
281,,,3.3168807433783103,3.719940841525488,4.740344314822171,4.347875620775425,4.11761204942787,5.176324059237063,5.154986860161451,13.106811829696495
282,,,3.4449493757338803,3.6705611036641637,4.575929735473952,4.358675988269465,4.090458926447322,5.246745550767131,4.916902167362522,13.301469557810618
283,,,3.430150304347782,3.494038165298356,4.584751367020096,4.403738131038345,4.114643037205616,5.3070130879972535,4.874389698827688,13.325857293562194
284,,,3.311606461284059,3.4976022941953135,4.651567030955997,4.312946943384119,4.081313341741667,5.085638025369581,5.96213828142144,12.953834367687485
285,,,3.371275682980802,3.5784724786873268,4.679302760468838,4.366348405664037,4.1896818162316265,5.610925100528604,5.182372195604781,13.42097312358568
286,,,3.3252467034735176,3.4757697697745247,4.833483153008114,4.343818045561798,4.026820796970837,5.4301751911046425,5.0242228074055015,12.95469111528793
287,,,3.361310565715366,3.6880652072511495,4.749369940298629,4.341687127883006,4.051803866812327,5.225352986136031,4.932109805869793,13.353041606235593
288,,,3.335596115468823,3.5453898126850225,4.687715789569375,4.3439104266261825,4.046459018918187,5.223274174535356,5.28933267875288,12.895933076845498
289,,,3.3467891388905424,3.6635746871722676,4.6644434076599515,4.3209659790584425,4.0039770986784715,5.2460818310298505,5.211365630397158,13.433287699787117
290,,,3.3220328544788176,3.575151285193625,4.658237199694193,4.325998509834995,4.003575038743912,5.344410869797915,5.226228444342248,13.036576516553515
291,,,3.3157974598473543,3.446379894419573,4.60272323808187,4.343577405966163,3.909013204160882,5.243293815787569,5.737481750602207,13.708700630048025
292,,,3.4001720298472455,3.6451502054966123,4.7334435918957425,4.357964840436495,4.139307704822302,5.350502612160713,5.023288692526278,12.833752313252605
293,,,3.3603957943926934,3.696875787390579,4.647544708661008,4.380492619620811,3.9241827427019462,5.429553443014181,5.131546192656744,13.048610326229452
294,,,3.312484558139521,3.624778037032729,4.798070268377138,4.3026173285837634,4.040324566396248,5.260790618266526,5.1399688767858205,13.216472787808751
295,,,3.3184689215598153,3.631262906680276,4.636989627817723,4.315417346748267,3.88304122417013,5.164311370639005,5.136014060302932,13.55114153462385
296,,,3.3318097350239118,3.5947849433180226,4.6212621228684405,4.346285420643618,4.113996221535301,5.216092674892568,5.530023100499249,13.274815859444779
297,,,3.3340411615786367,3.614443477134963,4.634948235378938,4.312621942448469,3.9571234799365107,5.181847911090737,5.397587003402069,13.577026759877649
298,,,3.3651821498083128,3.6551413249963165,4.572435509602887,4.298939145714364,3.967430970982789,4.999719024805484,5.345183185463021,12.91474181559015
299,,,3.369154549497552,3.61549903905478,4.793925798660875,4.314243727013472,3.94376037776341,5.109251384911935,5.2780452041735915,13.850111605946875
300,,,3.3064668408294833,3.4628335868179803,4.692882515076551,4.335851628488758,4.021357917145823,5.232632023665345,5.685434710874454,13.04461155759352
301,,,3.352719026903517,3.6368060793598267,4.777126646869655,4.306989786189076,4.0889117804464234,5.146311356724732,5.282175328996854,12.856237238118949
302,,,3.303144850783677,3.6911568800090184,4.723263950584412,4.326700422817748,4.348382108664944,5.375475407842131,5.4715977487448475,13.241582767290366
303,,,3.3066658100058763,3.478854547732195,4.752736968230205,4.328325261838654,3.9232426459795833,4.951373271731382,5.1138643526654,13.177361856839733
304,,,3.3025662362830954,3.5675138514887403,4.656319432050874,4.35314430101386,4.159598072773473,5.121684195952114,5.262495349025934,13.312634073139488
305,,,3.2994043927685506,3.557649354296206,4.727632187701786,,3.9079545580529813,5.149056689226435,5.027556085303154,13.18535082506829
306,,,3.30771416995903,3.5789149663960775,4.671204814626849,,4.030566585206048,5.251393952770572,5.153048682698352,13.077959469452114
307,,,3.3209145526890658,3.447077780316633,4.649171425498791,,4.019727947161144,5.128810705767238,5.217290858681951,13.549838923402433
308,,,3.303337593653247,3.591933630470854,4.666537511378074,,3.8072639943044178,5.154176041990925,5.6650034452700195,13.230535517750015
309,,,3.312271891619865,3.63979417944604,4.720755718493251,,3.944412477104947,5.089936031631836,5.378582317288029,13.279772212868425
310,,,3.293056392266854,3.47892321697603,4.663115531083831,,3.9042545835040343,5.338997596468679,5.440499594304677,13.162414478573805
311,,,3.313879524871365,3.5686403253900494,4.783158989910969,,3.920377200415076,5.066262220999917,5.415711769822668,13.327263165633466
312,,,3.292083206578552,3.5585020058904364,4.673104039709683,,3.828504787846374,5.417015049176404,5.400686977760413,12.818278762166779
313,,,3.3096685521269444,3.498219805143218,4.579242373663048,,4.038930837715229,5.176736656093678,5.232606762594443,13.425633661242678
314,,,3.3019535495749066,3.598824943634975,4.607295645314774,,3.82162419017085,5.117862095387606,5.501292248041296,12.970356219254459
315,,,3.3090453559721182,3.6187168539618644,4.644798097657172,,3.9058451357287827,5.043939566692831,5.311844803522087,13.548026033771318
316,,,3.2972613895808602,3.550519305300613,4.568765132915691,,3.966096700977818,5.146790035937106,5.052364510202023,12.931554775501649
317,,,3.3094853963550888,3.5603963207943656,4.564629378398188,,4.066028780342894,5.3082983578953815,5.4656135453347785,13.180548536851008
318,,,3.296328344540677,3.4989180397074824,4.723340442685326,,3.9869759976760633,5.194538400211953,5.099989869587105,13.192579604084408
319,,,3.307466981690459,3.5687877773124455,4.599027208106468,,3.855523624635146,5.224902675965309,5.227291675238542,13.647317427529234
320,,,3.311816227807782,3.668299148622119,4.680327052489679,,4.01747554168313,5.301612623451199,5.418741969206259,13.066573552875754
321,,,3.2989575866339442,3.607698878049066,4.473475260426848,,3.828021204295621,5.07630926493167,5.13301138362197,13.019177761386361
322,,,3.3074671958116344,3.6383069174543814,4.574287934087338,,3.8415330016513907,5.032010427955569,5.138519970173501,12.73240320536258
323,,,3.3013438709887546,3.536025693384132,4.545580801742685,,3.8602257541447935,5.215649756151911,4.96487413783359,13.252753858257776
324,,,3.307491141562052,3.5666431097660136,4.659365259478982,,3.8152980369337866,5.232848765200838,5.2786093748656135,12.840259535156832
325,,,3.353421718563268,3.6061522923079252,4.529307350557421,,3.8881516558476004,5.120852790490332,5.237878123266498,13.146782872799147
326,,,,3.5431593652747155,4.675470691659484,,4.045039164612967,5.245670205591798,5.1755529454457,12.965426567564052
327,,,,3.5755629038356136,4.6882961185682,,3.7850872270064273,5.358886962826749,5.338641810262753,13.027261134768612
328,,,,3.5843653298072944,4.394346520921328,,3.969599338137599,5.371249895319343,4.89495565376861,13.067502536740609
329,,,,3.5356051144096443,4.4977985204377084,,3.8545402828820765,5.264633755816914,5.292099491571272,13.182403395331297
330,,,,3.6356889373555767,4.527794362140337,,4.1764646895854165,5.038191070055616,5.405253679292122,13.249734178810899
331,,,,3.542696288578236,4.600589973050772,,3.9054732261101037,5.092002677773539,5.300199870658588,12.91979176744045
332,,,,3.4695338118182497,4.473078734722829,,3.8537702289676967,5.223663068304423,5.234550207503196,13.054537024079252
333,,,,3.4549802618301317,4.740368604301277,,3.8654006967585435,5.144990831093061,5.5672848012449885,12.941287920747229
334,,,,3.5013999624175245,4.479830401119079,,4.019703185309117,5.112218167462717,5.313336484989547,13.14138011420161
335,,,,3.524114298611001,4.4815523514476645,,3.834438491308098,5.231376058778089,5.239038710212599,12.935184655224267
336,,,,3.5902049235915574,4.581867759133397,,3.7935017662970454,5.19668557739575,5.085101910371508,13.344048371784066
337,,,,3.480519625150323,4.53923609749504,,3.872822017483942,5.005072440353944,5.088514371136642,12.655259116325212
338,,,,3.628794195448837,4.510314420749122,,3.7819391237068545,5.039855114150862,5.056301093984664,13.088789863216842
339,,,,3.5641422296290304,4.670528370986955,,3.8193460935883277,5.152309797728229,5.061759008563338,13.090415712697526
340,,,,3.433158780674817,4.647022223614759,,3.78587645250547,5.094346210728296,5.225902012821171,13.063948640913862
341,,,,3.4857470646228315,4.695363510701016,,3.9014165744996254,5.268805675850443,5.083342513490349,12.785120836732453
342,,,,3.595345365258375,4.676341322451355,,3.7827510969965132,5.129740895948321,5.00843367804954,13.333069754220976
343,,,,3.466758913465696,4.73189019753702,,3.8130464596248728,5.125412727026427,5.0920571225665014,13.21850958020202
344,,,,3.560520159148034,4.518599767831711,,3.7846802374381423,5.083931379430405,5.333175677378312,13.148778453998249
345,,,,3.521409763789266,4.556836103852096,,3.7923801559734467,5.208127415378996,5.1136815574295955,13.227984719311607
346,,,,3.4312257857268627,4.635649136797935,,3.8428903081219867,5.034311538141696,5.193130631385497,12.9434783504809
347,,,,3.410103681778553,4.7236446858860175,,3.8327828312200656,5.1973869116832425,4.956244034995503,13.27612010543731
348,,,,3.5568864344780113,4.570374211954846,,3.8639063182338274,5.233205315116336,5.078869690459579,13.119540198372734
349,,,,3.4581671489004067,4.563479787181025,,3.9922821167309026,5.266863481646033,5.254906237771436,12.768737416170266
350,,,,3.435139518800718,4.730473833767124,,3.7981893115621275,5.151959422395915,5.004664721628724,12.968715926931718
351,,,,3.3740934746144737,4.667422051873745,,3.776115371508616,5.324749742630445,5.061150351602292,13.095379460251966
352,,,,3.5075594690925054,4.479393852728172,,3.7584184305036326,5.091655121580401,5.162080615552604,12.78037667417658
353,,,,3.5074959144017037,4.75514797117626,,3.787105518065844,5.1095198589833775,5.083198991257194,12.793267601670388
354,,,,3.499177265266404,4.601402721919534,,3.8121841105291305,5.036339192317255,5.057899111521025,13.006619516287305
355,,,,3.460291582032687,4.600125796228237,,3.936537324054052,5.13886170443141,5.273279398181837,13.078801834071808
356,,,,3.479223218305358,4.516750094148153,,3.799873844423537,5.220389827490427,4.986793852148727,12.708167326125812
357,,,,3.52243267916262,4.456334681492769,,4.006275036424974,5.139748811439591,5.235679612579143,12.732623712051906
358,,,,3.436082098216122,4.533789618509852,,3.8371811004558256,5.1570610944183155,5.222752347841406,12.889056822015501
359,,,,3.519518695058022,4.532535231028957,,4.000582969596972,5.100574242605664,5.106607910382691,12.893936944775103
360,,,,3.5389762581008766,4.58150505344455,,3.7542150846967943,5.113271001727073,5.075770765070162,12.9282130818088
361,,,,3.5504035388157638,4.48039222534046,,3.8600958174209965,5.081469454683109,5.432209459558363,12.693060556180006
362,,,,3.4762634692850676,4.65184717748309,,3.7896271642539614,4.986022497014742,5.243225743713653,12.680615775522666
363,,,,3.5037452688177577,4.529816006956435,,3.9040232342998995,5.029468035416931,4.873720560666414,12.848550456525746
364,,,,3.4365773524963745,4.715610401476071,,3.8398056357574344,5.104445090087415,5.04938375292026,13.07792152154157
365,,,,3.534456555088075,4.627075178350614,,3.8794665313289673,5.236240244192728,5.086017410762589,13.070546284473311
366,,,,3.380192411786559,4.518326200298296,,3.8099668899432846,5.276289967698962,5.086917166545014,12.93511290630552
367,,,,3.4412247607157536,4.38080330325665,,3.811447516454781,5.052658425368182,5.170386566390088,13.20147498680328
368,,,,3.394059990686468,4.789420545233122,,3.747851915333178,5.177226069088799,5.123287512168645,13.186178863092918
369,,,,3.5381368755235183,4.369959191786045,,3.788726106749159,5.195797366447231,5.1070887024304765,12.87282481298091
370,,,,3.3832175112211993,4.446490450113742,,3.9407810918497437,5.286130400461335,5.2687337570900015,13.132446957793194
371,,,,3.5237091724433367,4.495876005833817,,3.941457044417821,5.00456745092043,5.133805316339002,13.328370112935547
372,,,,3.400344619388293,4.549125882082239,,3.796002032982352,5.076643594076626,4.974076148186995,13.05534773116759
373,,,,3.5189459766276814,4.6516069108252625,,3.757650901887583,4.979846607744094,4.999441712809477,13.01716030856999
374,,,,3.41665612119188,4.605585660377978,,3.7697100998528215,4.971711914562268,5.149697426851885,13.109194430230366
375,,,,3.485677379602594,4.614489935646763,,3.756310330661194,4.939430419705061,5.16196808814657,12.723105666308978
376,,,,3.3939658790917693,4.819744331148822,,3.813347138743731,5.005471399746847,4.989807145251287,12.6601605239425
377,,,,3.3610040022062155,4.518252782480688,,3.7578325855460406,5.084453221045073,5.137132267438168,12.83098865016863
378,,,,3.3841693656294947,4.4908530431841625,,3.762546423001402,5.123292808474407,5.213658886792638,13.09381734913753
379,,,,3.5172211916785856,4.508273237503131,,3.7562304820843226,5.104143520005914,5.366850146645774,12.899289218128459
380,,,,3.4108338345838,4.44664332935,,3.854596082714639,5.031914221218632,4.953217899486484,12.912167752110621
381,,,,3.463091164013576,4.450106187228576,,3.7834995492272427,5.004043093462958,5.106222617055284,13.137262670698256
382,,,,3.3907844184188614,4.5184188126817935,,3.831976695959896,5.06439140047249,5.04687114832696,12.950813973548835
383,,,,3.4954693300866544,4.452844744136862,,3.751934315967731,5.130617503336901,4.900792888670507,12.942465083565347
384,,,,3.3778475643560553,4.7250513663045455,,3.8223335566508068,5.027898042395669,4.8841027431729,12.652181073671697
385,,,,3.468555862808559,4.520719158574898,,3.7758044580155667,4.971373695853033,5.225306050994698,13.075424154073241
386,,,,3.436843247879285,4.559576996008412,,3.8146916882765836,4.997512248991696,5.2600305241549625,12.85801523161081
387,,,,3.362730572359859,4.5542390370707855,,3.8162375527100574,5.051017229616653,5.1555472213970335,12.973937151775116
388,,,,3.410675833178994,4.4300810810445626,,3.7748898834585387,5.000247099405763,5.143312013096828,12.764125140655416
389,,,,3.3969979442350575,4.446270998360534,,3.775226882378006,4.960009472229621,5.207939258344869,12.737542254180685
390,,,,3.4299256073073754,4.436755447329165,,3.81881509078794,5.097630844232808,5.147771633114427,12.837725235961516
391,,,,3.401681779698485,4.462042601063141,,3.791428588737676,5.026576477780857,5.222988054595313,12.846802865832366
392,,,,3.4476352801296937,4.388819502467843,,3.7666633606196918,5.048940774285163,4.9156194794346515,12.697890060288016
393,,,,3.422951460353441,4.498620853509225,,3.750768839797961,4.9580226160746115,5.091764885492479,13.139671414564154
394,,,,3.4802555611151096,4.503409243817377,,3.820742095635172,5.229904448728712,5.178656747383231,12.933085569060232
395,,,,3.367831547542779,4.55187337842857,,3.7502240194324106,5.068523462820751,5.205179221074019,13.165276112093053
396,,,,3.4532725090620757,4.490946653128666,,3.793544852401442,4.984559906948255,5.081704733570329,12.7813254231605
397,,,,3.365099600777199,4.471767406128208,,3.7474446186439256,5.061827673828177,4.817867979135656,12.827740024407072
398,,,,3.4066148699000345,4.50427394890411,,3.7875684343415714,4.949217616342476,5.014239981741693,12.783970842342647
399,,,,3.3807853680779267,4.4924649296412,,3.8421728281188208,5.049254552149465,4.970178062840324,12.93509024268765
400,,,,3.387060322655564,4.498129004235598,,3.7683587006786623,4.909041912701349,5.075288919157488,12.97854116787804
401,,,,3.3537467781344326,4.4676061843581785,,3.771557419169422,4.985969781109346,5.211049879304413,13.003517019057345
402,,,,3.488115484257319,4.468756866648308,,3.8124423057016363,5.002832943662104,5.379791425297268,12.716953203214597
403,,,,3.3814529321612317,4.458413419862664,,3.738128889195686,5.0206255896817735,5.064630651618975,13.182961092896178
404,,,,3.4343150500407873,4.400851679271941,,3.7991201706988993,4.9347756234038815,5.043216193215982,12.740383046317719
405,,,,3.3833582094542645,4.492728087103645,,3.7822757899934425,4.964171301764346,5.022690990834868,12.853865804971573
406,,,,3.4080519833806533,4.389930427662133,,3.7777477009958815,4.956322707075429,5.1768877330037135,12.736280563041978
407,,,,3.3691355037899346,4.464056711892016,,3.759569008356634,5.028099766703303,4.9834455726448805,12.585770395575038
408,,,,3.3698640399731707,4.576793044008824,,3.7924333229380074,4.981375301383997,5.282167828714898,12.69193501148477
409,,,,3.437423040664086,4.404077677771728,,3.745791879235974,5.014992658412064,4.824686737457061,13.01981554689377
410,,,,3.413633186915917,4.384007225720941,,3.745595545385452,4.983106000169399,5.200148650697626,12.894423781588602
411,,,,3.3665364341190953,4.476740630054955,,3.7586990846428483,5.078697769082679,5.113143627711877,13.023894499254052
412,,,,3.3832215507376517,4.3393774152513735,,3.7524049960006485,4.966468084148248,5.312424657664784,13.298189210943239
413,,,,3.420057976097366,4.444575496869539,,3.737245432323529,5.053767759806719,5.159352487654795,13.062806922125102
414,,,,3.3615244415954773,4.416866524105213,,3.755480228842153,4.909434947761612,5.131497368506933,12.703708175099868
415,,,,3.3801926660240103,4.3709605317618205,,3.7685834327867886,5.040337556774417,5.106830885471005,12.752032560295872
416,,,,3.3540156423803946,4.385440937486287,,3.751967363774744,5.073624485937531,5.251255704863948,12.755857101478755
417,,,,3.4091278290204476,4.513939555383149,,3.761647534633185,5.086745104225066,5.289957777218429,12.938472468662173
418,,,,3.383651248521974,4.456550172543387,,3.7660818582514133,4.949761655512707,5.1193150856950735,12.84795518787455
419,,,,3.413345635310198,4.445187015507415,,3.746520506330726,5.033043907424454,5.133681490578581,13.20957643316304
420,,,,3.3540775516810415,4.382494450659488,,3.7402603155406347,4.914819296629846,5.249805029691087,12.83099958588442
421,,,,3.4691133830232967,4.393596646482119,,3.767945662283492,5.07952388952645,5.07687278729922,13.161357750993968
422,,,,3.3852795228041734,4.357051745142341,,3.7504413316466727,4.932970502052659,5.168649071147571,12.90237272461202
423,,,,3.4008954014062565,4.388118232972697,,3.7652956067012036,5.075108408102292,5.1764681275842905,12.968103708710075
424,,,,3.3836446335267594,4.419946795853724,,3.7435406176825223,5.0681025947739435,5.015702600905644,12.839423389526534
425,,,,3.3957664407269017,4.376729927351172,,3.7559997476991636,5.127646185828368,4.9288329770415995,12.8212279875174
426,,,,3.400129866379742,4.401228685337136,,3.7506622384243857,5.004296287104834,5.283548201696351,12.718197825140244
427,,,,3.393478071284671,4.384369826399893,,3.767061884357827,4.967909253380603,5.0556588515307315,12.861842509364386
428,,,,3.3654565967076704,4.355739572692061,,3.7606007150328216,4.976978139705419,5.064585062423067,12.881620075290806
429,,,,3.3821081624818023,4.404911153968925,,3.7526296615569312,4.996224825923759,5.052174351261862,12.913988118293677
430,,,,3.3568554406612043,4.458959513760378,,3.74660823474721,4.968210797745882,4.930928938533158,12.694389038333561
431,,,,3.3481543691010947,4.359282387714324,,3.7618735828347423,4.923136017096698,5.153313437333411,12.627240935125162
432,,,,3.3743475259327558,4.408270443870048,,3.739527726739339,4.993069216693979,5.089708767634303,12.729658686873265
433,,,,3.376759673595949,4.396420757425153,,3.7754762599499294,4.937383661238873,5.104380032222327,13.153151469110451
434,,,,3.3647000895492534,4.5027307187205174,,3.748485417671705,4.963161345014184,5.040047658814554,12.90515678108943
435,,,,3.353184034046802,4.3931482104563875,,3.760750567800841,4.942693670063813,5.13573732431137,13.078569045327697
436,,,,3.352070963919363,4.413646435272032,,3.754233146039051,4.921317703299033,4.973781828332377,12.703668987176748
437,,,,3.357104504466733,4.428654761257856,,3.7466962212478583,4.930255063398036,5.012540997714924,12.704228063821883
438,,,,3.376355473093453,4.373430903678525,,3.7477727194417105,4.982850804994543,5.0013507254789715,12.715565746334567
439,,,,3.3575956027926814,4.383785535943613,,3.750904443024696,4.949055235667153,5.0968851329079605,12.689508495625443
440,,,,3.352821068689599,4.378484416084209,,3.7551191801683204,5.068441184767958,5.251587591040853,12.842937185857611
441,,,,3.371948594771083,4.372929067991119,,3.7492900090905263,4.982271102060914,5.0993294156461895,12.774116035167534
442,,,,3.3843141396810146,4.491340043765541,,3.749599457096604,5.003461703538974,5.014577223368469,12.78374525659006
443,,,,3.4046380076803797,4.399396220538104,,3.7556630109611127,4.932850878517203,4.9992766695919055,12.790958467305884
444,,,,3.362890388178616,4.494681193934478,,3.7661038688965345,5.049161318610722,5.004962923070459,13.012831445958982
445,,,,3.369591951629558,4.438367404063554,,3.7468739259505477,4.9586354061019,4.989472762923567,12.559792034608547
446,,,,3.3444820963072925,4.418321480622111,,3.739117971621779,5.041366088770736,5.042263554843794,12.698156650409762
447,,,,3.3759465502667667,4.41977275236953,,3.7463709928511695,4.901991483939974,4.985137581200864,12.643129987226285
448,,,,3.3677627594492354,4.397300929578521,,3.741750394414234,4.9946964588784954,5.106673423075073,13.115519846256273
449,,,,3.3815566585008283,4.461709662871549,,3.763307540943313,4.978174653419947,5.304562412580432,12.556744648371241
450,,,,3.3663245450869397,4.38998261168847,,3.731317488913415,5.034230518020683,4.962272504177661,13.05620416546511
451,,,,3.3729594943145966,4.362904197060745,,3.7426311053852337,4.964842473103868,4.984298542613129,12.969779418411925
452,,,,3.3787429150481927,4.411211753052434,,3.7452929426980717,4.998038472087268,5.068787788237909,13.018109692027181
453,,,,3.362682568537826,4.459494810022452,,3.746621716344423,5.0346128244769295,5.144874173653912,12.687842401840571
454,,,,,4.394619299362985,,3.7495188619621542,4.942404677882237,5.105993916299683,12.917403928070163
455,,,,,4.385316325950794,,3.7589420849532473,4.972566894590823,4.980854106569058,12.665109895980482
456,,,,,4.380054829735072,,3.771305197681413,4.959284683028908,4.934961067685981,12.891280776721178
457,,,,,4.3376655513405,,3.7545926642687193,4.959924689248802,4.9765856797181796,12.733096307510701
458,,,,,4.3244659395601435,,3.754642857727925,4.970836149998302,5.059276766097957,12.61189306674498
459,,,,,4.346153924818507,,3.755857710592008,4.946211611262901,5.06160255679438,12.693889582714394
460,,,,,4.364995282348983,,3.744775752763823,4.9140801542258865,4.945403391135834,12.577738859874906
461,,,,,4.349991722050096,,3.747151571189286,4.981492914566367,4.937186800017466,12.85231985036107
462,,,,,4.377013970138109,,3.7459848212538884,4.987614274634332,5.076564773068471,12.838789801216523
463,,,,,4.327954375949176,,3.7588637972767653,4.961097435827158,5.05792463703297,12.775824347763153
464,,,,,4.344924880448413,,3.772553290071643,4.936342955269266,4.9444768382118935,12.888448750870966
465,,,,,4.338878741315186,,3.7448230009034353,4.933824467533974,4.968569426417266,12.66743752317543
466,,,,,4.363108637567031,,3.7599802884084563,4.901218127956603,5.1316520668071,12.854490504050448
467,,,,,4.347814632893592,,,4.998319513227337,5.020987809114853,12.829167359617987
468,,,,,4.330164180579596,,,4.957988245427393,5.011833840743424,12.867623147183668
469,,,,,4.339818390403739,,,4.954716749416396,5.034930895269411,12.752984573262681
470,,,,,4.340629603309741,,,4.979169687130703,4.910283256871018,12.78585252905991
471,,,,,4.339467733758701,,,4.965751543191776,4.9206085143884195,12.823109794416377
472,,,,,4.352917907313395,,,4.926249148881844,4.875914736903342,12.67654489088114
473,,,,,4.35644791273274,,,4.964317205963138,5.0943819978779095,13.128320910231679
474,,,,,4.364103320345105,,,4.910757692705116,5.110810117815836,12.723817828264124
475,,,,,4.3532836106084005,,,5.047154368926915,4.956477726074102,12.873895727907717
476,,,,,4.369137887293434,,,4.9836342304850625,5.034783372145432,12.979658161651166
477,,,,,4.339060741981096,,,4.9453453665791445,5.04211104107231,12.77710344399843
478,,,,,4.442632777681675,,,4.929658655061747,4.956682329164216,12.786605584559858
479,,,,,4.326753195698177,,,4.931968231181223,4.818066926073797,12.714878377026807
480,,,,,4.366261762413108,,,4.941142436307313,4.932264291834865,12.686324064197263
481,,,,,4.312056319626193,,,4.970921709308425,4.900346064512658,12.676937219216654
482,,,,,4.366855895115859,,,4.958340347361339,4.98911866130192,12.640074461682836
483,,,,,4.3510252635198015,,,4.952691862982786,4.854626063395184,12.756288059421333
484,,,,,4.333805691171197,,,4.933985866874421,4.979643292787262,12.821496333773295
485,,,,,4.369905915757583,,,4.990802535417834,4.91018671766173,12.694495173025384
486,,,,,4.346872066291992,,,4.935925332873506,4.851498719152329,12.79506923890565
487,,,,,4.330767981065853,,,4.953962108702531,4.967393121571572,12.671640765237038
488,,,,,4.356366360961152,,,4.9710491033782045,5.004478561420662,12.71258471661133
489,,,,,4.310163937932437,,,4.939959485395517,5.133237419753168,12.69636039233026
490,,,,,4.353441237384725,,,4.973514735817817,4.910755693557989,12.81407791114915
491,,,,,4.337170402553472,,,4.924564533433189,4.918397331299728,12.690542640325498
492,,,,,4.338076211120766,,,4.959424071986223,5.01775679794741,12.855573925379876
493,,,,,4.331499372800793,,,4.908020186411515,5.058113994426269,12.826431796157765
494,,,,,4.353441061484848,,,4.949849396059645,4.978402207758227,12.872407155493043
495,,,,,4.326759675496451,,,4.927626415294219,5.061350185711421,12.815268407864076
496,,,,,4.345350295901591,,,4.948970165747786,4.938770422748327,12.942129236273901
497,,,,,4.333385983830906,,,4.911157613557421,4.866383369078229,12.985627701655643
498,,,,,4.353075489882588,,,4.9659792362259925,4.979509168030282,12.811850994244042
499,,,,,4.32389565430173,,,4.945908955159919,4.881469370995867,12.740625970551907
500,,,,,4.336004631337918,,,4.9507608497559135,4.992900293174193,12.964498394744858
501,,,,,4.335815154594037,,,4.939686641663912,4.938574699116507,12.817448123511634
502,,,,,4.3400363288273045,,,4.947785221877903,5.013878259616742,12.804754624587536
503,,,,,4.341082012862374,,,4.9123050362554235,5.032594146404931,12.705171486404963
504,,,,,4.3284458567481305,,,4.944741288987792,4.919575910797352,12.986553476957553
505,,,,,4.337712288499261,,,4.9191244736538495,5.077668130811935,13.035969163887502
506,,,,,4.316283466856328,,,4.958442077141512,5.098039892441089,13.087782361576737
507,,,,,4.356161157456188,,,4.924750579476066,4.962240735694254,12.863425941210316
508,,,,,4.3160695730760885,,,4.927203523045065,5.177318536533515,12.799194942380897
509,,,,,4.355213050040726,,,4.921901625174177,4.889571202072555,12.787749792118097
510,,,,,4.335913296015823,,,4.931586749581815,4.9159213325214335,12.73711926648462
511,,,,,4.340223395545106,,,4.930352665740186,4.990268532575932,12.942696919619875
512,,,,,4.3118660295642925,,,4.940595501578329,4.8725898273983175,12.826407475010733
513,,,,,4.360645699144975,,,4.926508456917272,4.993150666736728,12.696824300879113
514,,,,,4.327235063429452,,,4.999200817028526,4.901571959423412,12.88881950707779
515,,,,,4.3534256534469185,,,4.914347071619135,4.909270435248724,12.91234847416942
516,,,,,4.3137158446008055,,,4.953882369413237,5.027862514314455,12.63977889433511
517,,,,,4.340058662299861,,,4.894982297899934,4.829133813325525,12.84337530522487
518,,,,,4.331675310979582,,,4.972859404296283,4.898584049865779,12.817168288255035
519,,,,,4.321231318777055,,,4.896473874155691,4.991079704950184,12.673957551084277
520,,,,,4.331775845981006,,,4.950416750986937,4.879204010224227,12.62359237014257
521,,,,,4.325487104370521,,,4.933160202932794,4.947553079407775,12.83091267544339
522,,,,,4.318945568639888,,,4.952644683415306,4.840344501488588,12.709739883050604
523,,,,,4.354496102566475,,,4.892917043157834,4.935821506623805,12.957671757705217
524,,,,,4.323830400054351,,,4.909002474954779,4.968244659034928,12.74111544109631
525,,,,,4.3470053728563425,,,4.971220266417439,5.028180062799377,12.807947391582001
526,,,,,4.332845553844296,,,4.926156736045377,4.905683802584246,12.679063522121538
527,,,,,4.357678499308995,,,,4.888746896701217,12.661606619635664
528,,,,,4.32657676209801,,,,4.962732407190888,12.728015879868648
529,,,,,4.354773080512157,,,,4.833177979560662,12.58547132111183
530,,,,,4.316741201587517,,,,4.933072648280077,12.705026163926807
531,,,,,4.323052070863352,,,,4.972663762411557,12.666398819917445
532,,,,,4.339661071799123,,,,4.876318997942788,12.6646709779742
533,,,,,4.346471816611845,,,,4.949564092081801,12.751773690920063
534,,,,,4.324548199098137,,,,4.949249011103171,12.802367499975986
535,,,,,4.32290381162662,,,,4.883953150352579,12.685308968557917
536,,,,,4.328892116114116,,,,4.900127953723655,12.739351242948597
537,,,,,4.346830033690696,,,,4.882783330031276,12.69272219879742
538,,,,,,,,,5.081935786641939,12.755227253683062
539,,,,,,,,,4.876542639163341,12.615130074924895
540,,,,,,,,,4.8478817743153755,12.653103614128264
541,,,,,,,,,4.864670950713996,12.607115707785367
542,,,,,,,,,4.890446430116967,12.732534106063676
543,,,,,,,,,4.864620436783657,12.635663624827036
544,,,,,,,,,4.932783021338125,12.649626032656743
545,,,,,,,,,4.826326039660538,12.563691822499262
546,,,,,,,,,4.893065587514258,12.848558778223381
547,,,,,,,,,4.894126944652744,12.713848795912208
548,,,,,,,,,4.8601606122196,12.764426728166931
549,,,,,,,,,4.865091118620881,12.59647691509128
550,,,,,,,,,4.901888126464368,12.657904302164127
551,,,,,,,,,4.879376196315757,12.57644080255312
552,,,,,,,,,4.976461354700572,12.704718770507402
553,,,,,,,,,4.880083451122844,12.52836474531571
554,,,,,,,,,4.991594762527989,12.601713985015003
555,,,,,,,,,4.828456018529387,12.785181729248404
556,,,,,,,,,4.851923420509855,12.736710186876918
557,,,,,,,,,4.88441264783614,12.66344012700758
558,,,,,,,,,4.910781474674533,12.842027583318389
559,,,,,,,,,4.815306219433073,12.73408876561411
560,,,,,,,,,4.864333302509151,12.875468071466088
561,,,,,,,,,4.930374722407286,12.739934179569326
562,,,,,,,,,4.846371950913291,12.814453851718708
563,,,,,,,,,4.818339900240653,12.790085849195334
564,,,,,,,,,4.868798625510203,12.721460646366914
565,,,,,,,,,4.81131642685762,12.760546357272515
566,,,,,,,,,4.8300269494769035,12.543925970044208
567,,,,,,,,,4.794226992125418,12.630881742893814
568,,,,,,,,,4.814627673284537,12.620662564571585
569,,,,,,,,,4.870159721792839,12.61233770442695
570,,,,,,,,,4.849516472492738,12.578710922001083
571,,,,,,,,,4.8125149652854535,12.685960393734684
572,,,,,,,,,4.833524042437445,12.607241344359306
573,,,,,,,,,4.791284412338549,12.776840143753583
574,,,,,,,,,4.784957235629902,12.536674810132498
575,,,,,,,,,4.790539920967932,12.648780404596996
576,,,,,,,,,4.791919505560899,12.643204223711326
577,,,,,,,,,4.749471862809953,12.659493041225359
578,,,,,,,,,4.79683993223533,12.551025241556887
579,,,,,,,,,4.7885994577800615,12.546282323793577
580,,,,,,,,,4.760110024185578,12.630128035691857
581,,,,,,,,,4.843357532948228,12.771657606496683
582,,,,,,,,,4.804108608921877,12.567477705616511
583,,,,,,,,,4.948112740293632,12.740715960468059
584,,,,,,,,,4.841929853925301,12.555098150688647
585,,,,,,,,,4.849469243304014,12.622180099919667
586,,,,,,,,,4.821962467432943,12.557792503423297
587,,,,,,,,,4.891988162572769,12.605511678560244
588,,,,,,,,,4.760164440074841,12.538603931202584
589,,,,,,,,,4.906863252890243,12.603076114311758
590,,,,,,,,,4.835635857813464,12.69653709240212
591,,,,,,,,,4.787292891398548,12.64185282761573
592,,,,,,,,,4.788384451237322,12.717559457923947
593,,,,,,,,,4.928702002935577,12.648312231918606
594,,,,,,,,,4.8170173930843365,12.69265727008484
595,,,,,,,,,4.88015620652365,12.6520080383244
596,,,,,,,,,4.7413682582706445,12.678262320756046
597,,,,,,,,,4.864851504788717,12.64425140149798
598,,,,,,,,,4.735793790601795,12.628275268752969
599,,,,,,,,,4.812898581705225,12.640245099156624
600,,,,,,,,,4.769786326917419,12.50781082609158
601,,,,,,,,,4.808528411677996,12.754565112883371
602,,,,,,,,,4.823865544187818,12.631003923878895
603,,,,,,,,,4.833167542448082,12.686678883215759
604,,,,,,,,,4.784285037333141,12.67910772054387
605,,,,,,,,,4.9104842510350935,12.6559777357544
606,,,,,,,,,4.8257643205829694,12.552972970211107
607,,,,,,,,,4.7759600307460035,12.638493512906118
608,,,,,,,,,4.766799739555658,12.580107510121044
609,,,,,,,,,4.835605120964347,12.764164627600046
610,,,,,,,,,4.753248477775666,12.530104124392741
611,,,,,,,,,4.874273816970423,12.673335493679765
612,,,,,,,,,4.794817475000006,12.664046756956889
613,,,,,,,,,4.815738576981243,12.575322026366575
614,,,,,,,,,4.737672848927638,12.593854408049296
615,,,,,,,,,4.8242915428170186,12.71730747446519
616,,,,,,,,,4.811970337341391,12.552532103982763
617,,,,,,,,,4.914032850201812,12.596737804107251
618,,,,,,,,,4.780109296507361,12.609983641357958
619,,,,,,,,,4.858456037397958,12.668531245745813
620,,,,,,,,,4.817741352417404,12.637397620535005
621,,,,,,,,,4.924028180834676,12.7113514454023
622,,,,,,,,,4.830465750864404,12.585401641656965
623,,,,,,,,,4.743324472562488,12.668607086609615
624,,,,,,,,,4.796840718550488,12.676426609961377
625,,,,,,,,,4.875779397523505,12.516442775366343
626,,,,,,,,,4.829694393081,12.57810446329755
627,,,,,,,,,4.833283142076844,12.481886171520948
628,,,,,,,,,4.783078308793186,12.625931675738672
629,,,,,,,,,4.88088241486508,12.522045677095122
630,,,,,,,,,4.775866136086857,12.66371767424604
631,,,,,,,,,4.863882303193353,12.491764614642276
632,,,,,,,,,4.773507517366673,12.538610468023844
633,,,,,,,,,4.735079954153725,12.625776607061832
634,,,,,,,,,4.744724174269533,12.648472372647735
635,,,,,,,,,4.7580557072431935,12.45933261527096
636,,,,,,,,,4.781657938664218,12.56075965326254
637,,,,,,,,,4.745193995058492,12.542873433694556
638,,,,,,,,,4.723766492020828,12.550111897296285
639,,,,,,,,,4.761237746132164,12.522790801580273
640,,,,,,,,,4.816311237586404,12.603231626322062
641,,,,,,,,,4.734532510302589,12.517471709879189
642,,,,,,,,,4.89819412632601,12.627089514132189
643,,,,,,,,,4.775846777089884,12.630528637478541
644,,,,,,,,,4.844122458453971,12.605561130506532
645,,,,,,,,,4.756365900190278,12.58510726688548
646,,,,,,,,,4.81593487501804,12.665643982964689
647,,,,,,,,,4.715947995855999,12.52143441223025
648,,,,,,,,,4.818511923802393,12.521839348051248
649,,,,,,,,,4.759155846902993,12.579842843418362
