,ev_op_Hp15,ev_op_Hp20,ev_op_Hp25,ev_op_Hp30,ev_op_Hp15_2f,ev_op_Hp20_2f,ev_op_Hp25_2f,ev_op_Hp30_2f
0,14.90189454576731,14.723072162314798,12.588531683090444,17.128535084458818,8.281388428064918,14.42106485051124,14.944608243604304,14.058374826753605
1,14.90189454576731,14.395842233899188,12.588531683090444,15.935168612879966,8.281388428064918,19.877094178194188,14.944608243604304,17.83192376289318
2,14.90189454576731,14.09641992266662,12.588531683090444,14.273313993410616,8.281388428064918,17.846826612611846,14.944608243604304,14.449172475953077
3,14.90189454576731,14.569231095676177,12.588531683090444,14.188066964329304,8.281388428064918,16.542298255356542,14.944608243604304,15.154356232270688
4,12.05240143260323,14.948989689311391,12.588531683090444,14.139518990931863,10.134310501773014,16.701884602089898,14.944608243604304,13.172634537615563
5,13.751551416359865,14.582362245167722,12.053336580701457,14.139518990931863,10.185584967872478,14.352777206113483,14.535722860857126,13.172634537615563
6,12.637949863981977,14.948989689311391,12.441480259755055,14.303892382933586,10.413213870679948,16.778694706140485,13.922621477640904,14.362349390903097
7,9.75878301529719,14.569231095676177,7.977949804804727,14.112095190951106,8.905619387574767,16.598034683435067,15.12057801790104,13.531778505790998
8,8.82987659442942,14.582362245167722,8.029305303332151,14.128823809471582,8.803024448880421,14.37797551136779,14.352623998017656,14.075388602387209
9,11.414358036862286,12.384583633152271,8.174358091562452,14.24007383682404,9.651140005723402,12.288376386214106,15.447434030888088,13.329437857476456
10,8.95379545649226,11.491419066028463,8.179989419304807,14.239147263241406,8.072101925042503,11.95985600303704,14.726732606795563,11.75309748837398
11,8.857980385693784,11.002256308299732,8.174358091562452,14.760728507195925,8.385957445110366,10.470503945538496,15.447434030888088,12.445545196680584
12,9.345057885053375,11.73650046606124,8.029305303332151,14.518307567568838,7.584576461213717,9.038151690565918,14.352623998017656,13.978806284646051
13,8.679439127609431,13.060647769426136,8.179989419304807,14.842694208374096,7.965813793663309,10.695858134920249,14.726732606795563,11.938868156150347
14,9.129304546220808,10.387690480832532,6.411573086487486,14.710785516534768,7.450745851210205,10.782506250819894,14.48577112016527,11.91763454744454
15,8.882166781252748,10.066957396106654,8.038513423839175,14.72291482706437,8.596278225591986,8.236214627343415,16.447285976766953,11.924573504127542
16,8.453772549870047,9.876096313959048,8.092226626237927,14.710785516534768,7.450745851210205,8.528454330342512,15.27718581660198,11.91763454744454
17,8.453772549870047,10.399865849236448,8.629501827304782,14.842694208374096,7.450745851210205,9.378232180488425,13.796133435510084,11.938868156150347
18,8.312444811818933,10.014674130391397,7.010521999172924,14.72291482706437,7.450745851210205,8.246933856660394,12.54421841271922,11.924573504127542
19,8.312444811818933,10.376275736418773,8.64337964405954,15.51788046353088,8.963971869963814,8.949050692048027,11.802626269751377,12.013016715142747
20,10.56200893343141,9.93837429610472,6.429698071406442,14.631459112507478,8.825936357086038,8.889894338797268,11.685441336392778,13.702047931563245
21,7.6075148132688035,9.896260847039873,6.52436972382792,14.222691957024146,9.37191075265486,11.918205674809144,11.238008022666572,12.051356691359214
22,11.168379420361935,10.731864410427187,5.926732663568874,15.73658329360874,8.528691366960224,10.881793062482094,11.70737375089182,12.004792395966804
23,7.445131485672778,10.82493512714228,6.314707780834482,17.020111920110786,8.049128459459993,8.873142096077274,11.210161484553938,12.193267890737564
24,5.03952958702643,8.881465698500776,5.736685926025813,14.339216760975226,9.576431958195052,8.724699160430198,12.117808077068291,12.662531079246548
25,8.119914349030672,9.592427259034222,5.887271635651563,14.169112058292658,7.267265894758423,8.365721391201724,12.403092546114411,12.888220861446818
26,5.010974708208525,8.881784075337345,6.231793731475263,15.236248984236228,7.762451213421631,8.724699160430198,11.297818061645115,10.14580072003834
27,5.223700605092782,7.649922982308021,5.736685926025813,14.93128527399807,7.665533208095368,8.873142096077274,13.447976429769051,11.248736655123906
28,5.125858526373515,6.69979122490556,8.39153488332115,14.41817876622347,7.110015682035829,8.365721391201724,12.153491908235686,11.804734321246375
29,4.7472299659486925,6.706742882224394,5.736685926025813,13.908574228275656,7.696728246251249,8.353983337963296,11.359927783416298,10.929453645799866
30,4.873119332333887,6.233780117786463,6.840272057267115,13.86385161659158,7.307743575600976,7.885741329119516,9.016682024572676,10.24175701369116
31,4.550492887884303,5.430929150122908,5.736685926025813,11.973148933297963,6.8076193420852285,10.259116064917398,10.289969657751392,11.728801484711155
32,4.024219410414015,7.5368367401655485,7.8300295185629025,12.658852556369917,6.438760494155899,8.665966565114084,11.281718577842096,11.483476453687498
33,6.106892722176658,6.342151955071769,5.974923490702953,12.04227741757476,5.257864658169494,9.25107244373408,9.038815315251783,11.421406522067358
34,4.024219410414015,5.623706622822636,6.765815653355255,12.281403910644917,5.617433718735496,9.628857110400576,9.00880977978367,10.63123295325552
35,5.252062253605521,4.982955781209942,5.9638181080435295,11.955614361576268,5.608686693529339,7.395887497458296,8.97284319275576,11.20718964972946
36,4.316231536761578,4.900233126081426,5.7489367848720905,14.406457833143424,7.89378144035684,7.288098258038358,9.082691953286265,10.196008309240586
37,5.334259946674174,5.000730782021279,6.462697163591791,12.019797927179129,5.257864658169494,7.3979288454188445,8.983249508587715,10.035706675683365
38,4.203719518063572,7.217006521117275,5.746576071328949,13.259986163484282,7.424237917054612,7.166514583787743,9.003654870620453,11.356667446820946
39,5.236600440034874,4.928264377944532,5.758136304098942,11.950902731909688,5.257864658169494,7.856520823518258,11.002942351738689,10.428083204829028
40,5.619012921960841,5.440897553501361,5.721820147533054,12.286270124316188,6.310720778278292,7.269698708907551,11.286460128479662,11.14854937873879
41,4.828078100293067,4.931387802109082,5.623053898273211,11.950902731909688,5.257864658169494,9.275387998112585,10.88450373477267,11.045468440985118
42,4.278067024888247,9.244454511939784,5.709888117727394,11.730625000930916,7.098875041220517,7.506404163748323,8.92646097138886,12.123168996762724
43,4.318573777566134,4.849444845572,6.297778670189849,11.730625000930916,5.157388212830446,9.05112002772402,8.302012191290725,10.152004429353743
44,4.341873892785619,5.439817395389237,6.417855030172633,12.12529323292401,5.752712579107481,9.058401177500777,10.191511032782095,10.138846494537129
45,4.311299587285757,5.079367872598487,6.173469403087334,12.132357651389691,5.943168547380067,7.179059530872387,8.539780597555245,10.201619743238806
46,4.179154641419716,6.354115734661063,5.781253600698936,12.913169941423307,6.997160392060511,7.15974274371871,8.34898816159466,10.138846494537129
47,4.344550164821815,4.887988959754625,5.541736759200341,11.944485947448385,5.407967566758785,9.178918601342149,8.716001175276547,10.152004429353743
48,4.215719701679408,4.659756074663009,5.464251315476552,11.930084783987136,4.8368386086064366,7.171606195877598,8.410208200234784,10.201619743238806
49,4.327493429190821,5.27683963174779,5.529654234374064,11.046310803206085,4.925709007255161,9.664082488908605,8.679307053147818,9.879400043036387
50,4.101392029173658,6.385549832849966,6.096398841713552,12.036294248577487,7.376557960205833,7.0675408015231085,8.137917685985721,11.15949038337746
51,4.328347981127683,4.912319656419284,5.774487591607768,11.460267302177549,5.184082073202223,9.030679485849896,8.925234739452545,10.115563892690828
52,4.296148520936973,5.6926030852024905,5.73285803486248,11.4888283483505,6.848086896058769,6.985861433408659,8.137917685985721,11.036605464844705
53,4.024219410414015,5.2508207200669,5.153442938166328,11.367247015671104,4.8368386086064366,10.004194611611412,9.768402546131409,10.56887251222552
54,4.060044093673752,5.73126260819195,4.719507491305875,11.684645342907642,4.910814015937766,6.645149751675366,8.137917685985721,9.717070619627767
55,4.16777982028533,4.935814482798254,4.404424337363667,12.160139056871296,4.8368386086064366,9.295099782523597,10.243924911746376,9.565891293016286
56,4.340930296223648,4.610817568209787,4.326568155211537,10.542027216156766,5.085372649345596,6.320045643254885,8.137917685985721,10.02617965288566
57,4.146668404606149,5.253697577623274,5.386887425805172,10.873008305819903,4.8368386086064366,8.258415571911602,10.466902977659611,9.75175480456585
58,4.477808711524473,4.232083361684895,4.37938400715444,10.43498132229835,4.892018314876643,6.391284006586489,8.137917685985721,9.569700076539789
59,4.4557523547209446,5.852328356989035,3.8050009250463135,10.576289993136882,4.938324655278757,6.3384750259511815,10.934437613546352,10.072188632343895
60,4.2608185120606175,4.204432661403755,3.8546366143435895,11.101124834769047,4.991169969862118,5.9683385677600125,9.096112630218975,9.629051269028723
61,4.317983730168131,4.390987150027462,4.452293099263977,10.738432483570788,4.619149689092864,5.379399096455384,8.744878607260816,12.526485660965912
62,4.372117226944319,4.601015745486646,3.8050009250463135,10.491690637505725,7.776711533195154,6.615644954223283,8.863749608824689,10.65145460286204
63,4.186983436154245,4.251512987071866,4.3999830066140015,10.43122883816132,4.456942408544226,6.409881100443646,9.843199651176048,10.061406536072989
64,4.168593171336941,4.10530517975084,3.8050009250463135,12.219757061375104,5.390348526115206,5.295976517909468,8.435931020124928,9.70625392990269
65,4.316590428367372,4.242855470839005,4.632520668484041,12.132416941603315,4.5440285428866165,6.126660461057539,9.454964106036549,10.07832390870813
66,4.292247256853696,4.225427957619023,3.8050009250463135,10.672008064021313,5.2191771461423055,5.281609317124314,8.590922591848637,9.565891293016286
67,4.282764116360833,4.56382594255044,3.675785155175921,10.714038180302811,5.54644348312675,4.855387934031016,8.39073364678749,9.943254623356491
68,4.444325349272459,4.206558865883815,3.67889869585129,11.518226318234138,6.674249924877729,4.881663890059934,8.97095803343809,9.87040426111666
69,4.326545353772179,4.060075812196289,4.100256227490967,10.26026924832308,4.536936266712808,5.088917804381696,7.665978119957467,10.469948653628911
70,4.2934613497979415,4.29060084598042,3.630948206363247,12.022196746757269,4.576416111883528,4.894441634470663,8.187332097838054,9.654390586650807
71,4.214760242132773,4.068017889188948,3.673118481220686,11.678872120396916,5.065985235483923,6.535769612599918,12.591226231957572,12.485783631696648
72,4.226799565470285,3.845439407082632,3.646845385441968,10.496367067705137,4.322180719608238,6.349524515859751,7.339508752675901,8.7980141659625
73,4.226503511868351,4.073002044217441,3.6137045615059504,10.339905512771349,4.411330425517794,6.6158950971867085,7.274763304836196,11.80280942769498
74,4.213585063919036,3.639749605876458,3.773968739391949,10.724478124753476,4.328224413010042,6.1059895495160825,7.739211125009507,8.883328352542428
75,4.024219410414015,4.066440345387632,3.585824066772117,9.991938424476189,4.042956634019671,6.939515954404465,9.586147589506789,10.159545669852315
76,4.112881433809539,3.76109570831838,3.554479011232025,9.084753883372052,4.042956634019671,4.9916874466213095,8.17440381954127,9.121453125958576
77,4.135376242596256,3.753303497085596,4.41157945733074,8.949680099158671,3.9771037928425423,4.796952936551691,8.700766769506899,10.29692757548095
78,4.294925459498967,3.707477373868205,3.575445461346761,9.320874059212054,4.264952547916653,4.70365526969458,8.089668035173203,8.961777544749712
79,4.261268528084903,3.864137194384186,4.099083116219197,9.895080789478063,4.23298378461939,8.494588288861566,9.740340775135474,8.793610709771277
80,4.318238937243756,3.501696602946658,3.61488473271029,9.528447241700055,4.211250173468909,4.946760480974809,7.846207000037307,10.25845506346506
81,4.147841691298587,3.573480896008242,4.345862428124542,8.858058988306754,4.1079385167491065,6.295644952332299,8.39228178198432,10.198707023195372
82,4.203776097340276,3.5433587630135004,3.577358101139541,8.729751588043284,4.058648295367288,4.5640727377250325,8.553537464889553,9.123822649050672
83,4.0853791883825,3.501493411785281,4.320606969718718,8.395709688255543,4.730018704068988,6.891530292704162,8.252179097176343,9.29370106907547
84,4.077168899273619,3.72418395554782,3.912178139208506,9.732373338968884,4.314458587804737,4.959175717349303,7.247423062663469,9.066165129671148
85,4.155608819197529,3.583712220969524,4.110710709178869,8.202355911486652,4.468946180924923,7.475762315902644,9.249508318955732,10.544167969910015
86,4.247718641467636,3.5425833652853003,3.653522581630348,8.1582555875228,4.081338237161011,4.964555597509737,7.393529510186444,9.0504079764937
87,4.298868436543094,3.66562251403895,4.443967683431896,8.1582555875228,4.397899091470876,7.2432200519435455,8.581219723361002,9.986807458941415
88,4.175317642764106,3.59445553450738,3.524869130755788,7.966971002948842,4.057675861339471,5.791584969329756,7.373362319170379,8.861506593985021
89,4.067538011117831,3.3987650438383885,3.685985842270332,8.210990570393635,4.482032680902936,7.316943229816138,8.651467331696633,10.594776950106176
90,4.227594321895484,3.582251313685347,3.6775050699764895,8.336731029973055,3.808075545116892,6.752796502212399,7.291153373736001,8.66474677516712
91,4.083685100958722,3.58136622875362,3.442808203392844,7.720847000573996,4.077025734835489,5.668901712462247,8.403707885008059,10.728057740563829
92,4.073353133456953,3.544281656983614,3.5510000269018582,8.460905587253754,3.972693291963957,4.685528696902376,7.398912466688032,9.418611796836611
93,4.1543326518424815,3.569211763751137,3.521076475372484,8.031053779032943,4.599023445523117,5.6392818672293314,10.582099966063163,9.74135997410082
94,4.170470926744748,3.410950181219315,3.6226531533492223,9.679802264106648,4.095887132973928,4.680360117957228,7.294735867202723,8.653070347958657
95,4.186641165744143,3.5234408382616533,3.442808203392844,7.406025205885372,4.326599717274677,6.237668816048599,10.297475101741751,9.92092392561264
96,4.024219410414015,3.495405581066465,3.6130824487907134,11.17765321063464,3.9876426609754847,5.604358758521834,6.216166378083879,8.581412744769624
97,4.056295401225281,3.6064432182285855,3.492516563741846,8.810278271849727,3.9833586585865786,5.88606411515131,9.45267001498213,11.753745735888266
98,4.058177849639566,3.749350569376879,3.5347637225448123,7.567682348938311,3.808075545116892,4.750198242340544,6.593710831079746,8.39421362456152
99,4.151679171165634,3.642380939523095,3.5296669798721045,7.146320323482022,3.9347917009992814,7.803169227237154,7.493783483085189,8.92243012502376
100,4.093458241167442,3.360624411155501,3.4773331527357745,10.014484198122766,3.925792773030053,4.636588553469436,6.415286851443961,9.673633183679598
101,4.096790125860363,3.317270376805048,3.474666988204753,6.951420900472574,4.038189376183402,6.183782106750535,6.4938975437829365,9.748217174967882
102,4.15101017450343,3.4239724705396237,3.51144959038748,8.27060276938246,4.339504682764027,4.723506405051429,6.2061006069480085,8.194043606499912
103,4.060011130556616,3.4192814559057645,3.486056232624846,7.391377150654835,4.056398987680163,5.379832698944258,7.858222432876757,9.928104740324308
104,4.107632844188586,3.351474521454662,3.5848535665473014,7.017222583953128,4.219535909748695,4.688227068108418,6.263087184819718,8.142763724155108
105,4.060889463708937,3.49464251834219,3.588725836475946,7.280567437546865,3.9518011630548417,6.767955371614531,7.735982565139395,8.246153445031247
106,4.105458604146082,3.448287326105861,3.7496129656486095,8.017509468369287,3.693894920576855,4.935891282390105,7.0605765290648765,8.110022117202854
107,4.101290539754993,3.419734311765965,3.656746845873798,6.771539558953332,3.669418623625963,7.270682631548263,7.632194085215495,8.453961829025632
108,4.071476380409642,3.4067362722000434,3.608238674249686,7.084045269635687,3.731952021074601,5.515614569185844,7.395591566859893,8.110022117202854
109,4.049998251428132,3.414143695948685,3.486117167931269,6.80764961942163,3.669418623625963,4.793377439566085,7.136595792631339,8.341942871614158
110,4.092465554677376,3.50629135200738,3.624365443030939,9.913459172016587,3.84200280636597,5.100685846739949,7.398175692078085,8.987653849870785
111,4.063398320014568,3.5051488634504864,3.575004005400481,6.849576075230144,3.776420599843343,4.689998637509369,7.915039723775226,9.736913575965644
112,4.057078205355737,3.4429620629234785,3.544417446280757,7.352370700156698,3.735873655640286,5.087652537376268,5.8986117600137336,8.199729911284484
113,4.0748016782505045,3.558487808670878,3.4532356568662057,6.823377242121707,3.864568111279436,4.713790692209735,8.50416973204811,9.09170981619926
114,4.0389612970718645,3.420060123450249,3.685364186062551,6.821646161483791,3.7067437189694674,4.968216109680838,6.26391617707026,8.365246218902817
115,4.012425658834388,3.3932629491793973,3.5489016795014128,6.603282076787862,3.8472808755365553,5.142542759214261,7.669417642962264,11.423305995773196
116,4.050910587179003,3.440673656248713,3.5911663252202057,8.625667113975602,3.8267605545963295,5.80160410676678,7.2032924513141765,9.56961217111488
117,4.033669401130424,3.519518247386013,3.3013793188561342,7.000938601163658,3.757786430296472,4.781550923534049,6.442243251114117,11.09688583412603
118,4.062062992165399,3.4114554753500204,3.659645601390712,7.419891376339989,3.754708165307874,6.08155462298595,5.791625159139786,8.336266553607034
119,4.017181947230121,3.490841814388099,3.365058410556281,6.722153130416412,3.7245884087208574,4.755780382852956,6.414130346366719,8.761344456060085
120,4.012425658834388,3.317506940732387,3.3347254248294944,6.515096394067038,3.587959805892631,4.682061004056653,6.074874164912939,7.802834153920221
121,4.044982256094765,3.4466018776239107,3.440759739741307,6.732096726358594,3.627274903280948,4.7757508829783815,5.693218015353578,9.616108117070208
122,4.0615043690797545,3.343627932223721,3.502490289340974,8.321123382871935,3.640947822884498,5.691874285866639,6.654497476465454,8.553833872457789
123,4.03301701513622,3.436786571727401,3.477797469879788,6.4562083565293085,3.551805226454417,4.674473928074695,5.824804906413823,9.859459186822075
124,4.045800435837537,3.326182183465821,3.444968222188822,8.801714954916859,3.7155262792289303,4.699554364440471,6.21031142145741,8.321891861239628
125,4.047486116053455,3.382917076925436,3.4473299184404547,10.536862001776772,3.55402232528818,4.953215252688624,5.693218015353578,8.703818614219546
126,4.072089418878421,3.425005843338784,3.5268004066804197,7.29976651731174,3.44914861073372,5.16401788410526,5.660978709866045,8.252175173159074
127,4.001132895272419,3.3464462245945867,3.376619921481242,6.4562083565293085,3.6365671522252017,5.149346645007404,5.793458829586623,10.98045267299462
128,4.015967993111831,3.267467750444475,3.3909282939456884,6.339623147585284,3.7549765041431487,4.926850110471375,5.95659421805598,8.611150695138889
129,4.060360458085662,3.4111477074530363,3.51768665115154,6.326711373981971,3.600030089910606,4.610669006132323,5.911772367794578,9.140870614117436
130,3.995877045305996,3.3161332883531096,3.482421211913125,6.670515528745261,3.742970295695528,4.761724804031404,5.490661803103802,7.683017938816771
131,4.0213721088852505,3.265893628557503,3.382221713209702,5.857387705206668,3.596629475989899,4.917559163388934,5.651924722871734,7.517224797057169
132,4.003540556326507,3.454701946009288,3.3399817635093623,5.968697666742577,3.5674596329798867,4.525102450593956,5.01100532998651,8.419209942236948
133,4.0160750124791065,3.3663106179338613,3.3082861848424936,5.78728457508731,3.44914861073372,4.268972199557408,5.116964348316538,7.775249272930002
134,4.050872573541221,3.360683311924132,3.3960070460555243,6.301435677648983,3.49828365800565,4.400080546207207,5.734564664392617,8.418700411640764
135,4.022730799027936,3.3607960321660637,3.386304870691754,6.1564308218611306,3.588846364885846,4.609165221268786,5.042991999548382,7.674529193765179
136,4.007645422559359,3.359135458823575,3.408505435717397,5.683473198013581,3.730212252338808,4.0963902241114045,5.463691921949108,7.836345168117898
137,3.9981964355888113,3.3427368324943973,3.4037597780940367,6.334916860921663,3.658050989468159,4.22129631775682,5.42055201909779,7.484585066705945
138,4.002977950508142,3.365766220240808,3.394985447744756,6.063306753015727,3.509340322297733,4.162894145288042,5.597599655359149,8.737910907621783
139,3.993879217787562,3.300608350088313,3.439497260258311,5.3885792409052495,3.608362080574788,4.521629688625499,4.96038926812315,7.607639417979516
140,4.045907438642475,3.4782257939566925,3.357599861391152,4.967934523335184,3.572163125365442,4.349766887476251,5.148605511918714,7.544601054458624
141,4.025186491726831,3.477096523060589,3.371798887207861,5.377532047251712,3.656886677550764,4.012428430106271,5.03385923041367,7.397589438516554
142,4.038215652398143,3.3636501622388764,3.429904111851579,4.416563159605941,3.660088549655601,4.151879977096593,5.563115050136449,7.691555458086377
143,4.006681345699393,3.384880092045096,3.283638509069153,4.576569631466614,3.730012577543192,4.171774562525036,5.174281464427174,7.364578178039409
144,4.0348316204546615,3.291843897752165,3.546562682434556,5.106106285743427,3.518583395308154,4.217043567711037,5.431462184009312,7.321255974797215
145,4.011955986548237,3.380797919123532,3.4574520986986546,4.443322807290662,3.627792796774024,4.036878591646566,5.085444351746325,7.52069089628032
146,4.034640722145155,3.325979140454692,3.40738089789471,4.296084438803217,3.7056433372429,4.045812830771873,6.067743637182903,8.362519866963044
147,,3.337600104081901,3.3508018465645373,4.145881024403207,3.524449026726063,4.049644257353525,4.911899373926324,7.230759665817327
148,,3.391661206089864,3.5162995501309777,4.250209330638128,3.582696572936716,4.240841446090256,5.011692828204152,8.175381192564059
149,,3.327872463102427,3.39619212273924,4.03053878646085,3.681993365648247,3.991732636708219,5.266284763308367,7.550272334173294
150,,3.4175319081164623,3.4043204168978383,4.2675522029379405,3.5055839626172087,4.137076736358406,5.123070195653264,7.447657298657059
151,,3.302601369266904,3.415236709433493,4.236646320724833,3.546595332912806,4.070903566324852,5.220201075053134,7.355891651321429
152,,3.3294409184122182,3.317203679022691,4.284853613913445,3.5209908129969665,3.993710759018429,4.935276050935948,8.447998470360336
153,,3.324140371089329,3.306458440017378,4.166263847924316,3.5474244329702564,3.772422645517102,5.40628648145682,7.618693676622104
154,,3.3541925987679484,3.326988144852744,4.48534439565119,3.5707166934425527,4.013484182049508,4.489173058837502,8.475465824589238
155,,3.390683254355169,3.361029612809735,4.248178738244896,3.4244017682182544,4.0944685577619415,4.3665374780067125,7.282446149691117
156,,3.4235960377269694,3.4445140339986544,5.050021394403856,3.5578309559122143,3.837238276852432,5.579058647484535,6.502070373484466
157,,3.2763929933928133,3.35611977476013,4.588604859686351,3.5888124951915,3.9286653115595,4.414160499825953,6.776935821824394
158,,3.3718126467210388,3.4857612420047888,4.160278467584709,3.5070913194837616,4.013219656397519,4.525283745321715,6.7309903669274345
159,,3.3328835538916834,3.3930482490334826,4.03053878646085,3.529889981306219,4.000337212222342,4.403690515331922,7.0180824843495415
160,,3.288213286144703,3.3905367657697387,4.241097429539892,3.5706590828554177,3.98284265412366,4.835186655445851,7.1928422053280885
161,,3.386113082246216,3.3396726679485123,3.881964898682582,3.594467659130389,3.872904504657832,4.672464808740803,6.897659526991564
162,,3.3274377213212065,3.352847126332532,3.861376154441429,3.531960318815861,3.940607859902117,4.50764612618642,6.618419638235038
163,,3.3680896461067467,3.428420833267112,4.169870807211823,3.587024229100853,3.896115385566404,4.635741609537655,6.522925571340108
164,,3.3654195601988763,3.3943744365702258,4.417031619152437,3.588596459867345,3.8832043892643817,4.963500412861247,6.301992742213874
165,,3.320570327469897,3.352905325334572,3.943683255920422,3.4498186618251,3.894320950741471,4.374651862586766,6.327625499854582
166,,3.263231618705558,3.305038538810676,3.862366389211772,3.431329922853831,4.039470325193167,4.352558449141748,7.374548130343639
167,,3.399708331101408,3.330308208041117,4.933446514860662,3.612422917033805,3.824186583405617,4.58711742269369,6.294053560218721
168,,3.3832381988339537,3.3701323338142286,4.845117915839106,3.511952651893901,3.8774932872909753,4.698197736542935,6.428590719166159
169,,3.35600964583915,3.325586498711639,3.987927551574382,3.5980923660781685,4.29025799884784,4.589607672682234,6.245015103249742
170,,,3.36192745635396,4.547407854754145,3.4759835000874717,4.115848049384196,4.505923795948738,6.842750541211816
171,,,3.3235356029436613,4.070766935683937,3.529284276916938,4.035484715073926,4.594182587192249,6.146846497502189
172,,,3.3881042727713857,4.377839892280946,3.512787409989072,3.9303077035488174,4.49290530872642,6.495653079833715
173,,,3.392448330904985,4.183635110115864,3.670958321564852,3.961174689627416,4.465660165822895,6.213172288473813
174,,,3.343267198652032,3.962292128675647,3.4890278164102817,4.081814477098818,4.969773135041397,6.996038639213156
175,,,3.361829341890988,3.9343162286109754,3.576821213996357,4.074535224987603,4.445969940779618,6.331178146984212
176,,,3.335623936715725,3.95434799626106,3.514794156088457,4.0452414032624935,4.846709743457443,6.336781969889298
177,,,3.323455217870863,3.793499825063729,3.403277038519142,4.027112209259582,4.352558449141748,6.351926210731902
178,,,3.3756663080313345,3.975817644291192,3.4482571966814564,4.091624575521434,5.247066569663804,6.821230824246787
179,,,3.334773448937781,4.01553191023679,3.520857444921768,3.9831670512764794,4.453206699747586,6.245210340364746
180,,,3.322621380973314,4.153646303779911,3.506722342387517,4.019855419899176,5.172420274003594,6.999111785493977
181,,,3.355151080492641,4.08048299733546,3.458554593161613,3.9137838834350407,4.548952381816036,6.177092350401128
182,,,3.3325125386654944,3.944093885488386,3.4412265403580165,3.918981836316676,4.839057294709127,6.468211684008375
183,,,3.338315550403948,3.901933252840988,3.5045961234438847,3.833400741367019,4.439820469202599,6.226558303335403
184,,,3.317416458865793,4.119364794418965,3.5233890542683275,3.981858163123978,4.7382754343782345,6.93603347857868
185,,,3.3124857266189744,4.27419140831832,3.5145646861912585,3.975244998814003,4.587798639742879,6.183270720706084
186,,,3.3812551702924094,3.910441927324811,3.5246001368090134,4.017991023264796,4.31634699723018,7.736172354239979
187,,,3.3029677609314683,3.97286900479005,3.462711177465417,3.96189306004441,4.263841610311188,6.849357205691716
188,,,3.366554324711747,4.180508916934278,3.518769778834379,3.864911814940256,4.823086578150747,7.2864081824289615
189,,,3.294585097619505,3.8143250437789793,3.551466956414572,3.897184046972733,4.199725864085385,6.441024946309717
190,,,3.338031783546978,3.9549283670368816,3.411096473875193,3.9944691318293097,4.540075385181849,6.56723242203192
191,,,3.3196820357726216,3.973305996552445,3.519289045427206,3.991564779807324,4.487111647034976,6.195934667435922
192,,,3.294977452543036,3.806330080647077,3.4742698613606646,3.9102244589748048,4.2302513630564125,6.325424313421982
193,,,3.340697364276328,4.042685149112793,3.4662785719706317,3.985352823137744,4.264794634760078,6.174354389689437
194,,,3.3849756920617637,4.20317862685553,3.3560810861794117,3.9608578229660334,4.276468864536557,6.350301821604177
195,,,3.33133578505694,3.90980768911846,3.600509457907248,3.9756966391834183,4.207396709636883,6.500552029981182
196,,,3.3559696834994885,4.006163025662869,3.377172499540766,3.981303952755027,5.238863328261493,6.454470018871894
197,,,3.3534079349562207,3.9174704535603695,3.477958017840572,3.8896541729626,4.70643099362348,6.200274259691129
198,,,3.327173388212998,3.934301124013163,3.5547039153570656,4.002799565779774,5.515390039443521,6.602700525036672
199,,,3.315789735490306,4.330041729906897,3.46790875373004,3.824799337758794,4.229192236283027,6.4119399588804304
200,,,3.3049497537010133,4.109713368252107,3.5494186164361734,3.885888801338112,4.238973270632323,6.429053741581261
201,,,3.3080356930126693,3.6755530362809856,3.524585823625077,3.9057806436228257,4.152256571773829,6.206195601398045
202,,,3.3469414462141884,3.7705696511632847,3.4631839230042667,3.803509871659464,4.605473583414151,6.233621068429785
203,,,3.31059776622946,3.7130868452901833,3.4684572713457857,3.7462171654465246,4.030260135851918,6.264030488981792
204,,,3.321023298388436,3.787827077227126,3.563947209791067,3.807824625109585,4.558804892235359,6.439211676815884
205,,,3.2999688999800054,3.682302466641966,3.450808783732222,3.936503540956581,4.295775121477059,6.043440324770331
206,,,3.303343892585651,3.741567976463728,3.486875721268269,3.813591441803369,4.84327312573966,6.2346306591305725
207,,,3.3202186576077986,3.8164483345786273,3.586897907644212,3.948180124401739,4.423160270896968,6.189310616033311
208,,,3.2929082830282725,3.663640369871456,3.543385276429476,3.891703265154749,4.030128370234302,6.6207795191364
209,,,3.32315703747031,3.812551585971169,3.492770718246604,3.8950267938080656,3.9050924632062807,6.070723404204371
210,,,3.2799043694526624,3.693322425654839,3.493145639496137,3.921468098952551,4.202116368120475,6.395730553495063
211,,,3.337046355093582,3.836218912392322,3.483526746967404,3.825089517563525,4.002485163251179,6.379025710948431
212,,,3.2960586410383232,3.764219093491235,3.525992058805105,3.9113988751270297,4.874298339538379,6.0368962944103295
213,,,3.330610262877268,3.69252158875192,3.424494415120856,3.8023037517474902,3.935634435111482,6.450337404930323
214,,,3.323380842960237,3.725526308625324,3.4740730887344786,3.9578210412815658,4.544631172286418,6.067094593549024
215,,,3.2897328937836314,3.6415436129942056,3.543828152742281,3.8508808919760456,4.204274314340574,6.312232332887169
216,,,3.310179590452074,3.6957683642186434,3.473864868391843,3.916726166734089,4.098071653078298,6.080830927051902
217,,,3.323123189765174,3.852281002503755,3.415810167261126,3.8939910413902257,3.917262960206152,6.088366147022439
218,,,3.301103471718001,3.720164100948736,3.462653331910605,3.917790316695666,4.45341623169783,6.190842815679558
219,,,3.2883689619490477,3.791489750912077,3.459901305523889,3.740291507265247,4.033575490930459,5.9949087269092045
220,,,3.339199800759286,3.630275162449372,3.5621250088537013,3.9352178590745086,4.002586405125826,6.000392911117371
221,,,3.3013798257207974,3.7594934061616025,3.470279631079987,3.949050574135809,3.993975618789594,6.083057234232415
222,,,3.358671842070408,3.848487088166285,3.4494404590454004,3.8682321458136735,4.077634325390556,6.133582262716998
223,,,3.291004857450351,3.708337438449975,3.421984306103787,3.848181252508643,4.020482646180269,5.998583911089534
224,,,3.3225673188285034,3.842335637154128,3.4125138983534757,3.739802285335668,4.344741258358077,5.897817192562662
225,,,3.2837532242764724,3.829586572656655,3.466827007467682,3.9185310850516486,4.2068594109339,5.918042294570768
226,,,3.3276549196136185,3.733520623225057,3.5242318738407823,3.894785477335114,3.94687121870048,5.823279321152548
227,,,3.305096924778027,3.652973776829092,3.3994632217926646,3.785813884827293,3.972437236116311,5.886723367994694
228,,,3.350222275482769,3.763118382521403,3.52394598545907,3.724435257156352,3.851940170857512,5.910799550051987
229,,,3.28313497831738,3.670219197370262,3.4409363978279512,3.6401612937304697,4.006370170004537,5.864645883561751
230,,,3.346362420923038,3.717111220036416,3.38259985864114,3.80466609530234,4.5648428359847575,5.651218859830865
231,,,3.328103156495618,3.608905084912092,3.462059200777943,3.737777158521489,4.1248056636388535,5.874527095054818
232,,,3.286123989421109,3.8333379300056873,3.404562311820084,3.8589968689790015,4.161956320432432,5.693187347035559
233,,,3.299381232519472,3.6819395185439534,3.483492204427252,3.830464681954592,3.8052494836313535,5.491334800882715
234,,,3.291216087769462,3.767177088565774,3.44361648932451,3.8409883410559176,3.807279350160548,5.243450473296764
235,,,3.3288783366954044,3.7421746137555063,3.4252912622733622,3.8303387145737777,3.896250965693364,5.120982793555363
236,,,3.298114319025885,3.6218008689467927,3.4979170468922534,3.820374176337344,4.731753005454278,5.25262638626461
237,,,3.274824993528448,3.704269071888582,3.43130630704835,3.933562843616144,4.058263820506566,5.04926126052152
238,,,3.307911560725977,3.6031142509025926,3.5264184614078045,3.6622608034003616,3.603056653482207,5.134645892658878
239,,,3.314189060650343,3.7276984741111594,3.4088911002195,3.7594960590013016,3.611108330884153,5.195767598114282
240,,,3.3399364266783365,3.6696694897080855,3.441198060811548,3.8314872493428047,4.478646276947255,5.161972289311608
241,,,3.316776075107748,3.725836223120654,3.338838985457354,3.900778453944807,3.8253433504550993,4.833614911273124
242,,,3.295138897099068,3.6135046149820313,3.461396582125946,3.860879405188557,3.5833682341187574,5.036140465722322
243,,,3.2864563157696227,3.62025383521977,3.41082190678406,3.912742521977849,3.810988980825992,4.995642996803911
244,,,3.289375610674172,3.641374878993657,3.511797200575958,3.704915856828915,4.091760176211372,5.103576105665117
245,,,3.2843857832936902,3.6500332775789976,3.3514454561355462,3.737189036358918,3.702711227220527,4.880959761344204
246,,,3.26713142027,3.6280143095899104,3.3179395944137293,3.8589294773404528,3.87632948549212,4.875236725137063
247,,,3.2927740029619392,3.6617578582655126,3.4031239222102427,3.686812642610816,3.796693853370942,5.02658521429782
248,,,3.293831360897212,3.666200573291708,3.361293835201973,3.776509365051501,4.6546450544153375,5.060677327239473
249,,,3.281367187512416,3.662673013444409,3.370931871646151,3.6628989531882574,3.717992298698124,5.026536475654061
250,,,3.2761796965142738,3.6363528371464366,3.377660540900881,3.852325685243384,4.409256959744395,5.054154716209702
251,,,3.2787793256840136,3.7477585509534928,3.4004487012129347,3.712905251591455,4.048277268310966,4.716023978135135
252,,,3.2957939894024166,3.72431074100608,3.393511753644687,3.703722764845522,3.943532663941362,4.704716670864694
253,,,3.2850072522014715,3.716470768661273,3.434796666573743,3.787026131233581,3.7008906030352446,5.211652858547708
254,,,3.2885451870788964,3.635896935608947,3.4243646160278685,3.757221606585768,3.963453134730735,4.882239340235221
255,,,3.286147038257235,3.7780992710029833,3.4583720380577208,3.759106529176112,3.7102788400288658,4.581196432452764
256,,,3.282353287986273,3.622557394863048,3.369959570626987,3.872518011964376,4.060081106553185,4.556495072957054
257,,,3.286219105877372,3.72056730844652,3.352631898842809,3.7514057521494633,3.791758113935588,4.612944953496551
258,,,3.2937172432264785,3.716545727534866,3.3175163994374417,3.7449434206436503,4.6447622384423495,4.684234080289548
259,,,3.274351688825384,3.671209451327944,3.520654975033189,3.799218209934864,3.5787709576628117,4.515094100761076
260,,,3.2845490102342536,3.662901678177113,3.4011147087568663,3.709900027465192,4.311780508732074,4.510080901303206
261,,,3.2773145259512555,3.746838259845328,3.311828712161117,3.6811780926092585,3.86324047281018,4.5141748569181965
262,,,3.277101132117228,3.629121175453746,3.41303389762366,3.8268101376269112,3.940486787877436,4.327638268789697
263,,,3.269638603437049,3.714515808975758,3.425474689599205,3.755795251848237,3.6220645256776063,4.389294729811901
264,,,3.277739221446592,3.647286701098939,3.356074521863197,3.774940581445932,3.970947995425503,4.3849535667756925
265,,,3.273078783117311,3.6958377809779215,3.474946293461098,3.6336940517467,3.646006846335757,4.303182120615926
266,,,3.286785956704715,3.6995557852140974,3.446459036140959,3.7194241204034366,4.007175335685494,4.251227428665546
267,,,3.2728736010976496,3.653733901446056,3.3908760509609857,3.706042483321772,3.643866470064358,4.2284374196875
268,,,3.300859310172213,3.67980987533668,3.3720387414466897,3.63013238297344,3.9164166484794616,4.186442627634636
269,,,3.274414382535505,3.729763877530059,3.342012888058415,3.794361631517413,3.681332282547002,4.461240705818772
270,,,3.2746733083399464,3.646998573353057,3.379962973642179,3.8218750920635847,3.863801009303293,4.294146526149675
271,,,3.2809989430808906,3.650530215623848,3.413078397140048,3.6813337034015614,3.677963388764898,4.582927371183235
272,,,3.2879539903659536,3.677278580954369,3.351516957440212,3.743310410239717,3.8276149388565353,4.257290478952683
273,,,3.287205921753951,3.6886344849131447,3.3176136792673145,3.713962433890413,3.566101155025083,4.408208636400797
274,,,3.2737596518799927,3.621717738614092,3.3215129684660054,3.68848140876558,3.884282137996523,4.356255046027884
275,,,3.2804294535779777,3.626109719821456,3.363275740225262,3.6788757627155,3.651757435439433,4.258195983213692
276,,,3.283362616191709,3.621382171520687,3.340859314455835,3.833268723206543,4.317980633255588,4.2491718253073705
277,,,3.2856210602418634,3.60400038475783,3.366644998537155,3.813155752203061,3.565590110317016,4.388900637643885
278,,,3.2711334013302125,3.6176892567590127,3.388067771594324,3.733124891476741,4.6556024965384815,4.302971914478309
279,,,3.2851765289707373,3.628934221933689,3.4194020718961715,3.705326921130416,3.756579244795044,4.502056898172325
280,,,3.2684826060914043,3.642157312804412,3.433255882624043,3.7556330984555535,3.982898097936857,4.409757103612897
281,,,3.276861943494325,3.687909697248021,3.3460062798017804,3.6390728015945073,3.663543436696519,4.058453592680512
282,,,3.2782075652982643,3.658148745418067,3.423261701315764,3.717988293679834,3.641280689891984,4.176262767047271
283,,,3.2867460559875465,3.6758306955512583,3.417087107704436,3.801200911244605,3.7411128231763495,4.316251002373185
284,,,3.2708023981493883,3.561052226097561,3.3993227325992352,3.752244457556995,3.5849487753097447,4.388134650599187
285,,,3.2816891624796933,3.6260351980191703,3.3278293145627496,3.777539432815331,3.684206429595663,4.125957963730396
286,,,3.281629260954037,3.677701471390375,3.384881333479606,3.67139323283906,3.6722467536341754,4.151999807354684
287,,,3.299675345446861,3.712468831749234,3.3508949640866272,3.700742828362929,3.577015215601723,4.135578031043064
288,,,,3.6308514812194113,3.4107449222352626,3.692349532419057,3.5763683859341517,4.215344752383384
289,,,,3.621106052546197,3.3462479323504537,3.765318144496345,3.6759772627048672,4.3052324378286455
290,,,,3.6067947072418423,3.33202392911479,3.629059743583275,3.5290355052990434,4.286674150696601
291,,,,3.5260206984583817,3.349125695832903,3.727553450921608,3.401102747154644,4.599958330480876
292,,,,3.688238768484404,3.3757081966224995,3.6703080035057183,3.553005745347406,4.334818494931663
293,,,,3.639859486068247,3.374285992308496,3.708929851371214,3.7644026495640506,4.439526969338774
294,,,,3.6298864462111866,3.409291219129505,3.7057621039654247,3.58381439512234,4.150704594157134
295,,,,3.5398185642116555,3.32750479822637,3.694469539152464,3.69910851636777,4.475452805031947
296,,,,3.687149119180319,3.317192193938546,3.7030580350989073,3.70828612916952,4.315206405758843
297,,,,3.591166403206306,3.3317464140306057,3.708117120584873,4.009270954075765,4.145064187719986
298,,,,3.660678067535011,3.3402495490927446,3.695555702567845,3.619045159641747,4.058482046854501
299,,,,3.592115943085318,3.3160932585247567,3.7645976137468913,3.552287616323794,4.1281654972148285
300,,,,3.586576766665484,3.326755188128264,3.687439404084292,3.5223491739052823,4.033405332375061
301,,,,3.572044843165729,3.3113357297978765,3.7579620119583854,3.627064793842563,4.231044171784267
302,,,,3.564120486354961,3.2871689335572727,3.723989427452069,3.4968437995903607,4.239010908399568
303,,,,3.583319137847224,3.4053884357566377,3.843048757505565,3.659362735566501,4.22745415827627
304,,,,3.543946152096904,3.3173638689787337,3.7149899108057327,3.6396078346115406,4.241249787689857
305,,,,3.56064764423798,3.3669606629246926,3.793997022770643,3.696417593415069,3.902236084954242
306,,,,3.6237786390462094,3.3162880343906096,3.689319244465708,3.428217231682041,4.040364375008034
307,,,,3.5811044343369844,3.319641853292761,3.6629332417015625,3.610683113938334,4.348969905549254
308,,,,3.70569415490924,3.2885549935644525,3.694508803044096,3.5596740367633712,3.796310881224989
309,,,,3.5779833459749093,3.299118376776608,3.728841553121963,3.663250930160656,3.969485735871853
310,,,,3.5579616053336887,3.28676777042916,3.7797399989830742,3.627424412094967,3.897692915032821
311,,,,3.55895051464139,3.2811276521735904,3.7177527048987,3.6416655455904254,4.035132626941178
312,,,,3.676636892413017,3.290172096877756,3.635487051653712,3.535663303629031,3.938624261808213
313,,,,3.679272655895623,3.3599285129409835,3.743283078366393,3.7527838842210186,4.259352489661791
314,,,,3.539732895194863,3.275725990674173,3.639725080952903,3.572884633317333,4.048902623983448
315,,,,3.560062794113753,3.4133409260963434,3.733015541712643,3.7517719581991695,4.096444481518754
316,,,,3.611031174663218,3.304189718379878,3.795240711011752,3.556479905245661,4.098819151685167
317,,,,3.647829887042971,3.349717107538876,3.733404763551949,3.7145619650491377,4.183948304541105
318,,,,3.5418248270810917,3.32171529455238,3.772529535286973,3.7064047276445695,4.002017701848592
319,,,,3.622595598283602,3.3049763725944303,3.762463330981789,3.658616708298328,4.059720812246123
320,,,,3.571418259113995,3.2936161112147446,3.766697452485369,3.662034723420663,3.962668282989066
321,,,,3.623237369877059,3.3341735726175417,3.729828865642376,3.8162228269671816,3.978889967048254
322,,,,3.5179419924762065,3.3085009598991197,3.802455001674947,3.4851593028290115,3.9640277070440377
323,,,,3.565289548694207,3.2959902447339435,3.6847813774780014,3.690712093013549,3.857505276370253
324,,,,3.549467075387467,3.300198028245031,3.656423955709142,3.76395561070173,4.046129474872024
325,,,,3.578612602061173,3.330024503240652,3.62078288927934,3.597124786253312,3.921309388280432
326,,,,3.612612175153277,3.352966129120912,3.730257958602506,3.5733002090694224,3.987166839965985
327,,,,3.5026341921183155,3.3090522334548127,3.6667012151480782,3.608652811371099,4.088082919797425
328,,,,3.600691825860024,3.3012389776665363,3.712967163850742,3.676417597340056,3.9898494364018458
329,,,,3.5100950682774177,3.2879919147345675,3.607702378011806,3.6058744351258847,3.868344940369575
330,,,,3.565729232917949,3.2951739163750937,3.720654736407272,3.5291794205067126,3.9885845492652567
331,,,,3.5338732665750907,3.278010020589452,3.765034570488585,3.5592949529264706,3.807174768394831
332,,,,3.595174844213559,3.297198900247815,3.7112239610491695,3.5189422143019247,4.022153174248009
333,,,,3.5316940815480025,3.287860667107195,3.6235012092111463,3.498764300025412,4.034223718591038
334,,,,3.570251540342392,3.341203663564252,3.7095557479277113,3.606225122996459,4.00800988735407
335,,,,3.561685781678303,3.2986887971547567,3.709497254971807,3.5823467634290616,3.994134306741452
336,,,,3.5597217611140777,3.304061219838087,3.697485454255901,3.5993037176786014,4.007410780563098
337,,,,3.531380283786582,3.3090073200690013,3.847428545223864,3.4154625505253557,3.946030823442285
338,,,,3.593903526575014,3.282160024982535,3.7899218105895582,3.4944980959066774,3.966069777608415
339,,,,3.557672122473152,3.311883576973432,3.708214989233313,3.597020079114201,3.8917366833228977
340,,,,3.5766527202971945,3.300886224049499,3.839775374885511,3.5568314676250607,4.061573504960931
341,,,,3.5112919091413177,3.309954531688912,3.6231056162364768,3.4796159887868257,3.964533399832961
342,,,,3.5216834343667123,3.284407814799234,3.796283866148607,3.54888848173125,4.021367431111306
343,,,,3.528302175021925,3.308405995257496,3.7216549100845526,3.550907748072989,3.927587370850086
344,,,,3.5412975312666277,3.297323038361774,3.706181647231257,3.472229833613163,4.102107106477118
345,,,,3.5154041537772884,3.286200496046625,3.7374533434881823,3.620979698727566,3.9051267665422498
346,,,,3.5318510223468604,3.288512441529507,3.639454079326802,3.530707626698085,4.072401243886725
347,,,,3.5227053623408406,3.281283596021268,3.723460490925068,3.5155537303492546,3.834480949431176
348,,,,3.5676460329066515,3.305150676237869,3.642823414213415,3.535546237526097,3.959501714376404
349,,,,3.5244181188556336,3.2972755145425965,3.569125631129374,3.5140836160294646,3.899078484813831
350,,,,3.621268401482749,3.284496899831967,3.648875608995328,3.56646856661279,3.914828280745436
351,,,,3.529514666372813,3.2853254289481333,3.7286580811244896,3.5271799708360527,4.011285459826292
352,,,,3.528717419811892,3.2842685122866344,3.62690549930368,3.6282443365281374,3.903730479501725
353,,,,3.521487811760894,3.2812172999314715,3.66047043557813,3.472487940673709,3.966782391585756
354,,,,3.5174929286916616,3.2981221380273897,3.701891806071924,3.4622640722209304,4.206622796551194
355,,,,3.5241050480416827,3.2802500627467075,3.685866381193153,3.5261869262764587,3.9836688763297543
356,,,,3.5107984583530265,3.3063320634895232,3.6238770646617673,3.5074378192702858,4.016736760107946
357,,,,3.594599680296896,3.280637251924772,3.707656150101224,3.5306595429496515,4.048841058722325
358,,,,3.53947518086463,3.295558632576617,3.6048327214846334,3.4799609121440063,3.967409138414276
359,,,,3.5280312403327723,3.281135920976108,3.6460348904771465,3.552732293724368,3.983098428079755
360,,,,3.5396603055489897,3.287990680950167,3.714306398882823,3.610122228182402,4.079986179322946
361,,,,3.539721616087432,3.287283387740218,3.741403819157894,3.639433883900309,3.8528133833805103
362,,,,3.516459174465804,3.287497884778379,3.6228632535353897,3.5679260386163274,4.073253973669536
363,,,,3.5129978828381385,3.2833136131004608,3.733302952846508,3.616286760921105,3.9407278995216153
364,,,,3.5286956207917126,3.298815685326854,3.65582350311132,3.6445419382140334,4.039650715580182
365,,,,3.5389470041618427,3.2839719667844847,3.702925106704822,3.550017477357886,3.896954936522623
366,,,,3.5175329888522207,3.304921812288401,3.5982171494760737,3.5161773461697163,4.1001496159279975
367,,,,3.545564420385549,3.301531242045922,3.691528991679645,3.57878603260527,4.108691213599568
368,,,,3.5514470507759275,,3.612192445554257,3.462375796258522,3.862193769288432
369,,,,3.5127259085553866,,3.65867589019509,3.5701542545730987,3.843336556354761
370,,,,3.521944529146515,,3.6880429961267582,3.594183116582343,3.950822852201078
371,,,,3.521482600678041,,3.629805790353584,3.3983377628459763,3.9596029052514106
372,,,,3.5156009603027982,,3.735696873632579,3.5008930775269085,3.8987216227685946
373,,,,3.5151517042302585,,3.640297920835791,3.5927758011047217,3.893822663378471
374,,,,3.5178825348218234,,3.7372781873822527,3.5593251184593617,3.943286698139669
375,,,,3.540102891001584,,3.595801452714112,3.5967577005224025,3.9184010564164393
376,,,,3.507885429420281,,3.647016471055932,3.5125169566071195,3.992047344298445
377,,,,3.524481112785093,,3.641412238898822,3.5520191403117507,3.953900845425821
378,,,,3.522665452522335,,3.667129169702308,3.5204199366084072,3.8566751481908135
379,,,,3.5616412122378893,,3.5819642326325014,3.516060100873228,3.861170400764756
380,,,,3.557622335596751,,3.642388179979866,3.539394475284789,3.9231388997631904
381,,,,3.526790335045396,,3.649233700923215,3.56116077242552,3.975873912820918
382,,,,3.517082136674396,,3.580325826805394,3.4270330997991567,3.948157407170466
383,,,,3.50631256175365,,3.573472151509605,3.479890487333462,3.9629672965463385
384,,,,3.5141392608897424,,3.599102155751792,3.5058311768047195,3.912039741977506
385,,,,3.519185396135609,,3.5981602797157564,3.4816631645461182,3.953222281457269
386,,,,3.5279567894923862,,3.673827726448432,3.4639097462553923,3.9500143232270735
387,,,,3.5028153970730345,,3.5719505652673678,3.4427790759394794,3.946813036314451
388,,,,3.5032188470932017,,3.659448794674648,3.44552567136588,3.857661828486099
389,,,,3.511647165289502,,3.5936195459728992,3.433297642676053,4.021185749110893
390,,,,3.506368400941939,,3.668058517931807,3.4711026015864364,3.93533753927058
391,,,,3.503370569109906,,3.5642977400003653,3.4405878578938776,3.968253921071132
392,,,,3.501184023394588,,3.656071578200375,3.434556328532772,3.945979218239257
393,,,,3.541076053766056,,3.599082801957576,3.555235061151415,3.894560500496832
394,,,,3.5189945044244486,,3.680017328882437,3.448818023035245,3.9763372688981833
395,,,,3.502432220634709,,3.586464506207867,3.476207712516821,3.897411696531631
396,,,,3.497675548027349,,3.5842826008649875,3.608661695351396,4.02740954471501
397,,,,3.502953963865453,,3.592631990355316,3.5719580852717168,3.877898281062544
398,,,,3.502011817951977,,3.55172445241873,3.4810501553141235,3.8996290489194942
399,,,,3.503628383648208,,3.577287691401433,3.5337043335742755,3.982387415484798
400,,,,3.512435240307454,,3.5793799707826657,3.4939077169158663,3.881446128699013
401,,,,3.4979012896845547,,3.642810460591463,3.461297310627943,3.853465261788503
402,,,,3.513371490683596,,3.688915783640786,3.491507205492421,3.970824890329373
403,,,,3.518601810240017,,3.6424981712843625,3.5275661174467663,3.9752097529193433
404,,,,3.5100173856501096,,3.649906665533053,3.501841602008924,3.972165339423417
405,,,,3.513035807125063,,3.652413192990276,3.3773445298253666,3.973534437143884
406,,,,3.517395073170546,,3.6023242436489484,3.463297178189566,3.841482107383961
407,,,,3.5160976908869768,,3.5692590195179887,3.4328036975843648,3.909521774727816
408,,,,3.5102100291167586,,3.562744604462396,3.487104713572194,3.968987330920189
409,,,,3.5079838189519363,,3.622550761368007,3.37356285462682,3.9406825483706505
410,,,,3.520423834815761,,3.561188243611568,3.402919102214629,3.8853199263693
411,,,,3.507507017007536,,3.65444428954378,3.464262354315414,3.983204477688266
412,,,,3.5183960006314243,,3.673819404718852,3.4758244490624977,3.926477953417371
413,,,,3.512423380793805,,3.581166189927968,3.371883331493917,3.863760572439259
414,,,,,,3.558676023838139,3.4715200655421885,3.970785378835242
415,,,,,,3.663301450506798,3.379425459231781,3.930031533854475
416,,,,,,3.5468639063835186,3.468617886508691,3.8666410770521775
417,,,,,,3.5994179093009504,3.4340096403343656,3.852574280876032
418,,,,,,3.54455539640504,3.467155567963911,3.945845997470744
419,,,,,,3.6672195456615206,3.363047860556575,3.889865188815852
420,,,,,,3.5526690714678306,3.534868325957682,3.900969597947884
421,,,,,,3.5793738507972077,3.459202812357185,3.780744735626325
422,,,,,,3.575966898410031,3.461785535107489,3.87351286182694
423,,,,,,3.6040472983219183,3.3935640172843837,3.858203750742659
424,,,,,,3.571319113680714,3.5617094233558446,3.98384479178215
425,,,,,,3.6715114791517776,3.389335014299426,3.917996545821728
426,,,,,,3.627437427418806,3.388566336066121,3.9677484238060576
427,,,,,,3.5568257968857826,3.5038388972134853,3.8234358221727502
428,,,,,,3.6468012584830296,3.4837199804773915,3.919716642140077
429,,,,,,3.552276787397683,3.3795597301199702,3.929892700362712
430,,,,,,3.632267834613279,3.6599562832246018,3.853764933027236
431,,,,,,3.575927568502409,3.401831246281824,3.932383491537647
432,,,,,,3.6110421072956846,3.493491054118667,3.9446608331912354
433,,,,,,3.5652019361156144,3.357528515155575,3.8201395142622263
434,,,,,,3.5845198838229533,3.3379295158662057,3.881398795053932
435,,,,,,3.5832792751040703,3.44107187772452,3.8831691752500728
436,,,,,,3.573849474054481,3.4465705859492064,3.830881893402032
437,,,,,,3.5527979386639075,3.34636570825588,3.94788680161976
438,,,,,,3.5736113755019563,3.361092177590224,3.982332493042866
439,,,,,,3.57179089280207,3.429024198573161,3.835471499373454
440,,,,,,3.550679033460717,3.32262755130008,3.9428040482083855
441,,,,,,3.561091113897962,3.422028682888536,3.848741467804759
442,,,,,,3.5800202370288847,3.4766126411795515,3.839561047722739
443,,,,,,3.566178148759499,3.4363691770333418,3.8819314770827
444,,,,,,3.604157456080564,3.437661106287489,3.843445751056219
445,,,,,,3.564121562212033,3.474985684275815,3.8227408238922713
446,,,,,,3.5763851330743006,3.39220869055825,3.8655891099071793
447,,,,,,3.579350200174564,3.4285656271288376,3.885303901377463
448,,,,,,3.5341818741530195,3.4217326299045614,3.834044811372861
449,,,,,,3.546275611044507,3.4733183129707705,3.8557653321273504
450,,,,,,3.5735120143911003,3.517780370482741,3.909501831307004
451,,,,,,3.5588431392162154,3.4694722001926293,3.896248228417806
452,,,,,,3.553066716721991,3.3566187469987163,3.873841625522984
453,,,,,,3.573416165703747,3.4862222500315863,3.881685555975655
454,,,,,,3.5596863121197604,3.3924642694499347,3.874515148576596
455,,,,,,3.551627637832228,3.3660197151934907,3.8503969546623553
456,,,,,,3.5567687120509004,3.4521544963402886,3.793316585067911
457,,,,,,3.619372652303937,3.455522109318687,3.9190309113676367
458,,,,,,3.5475055278136574,3.429824433522152,3.936304824066611
459,,,,,,3.5732374876576185,3.4692955020309983,3.745336435831519
460,,,,,,3.544586352534133,3.656257457905079,3.87972850853757
461,,,,,,3.561909263611318,3.3933066225573367,3.8145872689752456
462,,,,,,3.553339521190284,3.448770213874693,3.9139014050311856
463,,,,,,3.557349687498018,3.409854231493018,3.8995978799751776
464,,,,,,3.54666973654566,3.625392926317604,3.7608333110506944
465,,,,,,3.558864780042411,3.5006684710411458,3.8239822736110862
466,,,,,,3.55924786644218,3.518178812763578,3.8657576642478304
467,,,,,,3.559247559766828,3.440452676642444,3.814657241579986
468,,,,,,3.5436860762074063,3.449037272929752,3.764388167686143
469,,,,,,3.5882592289705704,3.381489863763371,3.7947473852069353
470,,,,,,3.5784777587704366,3.351853306542293,3.83235619613759
471,,,,,,3.561041881275034,3.5291401905673565,3.784175046898715
472,,,,,,3.54400178544866,3.3610021461590613,3.819336994119869
473,,,,,,3.569581917646556,3.496769911762645,3.9227943182909497
474,,,,,,3.5712623547309685,3.4426801668317,3.861961987084489
475,,,,,,3.574153902527793,3.3925636437007363,3.903395468004375
476,,,,,,3.548712300279005,3.4206188813324294,3.806410165320008
477,,,,,,3.5641345576828565,3.4454792945519586,3.8054173297208767
478,,,,,,3.5526795084170573,3.443455793243884,3.812422727195219
479,,,,,,3.5611891039888444,3.4039209058317192,3.7610783276186392
480,,,,,,3.5494351714069468,3.408426732812942,3.852618014235836
481,,,,,,3.57761686345795,3.427790548128633,3.9007036273753406
482,,,,,,3.556765765427842,3.348228933248671,3.812142097921532
483,,,,,,3.587805863283426,3.403830453408525,3.899823847833231
484,,,,,,3.54720863960795,3.337165113510091,3.815499575319078
485,,,,,,3.562699807952837,3.5019142650215085,3.7991370909565982
486,,,,,,3.5542543810343523,3.3843983362789505,3.879798240761624
487,,,,,,3.5667268946797472,3.368940705661403,3.8080335997873656
488,,,,,,3.5522524738518526,3.4522528300217648,3.887491626975922
489,,,,,,3.646716839728055,3.4807946486826102,3.821286939411089
490,,,,,,3.5557902794946523,3.465538482523318,3.84340003416993
491,,,,,,3.548581386505895,3.3920463776483047,3.795533584285152
492,,,,,,3.550950722103698,3.404961217167724,3.8607196630067095
493,,,,,,3.552265393706509,3.406009967150763,3.771512171509965
494,,,,,,3.5704041404772244,3.352247021176138,3.86369788288612
495,,,,,,3.543870417290955,3.39256061963008,3.804403801846877
496,,,,,,3.572259962015558,3.395988853663073,3.771333579491527
497,,,,,,3.555649429309229,3.415276204989309,3.7900853168103112
498,,,,,,3.552199850656292,3.404418602695375,3.81991696765936
499,,,,,,3.551555106718336,3.370937635557401,3.802106296135984
500,,,,,,3.5898615381913817,3.3903882518717654,3.850437828993128
501,,,,,,3.54466990877779,3.378701222448088,3.841689284639141
502,,,,,,3.5487568564975858,3.351729487014231,3.82952447004572
503,,,,,,3.5432178673941253,3.3602960146885024,3.8354432740085
504,,,,,,3.5537751191599463,3.3827265039914614,3.8156382856866986
505,,,,,,3.542295769364624,3.397179516302073,3.840332468573607
506,,,,,,3.5577650833125896,3.350442146191604,3.847656908970349
507,,,,,,3.5446321381431987,3.336138840282523,3.8143176108461754
508,,,,,,3.5741060817817005,3.302235413533138,3.85391203067916
509,,,,,,3.5530918639634685,3.390653365668235,3.731009339680847
510,,,,,,3.5811517074797075,3.426765467814519,3.7801139526486303
511,,,,,,3.537156523344057,3.3701383124928674,3.769524169575492
512,,,,,,3.5449158239824388,3.3666006121121166,3.8657947835115474
513,,,,,,,3.3694142352672167,3.777890967067682
514,,,,,,,3.404696096128976,3.852980171730673
515,,,,,,,3.322034000496886,3.8200692002755217
516,,,,,,,3.397332577416818,3.7840152795974618
517,,,,,,,3.3805608282190804,3.808441286206472
518,,,,,,,3.3818179353379936,3.792671785927373
519,,,,,,,3.342769029571025,3.83933975070224
520,,,,,,,3.341720569830891,3.826750620146277
521,,,,,,,3.3486250323760065,3.763668391862572
522,,,,,,,3.339285598555739,3.7661618676740174
523,,,,,,,3.397519248461077,3.7681456702870495
524,,,,,,,3.331227136805786,3.790020957679791
525,,,,,,,3.408883121200653,3.836915532729605
526,,,,,,,3.4001743370718622,3.728278392196808
527,,,,,,,3.3488862465439744,3.8034508905299225
528,,,,,,,3.3369862914895907,3.774934293428064
529,,,,,,,3.363278270854605,3.773945529078177
530,,,,,,,3.321022340867088,3.802377116347581
531,,,,,,,3.369141072951559,3.786608848742536
532,,,,,,,3.307760412904228,3.747967141877346
533,,,,,,,3.3627395372428905,3.8198036927934265
534,,,,,,,3.446096287776763,3.767934976729378
535,,,,,,,3.343896873123775,3.8085857263459584
536,,,,,,,3.439169255561901,3.783960427324508
537,,,,,,,3.3533021484526437,3.803176773809452
538,,,,,,,3.3353684467817395,3.764948701662492
539,,,,,,,3.338339779921609,3.814452331113704
540,,,,,,,3.372174496905296,3.787203967269975
541,,,,,,,3.36235711211907,3.840689095329493
542,,,,,,,3.316198002031303,3.779392091628038
543,,,,,,,3.3629531499922125,3.800641751741362
544,,,,,,,3.307945341924175,3.7808623450550174
545,,,,,,,3.320748892798505,3.740647455976836
546,,,,,,,3.313897800431706,3.732314122297426
547,,,,,,,3.3149057306730088,3.8023772093890047
548,,,,,,,3.309789326917564,3.8140182701574448
549,,,,,,,3.3261143030045823,3.829000171224129
550,,,,,,,3.370267988251452,3.776675332317029
551,,,,,,,3.3137323076471032,3.791984620281669
552,,,,,,,3.3084424331371194,3.772114968677707
553,,,,,,,3.366025498165557,3.7721388939508183
554,,,,,,,3.3367769873810658,3.797422186556664
555,,,,,,,3.3034703646801966,3.808986777259906
556,,,,,,,3.3257328600699667,3.7603344127392577
557,,,,,,,3.2992770842458614,3.8263533073000495
558,,,,,,,3.397066044066077,3.776317433096767
559,,,,,,,3.313870135692436,3.828929709015321
560,,,,,,,3.296185363147662,3.803785061576788
561,,,,,,,3.30232720910248,3.776833243984992
562,,,,,,,3.356320815173419,3.739718869745919
563,,,,,,,3.3798713205662425,3.751980955496524
564,,,,,,,3.3469532092187637,3.784345875712816
565,,,,,,,3.2980289294310765,3.7799519230702345
566,,,,,,,3.4088674123659546,3.736390950642115
567,,,,,,,3.327450440408807,3.751630550002336
568,,,,,,,3.3826296837411216,3.789552548482229
569,,,,,,,3.304931652837834,3.748708992292072
570,,,,,,,3.3815995298605737,3.833937186075635
571,,,,,,,3.2947316225787806,3.744285573963066
572,,,,,,,3.323342258241211,3.803974027375269
573,,,,,,,3.308809053982276,3.7640104322106622
574,,,,,,,3.4190820893577487,3.7528702798301703
575,,,,,,,3.322062295947889,3.7492801361292223
576,,,,,,,3.3683882094945203,3.77805374329448
577,,,,,,,3.3618753642847654,3.781998194565463
578,,,,,,,3.2936688170498853,3.795919660911509
579,,,,,,,3.3679005173058463,3.753026207796954
580,,,,,,,3.32658760863597,3.756822849776342
581,,,,,,,3.397986748673599,3.7847447167982433
582,,,,,,,3.296907742821899,3.777312504549141
583,,,,,,,3.343370484497936,3.7452998235285873
584,,,,,,,3.300683149864581,3.818223412273378
585,,,,,,,3.352204893054008,3.78237027015036
586,,,,,,,3.317082181930876,3.746662847698704
587,,,,,,,3.3015961362330337,3.765776644182202
588,,,,,,,3.3089318934442766,3.727692380396381
589,,,,,,,3.2866112051316567,3.776278134578199
590,,,,,,,3.304404877365352,3.7653071288627022
591,,,,,,,3.2913791400812604,3.780993854595863
592,,,,,,,3.30369661269155,3.7964233072320246
593,,,,,,,3.308206924047137,3.761337517703918
594,,,,,,,3.2908934140463613,3.738089844059244
595,,,,,,,3.2979249973077773,3.763016125427182
596,,,,,,,3.2917910958570955,3.776925478532849
597,,,,,,,3.3039355522330607,3.748793456764719
598,,,,,,,3.3139271831616486,3.776562714162485
599,,,,,,,3.3368735073302496,3.743197917009266
600,,,,,,,3.294952385643005,3.744037221506457
601,,,,,,,3.3496548182321138,3.777666739386826
602,,,,,,,3.339121606340393,3.8261317108323913
603,,,,,,,3.371174771318433,3.7621723776426954
604,,,,,,,3.3265963845575213,3.793168231080889
605,,,,,,,3.351000305136475,3.7704120732721176
606,,,,,,,3.2938987851912267,3.7575360930150334
607,,,,,,,3.295577892310259,3.7598850386967855
608,,,,,,,3.2963081464266706,3.776952010805604
609,,,,,,,3.313297660678824,3.744445324746788
610,,,,,,,3.316499215782924,3.781450292443946
611,,,,,,,3.316870115182532,3.772250117149247
612,,,,,,,3.291478452765356,3.7299030256949055
613,,,,,,,3.3601785037528327,3.77308050097206
614,,,,,,,3.3144820457447137,3.743243587527074
615,,,,,,,3.371153353726345,3.7942767581904375
616,,,,,,,3.323679691932492,3.734251981088247
617,,,,,,,3.33477954990771,3.786273843234593
618,,,,,,,3.324426721018701,3.75510461427887
619,,,,,,,3.3825086527126818,3.784713967156696
620,,,,,,,3.286649984750805,3.7483093643468752
621,,,,,,,3.317787958858692,3.7518251940673766
622,,,,,,,3.313945846953436,3.738513549574819
623,,,,,,,3.3001241639508114,3.76515308232223
624,,,,,,,3.3079279392193324,3.772523019502268
625,,,,,,,3.29456473126339,3.770844003526452
626,,,,,,,3.310928950754993,3.73605594631446
627,,,,,,,3.3086167629289944,3.752096755021198
628,,,,,,,3.311185969707942,3.764508922068072
629,,,,,,,3.3239957961491022,3.7603679772735337
630,,,,,,,3.3587495269452234,3.748153171021294
631,,,,,,,3.299131602400114,3.747795147764855
632,,,,,,,3.320605212054937,3.757572068022997
633,,,,,,,3.311491697529765,3.777377904461457
634,,,,,,,3.294144732554163,3.7523946463226463
635,,,,,,,3.317709386299504,3.7811476090270006
636,,,,,,,3.327037306810371,3.7545597834386144
637,,,,,,,3.318084719737941,3.776303437861778
638,,,,,,,3.3044709553746943,3.7374402386941856
639,,,,,,,3.291151037180682,3.7767862852248326
640,,,,,,,3.332816285765653,3.716064188841934
641,,,,,,,3.304429953723224,3.770381198518577
642,,,,,,,3.3087143865168667,3.777783522997289
643,,,,,,,3.3072016099594337,3.770435466368867
644,,,,,,,3.2903195148758804,3.753940721325018
645,,,,,,,3.2854001253821274,3.7408612660346
646,,,,,,,3.312588689407302,3.736027639968736
647,,,,,,,3.293289798538675,3.776021860294121
648,,,,,,,3.3040766078275463,3.737012291845625
649,,,,,,,3.300275097416171,3.770423370982688
