,ansatz_0a_su2_2f,ansatz_0b_su2_2f,ansatz_0c_su2_2f,ansatz_0d_su2_2f,ansatz_1a_su2_2f,ansatz_1b_su2_2f,ansatz_1c_su2_2f,ansatz_1d_su2_2f
0,7.6455078125,4.498046875,7.39453125,7.5458984375,8.4111328125,4.498046875,7.5361328125,7.6103515625
1,7.708984375,4.50390625,7.7607421875,7.689453125,8.1796875,4.50390625,7.56640625,7.455078125
2,7.595703125,4.5078125,7.3984375,7.4287109375,8.064453125,4.5078125,7.5810546875,7.564453125
3,7.6826171875,4.486328125,7.5185546875,7.626953125,8.3037109375,4.486328125,7.4091796875,7.654296875
4,7.80078125,4.4765625,7.5439453125,8.033203125,8.9033203125,4.4765625,7.7861328125,7.2880859375
5,7.509765625,4.525390625,7.662109375,7.23828125,7.5263671875,4.525390625,7.0341796875,7.697265625
6,7.7060546875,4.490234375,7.4814453125,7.982421875,7.404296875,4.490234375,7.2646484375,7.60546875
7,7.71875,4.5,7.3330078125,7.2763671875,8.7919921875,4.5,7.74609375,7.400390625
8,7.79296875,4.5390625,7.6484375,8.1220703125,8.1748046875,4.5390625,7.8525390625,7.4677734375
9,7.67578125,4.53515625,7.44921875,7.3447265625,8.314453125,4.53515625,7.212890625,7.734375
10,7.71875,4.529296875,7.3876953125,7.8544921875,7.4921875,4.529296875,7.666015625,7.931640625
11,7.765625,4.515625,7.73046875,7.751953125,8.86328125,4.515625,7.6044921875,7.0849609375
12,8.0830078125,4.52734375,7.59375,7.7744140625,7.5712890625,4.52734375,7.3603515625,7.8486328125
13,7.3916015625,4.53125,7.509765625,7.4345703125,8.85546875,4.53125,7.71484375,7.4609375
14,7.5478515625,4.474609375,7.5439453125,7.787109375,8.5205078125,4.474609375,7.0439453125,7.515625
15,7.890625,4.48046875,7.646484375,7.5087890625,8.091796875,4.48046875,7.7900390625,7.6806640625
16,7.7822265625,4.484375,7.5654296875,7.5283203125,7.802734375,4.484375,7.6005859375,7.94140625
17,7.646484375,4.478515625,7.6005859375,7.8896484375,8.490234375,4.478515625,7.55078125,7.109375
18,7.693359375,4.544921875,7.5078125,7.5869140625,8.0048828125,4.544921875,7.515625,7.6533203125
19,7.9248046875,4.51171875,7.517578125,7.7451171875,8.205078125,4.51171875,7.408203125,7.50390625
20,7.52734375,4.533203125,7.494140625,7.9091796875,7.88671875,4.533203125,7.58203125,7.4990234375
21,7.6826171875,4.513671875,7.376953125,7.3935546875,8.2265625,4.513671875,7.404296875,7.5390625
22,7.6318359375,4.5390625,7.7119140625,7.5791015625,8.4130859375,4.5390625,7.3720703125,7.9638671875
23,7.78515625,4.544921875,7.2783203125,7.62109375,7.77734375,4.544921875,7.767578125,6.8662109375
24,7.7314453125,4.5234375,7.5654296875,7.853515625,8.2548828125,4.5234375,7.41015625,7.4423828125
25,7.4365234375,4.51953125,7.6708984375,7.349609375,8.12890625,4.51953125,7.8349609375,7.6083984375
26,7.8505859375,4.5078125,7.4365234375,7.759765625,8.31640625,4.5078125,7.4658203125,7.6875
27,7.5654296875,4.515625,7.6689453125,7.7451171875,7.9736328125,4.515625,7.51171875,7.6728515625
28,8.0693359375,4.462890625,7.400390625,7.498046875,8.9091796875,4.462890625,7.5556640625,7.6572265625
29,7.4052734375,4.50390625,7.548828125,7.669921875,7.6474609375,4.50390625,7.2333984375,7.552734375
30,7.70703125,4.529296875,7.416015625,7.63671875,8.1142578125,4.529296875,7.5947265625,7.2392578125
31,7.759765625,4.54296875,7.49609375,7.59375,8.279296875,4.54296875,7.30078125,7.8984375
32,7.849609375,4.478515625,7.3349609375,7.46484375,8.8251953125,4.478515625,7.5732421875,7.0263671875
33,7.65234375,4.52734375,7.56640625,7.646484375,7.4501953125,4.52734375,7.7216796875,7.99609375
34,7.7548828125,4.515625,7.400390625,7.697265625,8.505859375,4.515625,7.935546875,7.8916015625
35,7.4794921875,4.529296875,7.521484375,7.71875,8.0,4.529296875,7.1259765625,7.19921875
36,7.9306640625,4.5078125,7.4912109375,7.6953125,8.2919921875,4.5078125,7.3232421875,7.6455078125
37,7.384765625,4.494140625,7.564453125,7.6337890625,8.3408203125,4.494140625,7.5732421875,7.6337890625
38,7.8447265625,4.513671875,7.5712890625,7.42578125,8.5654296875,4.513671875,7.3623046875,7.78515625
39,7.5888671875,4.5234375,7.376953125,7.96875,8.0,4.5234375,7.81640625,7.3935546875
40,7.751953125,4.51171875,7.5576171875,7.587890625,8.1357421875,4.51171875,7.7099609375,7.919921875
41,7.5029296875,4.490234375,7.4375,7.578125,8.16015625,4.490234375,7.525390625,7.34375
42,7.3505859375,4.517578125,7.630859375,7.2041015625,8.2548828125,4.517578125,7.39453125,7.716796875
43,7.9072265625,4.51171875,7.4462890625,7.9326171875,8.1494140625,4.51171875,7.5029296875,7.4580078125
44,7.6796875,4.509765625,7.5107421875,7.5263671875,7.734375,4.509765625,7.3310546875,7.6728515625
45,7.7353515625,4.4453125,7.4970703125,7.7431640625,8.7744140625,4.4453125,7.7099609375,7.42578125
46,7.478515625,4.5,7.76953125,7.404296875,7.9716796875,4.5,7.3349609375,7.478515625
47,7.9560546875,4.5078125,7.5244140625,7.6142578125,8.3349609375,4.5078125,7.9228515625,7.736328125
48,7.427734375,4.466796875,7.6640625,7.42578125,8.1533203125,4.466796875,7.435546875,7.400390625
49,7.62109375,4.5390625,7.4951171875,7.8271484375,8.16796875,4.5390625,7.3310546875,7.7626953125
50,7.666015625,4.498046875,7.560546875,7.5654296875,7.931640625,4.498046875,7.5732421875,7.578125
51,7.8779296875,4.50390625,7.4853515625,7.537109375,8.4033203125,4.50390625,7.701171875,7.533203125
52,7.8505859375,4.498046875,7.6357421875,7.517578125,7.28515625,4.498046875,8.173828125,7.328125
53,7.1982421875,4.50390625,7.44140625,7.8037109375,7.236328125,4.50390625,7.2333984375,7.78125
54,8.267578125,4.498046875,7.6201171875,7.380859375,7.0908203125,4.498046875,8.3720703125,7.0498046875
55,7.53515625,4.50390625,7.4580078125,7.6494140625,7.0556640625,4.50390625,8.6884765625,6.849609375
56,7.41015625,4.498046875,7.376953125,7.2890625,7.681640625,4.498046875,8.18359375,7.1083984375
57,7.12109375,4.50390625,7.171875,7.390625,6.8427734375,4.50390625,7.8857421875,6.9091796875
58,7.05078125,4.498046875,7.1533203125,7.5107421875,6.67578125,4.498046875,8.02734375,6.7646484375
59,7.5419921875,4.50390625,7.060546875,6.919921875,6.865234375,4.50390625,7.6513671875,6.970703125
60,6.482421875,4.498046875,7.2939453125,7.9560546875,6.6533203125,4.498046875,7.78125,7.099609375
61,6.4580078125,4.50390625,6.9990234375,7.5625,6.828125,4.50390625,7.7529296875,6.5556640625
62,6.4482421875,4.498046875,6.9736328125,7.7255859375,6.4267578125,4.498046875,7.8408203125,6.8388671875
63,6.607421875,4.50390625,7.55078125,7.2509765625,7.0458984375,4.50390625,7.8603515625,5.884765625
64,6.65625,4.498046875,7.3623046875,7.34765625,6.8056640625,4.498046875,7.921875,5.7744140625
65,6.251953125,4.50390625,7.2578125,7.125,6.44140625,4.50390625,7.802734375,6.0751953125
66,6.6572265625,4.498046875,7.1318359375,7.1748046875,6.671875,4.498046875,7.7587890625,5.8056640625
67,6.400390625,4.50390625,7.623046875,7.1259765625,6.5751953125,4.50390625,7.9072265625,5.833984375
68,6.77734375,4.498046875,7.3642578125,7.5693359375,6.80078125,4.498046875,7.9365234375,6.0703125
69,6.2607421875,4.50390625,7.3662109375,6.7392578125,6.4619140625,4.50390625,7.5771484375,5.4853515625
70,6.205078125,4.498046875,7.5439453125,7.09375,6.9091796875,4.498046875,7.6494140625,5.42578125
71,6.6845703125,4.50390625,7.20703125,7.15625,6.3486328125,4.50390625,7.44921875,5.9814453125
72,6.5712890625,4.498046875,7.244140625,6.9072265625,6.7333984375,4.498046875,7.4609375,5.5830078125
73,6.4365234375,4.50390625,7.5146484375,7.02734375,6.1318359375,4.50390625,7.615234375,5.8994140625
74,6.9169921875,4.498046875,7.099609375,7.005859375,6.36328125,4.498046875,7.66015625,5.9794921875
75,6.11328125,4.50390625,7.1025390625,7.1240234375,6.3388671875,4.50390625,7.3251953125,5.4609375
76,6.30859375,4.498046875,7.3056640625,7.0576171875,6.1962890625,4.498046875,7.4072265625,5.5712890625
77,6.7197265625,4.50390625,7.0810546875,6.76171875,6.3291015625,4.50390625,7.404296875,5.8271484375
78,6.271484375,4.498046875,7.2607421875,6.9375,6.482421875,4.498046875,7.5634765625,5.693359375
79,6.3544921875,4.50390625,7.20703125,6.580078125,5.9208984375,4.50390625,7.4921875,5.46484375
80,6.306640625,4.498046875,7.423828125,6.69921875,5.9306640625,4.498046875,7.603515625,5.810546875
81,6.1728515625,4.50390625,7.0966796875,6.6640625,6.0771484375,4.50390625,7.2607421875,5.55859375
82,6.3427734375,4.498046875,7.26171875,6.6630859375,6.3134765625,4.498046875,7.3359375,5.3310546875
83,6.15625,4.50390625,7.2783203125,6.564453125,5.9462890625,4.50390625,7.173828125,5.83984375
84,6.322265625,4.498046875,7.666015625,6.4443359375,5.849609375,4.498046875,7.1640625,5.318359375
85,6.2861328125,4.50390625,6.8583984375,6.8525390625,6.23828125,4.50390625,7.4228515625,5.458984375
86,6.40234375,4.498046875,7.5625,6.416015625,5.8994140625,4.498046875,7.1171875,5.1865234375
87,6.203125,4.50390625,7.4814453125,6.5048828125,6.1748046875,4.50390625,7.2236328125,5.6494140625
88,6.1484375,4.498046875,7.4228515625,6.7177734375,5.908203125,4.498046875,7.09375,5.2744140625
89,6.3134765625,4.50390625,7.55859375,5.9658203125,5.884765625,4.50390625,7.232421875,5.3671875
90,6.2158203125,4.498046875,7.4208984375,5.8974609375,6.1015625,4.498046875,7.1025390625,5.4091796875
91,6.3017578125,4.50390625,7.4267578125,6.0380859375,5.7978515625,4.50390625,7.1396484375,5.2197265625
92,6.048828125,4.498046875,7.51171875,6.1591796875,5.9091796875,4.498046875,6.9765625,5.3818359375
93,6.4169921875,4.50390625,7.4267578125,5.638671875,5.787109375,4.50390625,7.142578125,5.4384765625
94,6.1689453125,4.498046875,7.6611328125,6.1435546875,5.9677734375,4.498046875,7.21875,5.6240234375
95,6.0908203125,4.50390625,7.3759765625,5.5625,5.810546875,4.50390625,6.9482421875,5.06640625
96,6.3740234375,4.498046875,7.44140625,5.4853515625,5.78125,4.498046875,7.0185546875,5.51171875
97,5.830078125,4.50390625,7.3447265625,5.884765625,5.9443359375,4.50390625,7.0712890625,5.2841796875
98,6.0556640625,4.498046875,7.4208984375,5.5146484375,5.7353515625,4.498046875,7.19921875,5.447265625
99,6.0126953125,4.50390625,7.3037109375,5.5654296875,6.01953125,4.50390625,6.9482421875,5.3076171875
100,6.015625,4.498046875,7.6044921875,5.5263671875,5.533203125,4.498046875,7.14453125,5.6123046875
101,5.8671875,4.50390625,7.0986328125,5.544921875,6.01953125,4.50390625,6.82421875,5.1015625
102,6.03125,4.498046875,6.96875,5.466796875,5.60546875,4.498046875,7.0029296875,5.2548828125
103,6.03515625,4.50390625,7.025390625,5.6083984375,5.7421875,4.50390625,6.90625,5.3408203125
104,6.0546875,4.498046875,7.1123046875,5.5517578125,5.6953125,4.498046875,6.9287109375,5.31640625
105,5.9970703125,4.50390625,6.9638671875,5.619140625,5.583984375,4.50390625,6.9609375,5.3447265625
106,6.1982421875,4.498046875,7.0830078125,5.5625,5.7509765625,4.498046875,7.021484375,5.3251953125
107,5.8916015625,4.50390625,6.9248046875,5.529296875,5.45703125,4.50390625,6.8232421875,5.0830078125
108,6.048828125,4.498046875,7.1298828125,5.5771484375,5.6533203125,4.498046875,7.0751953125,5.091796875
109,6.1044921875,4.50390625,6.8828125,5.619140625,5.6513671875,4.50390625,6.826171875,5.2724609375
110,6.0458984375,4.498046875,6.9423828125,5.5634765625,5.77734375,4.498046875,6.9140625,5.373046875
111,5.9267578125,4.50390625,6.9052734375,5.544921875,5.4873046875,4.50390625,6.87890625,4.9990234375
112,6.1630859375,4.498046875,6.7646484375,5.6328125,5.685546875,4.498046875,6.9033203125,5.2939453125
113,5.7841796875,4.50390625,7.05859375,5.5634765625,5.3994140625,4.50390625,6.87109375,4.92578125
114,6.0234375,4.498046875,6.8388671875,5.5712890625,5.87109375,4.498046875,6.81640625,5.134765625
115,5.94140625,4.50390625,6.703125,5.6220703125,5.3037109375,4.50390625,6.9326171875,5.03125
116,6.0986328125,4.498046875,6.7724609375,5.31640625,5.4306640625,4.498046875,6.9189453125,5.1162109375
117,5.8759765625,4.50390625,6.9072265625,5.787109375,5.392578125,4.50390625,6.857421875,4.92578125
118,6.0341796875,4.498046875,6.8515625,5.3173828125,5.4404296875,4.498046875,6.6640625,5.123046875
119,5.861328125,4.50390625,6.626953125,5.5244140625,5.435546875,4.50390625,7.0283203125,4.890625
120,5.8291015625,4.498046875,6.830078125,5.35546875,5.2802734375,4.498046875,6.6455078125,5.076171875
121,6.1455078125,4.50390625,6.6015625,5.3427734375,5.486328125,4.50390625,6.7763671875,5.078125
122,6.0126953125,4.498046875,6.7998046875,5.4365234375,5.361328125,4.498046875,6.734375,5.08984375
123,5.744140625,4.50390625,6.7021484375,5.3544921875,5.3515625,4.50390625,6.5986328125,4.9912109375
124,5.9794921875,4.498046875,6.8857421875,5.388671875,5.4755859375,4.498046875,6.8544921875,5.0888671875
125,5.76953125,4.50390625,6.607421875,5.41796875,5.3330078125,4.50390625,6.6259765625,4.9365234375
126,5.994140625,4.498046875,6.8193359375,5.333984375,5.3798828125,4.498046875,6.720703125,4.921875
127,5.7939453125,4.50390625,6.5771484375,5.2666015625,5.4931640625,4.50390625,6.658203125,5.2099609375
128,5.8662109375,4.498046875,6.8408203125,5.4091796875,5.4814453125,4.498046875,6.6806640625,5.0966796875
129,5.84765625,4.50390625,6.5712890625,5.361328125,5.4013671875,4.50390625,6.6259765625,4.9521484375
130,5.98828125,4.498046875,6.6396484375,5.3388671875,5.4091796875,4.498046875,6.7314453125,5.1220703125
131,5.84375,4.50390625,6.552734375,5.44921875,5.34375,4.50390625,6.6015625,4.8603515625
132,6.0400390625,4.498046875,6.658203125,5.3916015625,5.3916015625,4.498046875,6.7197265625,5.1171875
133,5.7119140625,4.50390625,6.5595703125,5.2421875,5.4755859375,4.50390625,6.7255859375,4.7470703125
134,5.71484375,4.498046875,6.6455078125,5.3798828125,5.322265625,4.498046875,6.693359375,4.9111328125
135,6.1201171875,4.50390625,6.5078125,5.3525390625,5.3466796875,4.50390625,6.5947265625,4.8583984375
136,5.7734375,4.498046875,6.91015625,5.3779296875,5.3408203125,4.498046875,6.6982421875,4.9658203125
137,5.8828125,4.50390625,6.4521484375,5.5048828125,5.466796875,4.50390625,6.6904296875,4.857421875
138,5.765625,4.498046875,6.6748046875,5.478515625,5.4755859375,4.498046875,6.8427734375,5.0029296875
139,5.728515625,4.50390625,6.6953125,5.1923828125,5.3017578125,4.50390625,6.548828125,4.7490234375
140,6.1494140625,4.498046875,6.6708984375,5.32421875,5.6083984375,4.498046875,6.7734375,4.931640625
141,5.5625,4.50390625,6.689453125,5.3056640625,5.2431640625,4.50390625,6.5654296875,4.91015625
142,5.90625,4.498046875,6.7421875,5.51953125,5.365234375,4.498046875,6.5966796875,4.8564453125
143,5.6083984375,4.50390625,6.6943359375,5.1787109375,5.30859375,4.50390625,6.5712890625,4.896484375
144,5.623046875,4.498046875,6.7109375,5.236328125,5.2958984375,4.498046875,6.5869140625,4.9287109375
145,5.7978515625,4.50390625,6.556640625,5.330078125,5.478515625,4.50390625,6.634765625,4.9384765625
146,5.6435546875,4.498046875,6.6650390625,5.3916015625,5.384765625,4.498046875,6.5751953125,4.9658203125
147,5.7587890625,4.50390625,6.70703125,5.18359375,5.263671875,4.50390625,6.5458984375,4.7998046875
148,5.7060546875,4.498046875,6.626953125,5.201171875,5.236328125,4.498046875,6.6005859375,4.8857421875
149,5.708984375,4.50390625,6.7705078125,5.3330078125,5.375,4.50390625,6.591796875,4.7451171875
150,5.8125,4.498046875,6.8115234375,5.2578125,5.337890625,4.498046875,6.708984375,4.9404296875
151,5.7158203125,4.50390625,6.435546875,5.169921875,5.3388671875,4.50390625,6.5478515625,4.8330078125
152,5.7861328125,4.498046875,6.2939453125,5.1640625,5.3642578125,4.498046875,6.591796875,4.8212890625
153,5.7578125,4.50390625,6.6923828125,5.259765625,5.3662109375,4.50390625,6.490234375,4.849609375
154,5.6513671875,4.498046875,6.400390625,5.2392578125,5.4619140625,4.498046875,6.6328125,4.853515625
155,5.73046875,4.50390625,6.3388671875,5.216796875,5.0947265625,4.50390625,6.5390625,4.9365234375
156,5.7060546875,4.498046875,6.4111328125,5.412109375,5.3544921875,4.498046875,6.5634765625,4.8330078125
157,5.6513671875,4.50390625,6.294921875,5.1875,5.2353515625,4.50390625,6.5986328125,4.890625
158,5.6865234375,4.498046875,6.4677734375,5.13671875,5.22265625,4.498046875,6.6025390625,4.8955078125
159,5.6201171875,4.50390625,6.3232421875,5.2509765625,5.24609375,4.50390625,6.4912109375,4.845703125
160,5.8603515625,4.498046875,6.205078125,5.189453125,5.2841796875,4.498046875,6.685546875,4.818359375
161,5.67578125,4.50390625,6.5166015625,5.2275390625,5.283203125,4.50390625,6.4619140625,4.9072265625
162,5.880859375,4.498046875,6.3037109375,5.1416015625,5.3720703125,4.498046875,6.69921875,5.025390625
163,5.7109375,4.50390625,6.25390625,5.2822265625,5.107421875,4.50390625,6.4248046875,4.599609375
164,5.873046875,4.498046875,6.2109375,5.107421875,5.2900390625,4.498046875,6.4990234375,4.7490234375
165,5.5244140625,4.50390625,6.3408203125,5.248046875,5.2666015625,4.50390625,6.6123046875,4.7958984375
166,5.7333984375,4.498046875,6.2255859375,5.2421875,5.365234375,4.498046875,6.60546875,4.8037109375
167,5.6181640625,4.50390625,6.16015625,5.1044921875,5.19921875,4.50390625,6.271484375,4.7275390625
168,5.955078125,4.498046875,6.1982421875,5.1845703125,5.3232421875,4.498046875,6.1923828125,4.9521484375
169,5.486328125,4.50390625,6.220703125,5.1787109375,5.1845703125,4.50390625,6.4560546875,4.7275390625
170,5.71484375,4.498046875,6.19921875,5.3125,5.390625,4.498046875,6.326171875,4.8134765625
171,5.7724609375,4.50390625,6.2666015625,5.0048828125,5.1005859375,4.50390625,6.3095703125,4.787109375
172,5.6552734375,4.498046875,6.36328125,5.2744140625,5.3203125,4.498046875,6.478515625,4.77734375
173,5.591796875,4.50390625,6.2109375,4.9931640625,5.1640625,4.50390625,6.15234375,4.7314453125
174,5.837890625,4.498046875,6.3828125,5.09765625,5.29296875,4.498046875,6.30859375,4.744140625
175,5.6259765625,4.50390625,6.083984375,5.095703125,5.1142578125,4.50390625,6.19140625,4.81640625
176,5.619140625,4.498046875,6.296875,5.1259765625,5.357421875,4.498046875,6.2724609375,4.6826171875
177,5.7412109375,4.50390625,6.0751953125,4.9541015625,5.2021484375,4.50390625,6.3046875,4.896484375
178,5.677734375,4.498046875,6.1767578125,5.041015625,5.21875,4.498046875,6.296875,4.8388671875
179,5.6474609375,4.50390625,6.259765625,5.1298828125,5.2578125,4.50390625,6.2392578125,4.642578125
180,5.7578125,4.498046875,6.19921875,5.0302734375,5.4228515625,4.498046875,6.3115234375,4.9033203125
181,5.6494140625,4.50390625,6.021484375,5.1142578125,5.15625,4.50390625,6.1142578125,4.6669921875
182,5.6533203125,4.498046875,6.08203125,5.041015625,5.0830078125,4.498046875,6.2470703125,4.720703125
183,5.658203125,4.50390625,6.248046875,5.1767578125,5.3388671875,4.50390625,6.2666015625,4.798828125
184,5.7099609375,4.498046875,6.1396484375,5.005859375,5.177734375,4.498046875,6.3056640625,4.6923828125
185,5.51171875,4.50390625,6.0791015625,5.158203125,5.076171875,4.50390625,6.1494140625,4.7900390625
186,5.73828125,4.498046875,6.2587890625,5.1435546875,5.30859375,4.498046875,6.2099609375,4.8359375
187,5.5986328125,4.50390625,6.0771484375,5.0166015625,5.0888671875,4.50390625,6.3203125,4.70703125
188,5.7470703125,4.498046875,6.3271484375,5.16015625,5.208984375,4.498046875,6.306640625,4.7265625
189,5.603515625,4.50390625,6.0048828125,4.888671875,5.091796875,4.50390625,6.08203125,4.73828125
190,5.62890625,4.498046875,6.0654296875,5.0048828125,5.0849609375,4.498046875,6.13671875,4.7861328125
191,5.6484375,4.50390625,6.1728515625,5.02734375,5.2724609375,4.50390625,6.2314453125,4.703125
192,5.59765625,4.498046875,6.296875,5.029296875,5.203125,4.498046875,6.2548828125,4.693359375
193,5.673828125,4.50390625,5.880859375,5.0166015625,5.1162109375,4.50390625,6.2333984375,4.734375
194,5.8076171875,4.498046875,6.19140625,5.1826171875,5.17578125,4.498046875,6.23828125,4.7734375
195,5.6337890625,4.50390625,6.0830078125,4.8828125,5.1376953125,4.50390625,6.2802734375,4.6484375
196,5.595703125,4.498046875,6.11328125,5.0634765625,5.2587890625,4.498046875,6.1044921875,4.6513671875
197,5.6953125,4.50390625,6.220703125,4.8681640625,5.0791015625,4.50390625,6.265625,4.728515625
198,5.7705078125,4.498046875,6.1826171875,5.02734375,5.1875,4.498046875,6.3291015625,4.7080078125
199,5.5791015625,4.50390625,5.9970703125,4.9990234375,5.0947265625,4.50390625,5.9541015625,4.744140625
200,5.712890625,4.498046875,6.2490234375,5.001953125,5.259765625,4.498046875,6.025390625,4.7744140625
201,5.51171875,4.50390625,6.166015625,4.9619140625,5.1005859375,4.50390625,6.0498046875,4.712890625
202,5.638671875,4.498046875,6.361328125,4.9560546875,5.1259765625,4.498046875,6.1572265625,4.7822265625
203,5.6767578125,4.50390625,5.966796875,5.0,5.1884765625,4.50390625,5.951171875,4.71484375
204,5.712890625,4.498046875,6.412109375,5.0654296875,5.2548828125,4.498046875,6.330078125,4.7041015625
205,5.51171875,4.50390625,5.9716796875,4.923828125,5.0263671875,4.50390625,5.8056640625,4.654296875
206,5.61328125,4.498046875,6.2265625,4.8330078125,5.240234375,4.498046875,6.06640625,4.6513671875
207,5.5390625,4.50390625,6.2587890625,4.9423828125,5.1708984375,4.50390625,5.8388671875,4.6201171875
208,5.5634765625,4.498046875,6.1708984375,4.9599609375,5.146484375,4.498046875,6.00390625,4.87109375
209,5.650390625,4.50390625,6.1240234375,4.91796875,5.1318359375,4.50390625,5.74609375,4.732421875
210,5.6279296875,4.498046875,6.3212890625,4.9462890625,5.1318359375,4.498046875,5.87109375,4.6591796875
211,5.6455078125,4.50390625,6.0595703125,4.9658203125,5.1318359375,4.50390625,5.96875,4.7548828125
212,5.56640625,4.498046875,6.271484375,4.845703125,5.3173828125,4.498046875,5.8056640625,4.8115234375
213,5.515625,4.50390625,6.068359375,4.947265625,4.9931640625,4.50390625,5.8408203125,4.576171875
214,5.5537109375,4.498046875,6.2294921875,4.9560546875,5.171875,4.498046875,5.904296875,4.787109375
215,5.5380859375,4.50390625,6.1435546875,4.984375,5.099609375,4.50390625,5.8564453125,4.595703125
216,5.5478515625,4.498046875,6.3759765625,4.8681640625,5.0234375,4.498046875,5.8779296875,4.666015625
217,5.6826171875,4.50390625,5.8603515625,4.9404296875,5.1650390625,4.50390625,5.931640625,4.658203125
218,5.7001953125,4.498046875,5.80859375,4.9453125,5.2861328125,4.498046875,5.8671875,4.744140625
219,5.4248046875,4.50390625,6.2421875,4.8828125,5.0400390625,4.50390625,5.8544921875,4.6611328125
220,5.5439453125,4.498046875,6.0283203125,5.0,5.2099609375,4.498046875,5.9140625,4.6982421875
221,5.4697265625,4.50390625,5.6259765625,4.888671875,5.0615234375,4.50390625,5.8544921875,4.7470703125
222,5.548828125,4.498046875,5.73828125,4.9677734375,5.1640625,4.498046875,5.9931640625,4.7548828125
223,5.5419921875,4.50390625,5.9150390625,4.8056640625,5.048828125,4.50390625,5.6171875,4.60546875
224,5.46875,4.498046875,5.7236328125,4.900390625,5.1533203125,4.498046875,5.8984375,4.71875
225,5.595703125,4.50390625,5.951171875,4.9755859375,5.0732421875,4.50390625,5.73046875,4.580078125
226,5.7275390625,4.498046875,5.685546875,4.94140625,5.130859375,4.498046875,5.7509765625,4.7724609375
227,5.5478515625,4.50390625,5.7783203125,4.9912109375,5.0732421875,4.50390625,5.8349609375,4.693359375
228,5.455078125,4.498046875,5.6904296875,4.7421875,5.1923828125,4.498046875,5.85546875,4.6669921875
229,5.5048828125,4.50390625,5.8056640625,4.916015625,4.9853515625,4.50390625,5.7265625,4.65234375
230,5.556640625,4.498046875,5.890625,4.921875,5.1416015625,4.498046875,6.013671875,4.5908203125
231,5.5009765625,4.50390625,5.634765625,4.84375,5.07421875,4.50390625,5.6044921875,4.5615234375
232,5.4970703125,4.498046875,5.806640625,4.97265625,5.193359375,4.498046875,5.783203125,4.6826171875
233,5.5166015625,4.50390625,5.8251953125,4.845703125,5.08203125,4.50390625,5.669921875,4.6337890625
234,5.587890625,4.498046875,5.775390625,4.849609375,5.1083984375,4.498046875,5.630859375,4.7177734375
235,5.396484375,4.50390625,5.6826171875,4.85546875,5.1064453125,4.50390625,5.78125,4.6142578125
236,5.638671875,4.498046875,5.7490234375,4.984375,4.9384765625,4.498046875,5.638671875,4.796875
237,5.3828125,4.50390625,5.658203125,4.7734375,5.15234375,4.50390625,5.7685546875,4.58203125
238,5.541015625,4.498046875,5.583984375,4.9501953125,5.19140625,4.498046875,5.7568359375,4.7783203125
239,5.5078125,4.50390625,6.01953125,4.76953125,4.9541015625,4.50390625,5.5615234375,4.6748046875
240,5.5615234375,4.498046875,5.7294921875,4.8544921875,5.404296875,4.498046875,5.7890625,4.6611328125
241,5.4912109375,4.50390625,5.48828125,4.8720703125,4.8466796875,4.50390625,5.470703125,4.6533203125
242,5.6259765625,4.498046875,5.5146484375,4.80078125,5.14453125,4.498046875,5.7265625,4.6552734375
243,5.40234375,4.50390625,5.7744140625,4.84375,5.015625,4.50390625,5.53515625,4.662109375
244,5.6220703125,4.498046875,5.5947265625,4.8505859375,5.0537109375,4.498046875,5.775390625,4.7060546875
245,5.4345703125,4.50390625,5.494140625,4.7890625,4.97265625,4.50390625,5.4208984375,4.7021484375
246,5.548828125,4.498046875,5.5029296875,4.7890625,4.986328125,4.498046875,5.58984375,4.666015625
247,5.5869140625,4.50390625,5.6201171875,4.84765625,4.9775390625,4.50390625,5.5859375,4.6220703125
248,5.6083984375,4.498046875,5.54296875,4.7080078125,4.9873046875,4.498046875,5.779296875,4.70703125
249,5.2822265625,4.50390625,5.498046875,5.015625,5.095703125,4.50390625,5.4794921875,4.599609375
250,5.4794921875,4.498046875,5.6640625,4.794921875,5.1376953125,4.498046875,5.681640625,4.7109375
251,5.4716796875,4.50390625,5.376953125,4.7548828125,4.8701171875,4.50390625,5.51171875,4.650390625
252,5.5419921875,4.498046875,5.626953125,4.7373046875,5.072265625,4.498046875,5.5263671875,4.67578125
253,5.41796875,4.50390625,5.5400390625,4.802734375,4.8671875,4.50390625,5.568359375,4.623046875
254,5.48828125,4.498046875,5.609375,4.896484375,5.1064453125,4.498046875,5.658203125,4.67578125
255,5.5380859375,4.50390625,5.568359375,4.7060546875,4.9912109375,4.50390625,5.498046875,4.603515625
256,5.5478515625,4.498046875,5.689453125,4.7880859375,5.029296875,4.498046875,5.5537109375,4.646484375
257,5.3701171875,4.50390625,5.4580078125,4.796875,4.9111328125,4.50390625,5.54296875,4.642578125
258,5.6142578125,4.498046875,5.7998046875,4.8115234375,5.154296875,4.498046875,5.4619140625,4.6572265625
259,5.333984375,4.50390625,5.3486328125,4.7548828125,4.8974609375,4.50390625,5.64453125,4.6015625
260,5.5341796875,4.498046875,5.6767578125,4.8720703125,5.056640625,4.498046875,5.341796875,4.595703125
261,5.3583984375,4.50390625,5.287109375,4.720703125,4.8818359375,4.50390625,5.66796875,4.599609375
262,5.4833984375,4.498046875,5.623046875,4.8203125,5.0625,4.498046875,5.349609375,4.56640625
263,5.357421875,4.50390625,5.3330078125,4.73828125,4.94140625,4.50390625,5.4677734375,4.6279296875
264,5.451171875,4.498046875,5.919921875,4.755859375,4.943359375,4.498046875,5.357421875,4.744140625
265,5.423828125,4.50390625,5.197265625,4.7841796875,5.041015625,4.50390625,5.5126953125,4.6552734375
266,5.37109375,4.498046875,5.5283203125,4.869140625,4.9775390625,4.498046875,5.443359375,4.5810546875
267,5.4345703125,4.50390625,5.5283203125,4.7041015625,4.890625,4.50390625,5.2421875,4.5966796875
268,5.439453125,4.498046875,5.6630859375,4.87890625,5.0673828125,4.498046875,5.5751953125,4.6875
269,5.375,4.50390625,5.556640625,4.787109375,4.931640625,4.50390625,5.2607421875,4.607421875
270,5.4560546875,4.498046875,5.458984375,4.8740234375,5.01171875,4.498046875,5.3017578125,4.744140625
271,5.35546875,4.50390625,5.8095703125,4.5,4.9033203125,4.50390625,5.3271484375,4.5634765625
272,5.599609375,4.498046875,5.537109375,4.7705078125,4.966796875,4.498046875,5.478515625,4.6708984375
273,5.2900390625,4.50390625,5.6083984375,4.736328125,4.884765625,4.50390625,5.1767578125,4.5751953125
274,5.494140625,4.498046875,5.484375,4.6962890625,5.0380859375,4.498046875,5.5390625,4.6787109375
275,5.390625,4.50390625,5.6142578125,4.6982421875,4.98046875,4.50390625,5.1103515625,4.58984375
276,5.61328125,4.498046875,5.4091796875,4.732421875,5.048828125,4.498046875,5.1708984375,4.640625
277,5.33203125,4.50390625,5.6494140625,4.7197265625,4.8544921875,4.50390625,5.3583984375,4.73046875
278,5.4833984375,4.498046875,5.296875,4.8125,4.908203125,4.498046875,5.18359375,4.708984375
279,5.3837890625,4.50390625,5.6552734375,4.689453125,4.970703125,4.50390625,5.25,4.58984375
280,5.3310546875,4.498046875,5.5439453125,4.7890625,5.0361328125,4.498046875,5.2734375,4.685546875
281,5.4697265625,4.50390625,5.4072265625,4.6904296875,4.923828125,4.50390625,5.1484375,4.64453125
282,5.416015625,4.498046875,5.4609375,4.8447265625,4.9248046875,4.498046875,5.45703125,4.6689453125
283,5.2919921875,4.50390625,5.4462890625,4.642578125,4.8818359375,4.50390625,4.9833984375,4.638671875
284,5.4228515625,4.498046875,5.4716796875,4.64453125,5.03515625,4.498046875,5.2392578125,4.7060546875
285,5.3232421875,4.50390625,5.3857421875,4.7607421875,4.8544921875,4.50390625,5.0732421875,4.638671875
286,5.4140625,4.498046875,5.33203125,4.8271484375,4.9775390625,4.498046875,5.2841796875,4.650390625
287,5.3017578125,4.50390625,5.458984375,4.62109375,5.0,4.50390625,5.1728515625,4.6455078125
288,5.57421875,4.498046875,5.302734375,4.6923828125,5.0810546875,4.498046875,5.1171875,4.7490234375
289,5.279296875,4.50390625,5.619140625,4.646484375,4.921875,4.50390625,5.2021484375,4.607421875
290,5.4482421875,4.498046875,5.5439453125,4.736328125,5.1083984375,4.498046875,5.26953125,4.697265625
291,5.3193359375,4.50390625,5.3017578125,4.6806640625,4.9072265625,4.50390625,5.00390625,4.6591796875
292,5.5078125,4.498046875,5.3369140625,4.74609375,5.0615234375,4.498046875,4.9833984375,4.76171875
293,5.3876953125,4.50390625,5.37109375,4.64453125,5.009765625,4.50390625,5.220703125,4.630859375
294,5.4755859375,4.498046875,5.376953125,4.6796875,5.01171875,4.498046875,5.1181640625,4.6640625
295,5.2587890625,4.50390625,5.3271484375,4.7451171875,4.958984375,4.50390625,5.15625,4.646484375
296,5.365234375,4.498046875,5.4208984375,4.7431640625,5.2041015625,4.498046875,4.83984375,4.6376953125
297,5.4189453125,4.50390625,5.5009765625,4.6474609375,4.7294921875,4.50390625,5.3076171875,4.59375
298,5.494140625,4.498046875,5.365234375,4.8916015625,4.9541015625,4.498046875,4.88671875,4.6259765625
299,5.2314453125,4.50390625,5.3544921875,4.6181640625,4.9501953125,4.50390625,4.9853515625,4.6318359375
300,5.37109375,4.498046875,5.3974609375,4.828125,5.13671875,4.498046875,5.0048828125,4.74609375
301,5.298828125,4.50390625,5.3515625,4.615234375,4.8134765625,4.50390625,4.921875,4.6435546875
302,5.3779296875,4.498046875,5.4306640625,4.705078125,5.0400390625,4.498046875,5.0888671875,4.6611328125
303,5.34375,4.50390625,5.1796875,4.677734375,4.8310546875,4.50390625,4.79296875,4.63671875
304,5.4033203125,4.498046875,5.484375,4.728515625,4.9462890625,4.498046875,4.9033203125,4.6328125
305,5.2900390625,4.50390625,5.1337890625,4.611328125,4.931640625,4.50390625,4.8466796875,4.6328125
306,5.4296875,4.498046875,5.392578125,4.6982421875,4.7802734375,4.498046875,5.173828125,4.7412109375
307,5.3359375,4.50390625,5.2998046875,4.6103515625,4.9306640625,4.50390625,4.751953125,4.6005859375
308,5.40625,4.498046875,5.40625,4.6201171875,4.955078125,4.498046875,4.8525390625,4.6181640625
309,5.3427734375,4.50390625,5.26171875,4.5654296875,4.8994140625,4.50390625,4.9541015625,4.685546875
310,5.53515625,4.498046875,5.1953125,4.705078125,5.0029296875,4.498046875,4.8896484375,4.5712890625
311,5.2099609375,4.50390625,5.513671875,4.6640625,4.7216796875,4.50390625,4.755859375,4.607421875
312,5.3876953125,4.498046875,5.4658203125,4.6982421875,4.9296875,4.498046875,4.8076171875,4.6884765625
313,5.4033203125,4.50390625,5.0478515625,4.7099609375,4.80859375,4.50390625,4.9453125,4.6025390625
314,5.4443359375,4.498046875,5.087890625,4.7392578125,4.81640625,4.498046875,5.013671875,4.6591796875
315,5.06640625,4.50390625,5.3564453125,4.6015625,4.8115234375,4.50390625,4.7080078125,4.626953125
316,5.1962890625,4.498046875,5.162109375,4.7392578125,4.8056640625,4.498046875,4.837890625,4.6171875
317,5.2978515625,4.50390625,5.216796875,4.61328125,4.857421875,4.50390625,4.8310546875,4.5849609375
318,5.3291015625,4.498046875,5.3349609375,4.6708984375,4.7998046875,4.498046875,4.908203125,4.630859375
319,5.2919921875,4.50390625,5.060546875,4.6171875,4.955078125,4.50390625,4.8291015625,4.650390625
320,5.2314453125,4.498046875,5.087890625,4.6669921875,4.96875,4.498046875,4.8798828125,4.5966796875
321,5.1943359375,4.50390625,5.369140625,4.58984375,4.8046875,4.50390625,4.8623046875,4.5927734375
322,5.3671875,4.498046875,5.150390625,4.6025390625,4.9091796875,4.498046875,4.958984375,4.6591796875
323,5.248046875,4.50390625,5.16015625,4.6416015625,4.77734375,4.50390625,4.6552734375,4.5810546875
324,5.3486328125,4.498046875,5.2587890625,4.697265625,4.890625,4.498046875,4.865234375,4.732421875
325,5.2587890625,4.50390625,5.0634765625,4.65625,4.8505859375,4.50390625,4.71875,4.6728515625
326,5.328125,4.498046875,5.2685546875,4.6494140625,4.787109375,4.498046875,4.7685546875,4.716796875
327,5.25390625,4.50390625,5.1708984375,4.5625,4.814453125,4.50390625,4.80859375,4.66015625
328,5.5419921875,4.498046875,5.0400390625,4.728515625,4.8544921875,4.498046875,4.908203125,4.783203125
329,5.083984375,4.50390625,5.2431640625,4.56640625,4.7392578125,4.50390625,4.7138671875,4.6103515625
330,5.23046875,4.498046875,5.2216796875,4.7158203125,4.8876953125,4.498046875,4.705078125,4.650390625
331,5.154296875,4.50390625,5.103515625,4.6552734375,4.78125,4.50390625,4.796875,4.65234375
332,5.359375,4.498046875,5.279296875,4.7275390625,4.8134765625,4.498046875,4.732421875,4.6923828125
333,5.0673828125,4.50390625,5.080078125,4.755859375,4.7529296875,4.50390625,4.84375,4.599609375
334,5.271484375,4.498046875,5.2744140625,4.6611328125,4.7744140625,4.498046875,4.7841796875,4.6552734375
335,5.1884765625,4.50390625,5.197265625,4.666015625,4.830078125,4.50390625,4.6826171875,4.6337890625
336,5.2578125,4.498046875,5.08984375,4.759765625,4.83203125,4.498046875,4.81640625,4.6513671875
337,5.0859375,4.50390625,5.185546875,4.6259765625,4.833984375,4.50390625,4.76953125,4.61328125
338,5.2041015625,4.498046875,5.21875,4.689453125,4.935546875,4.498046875,4.849609375,4.658203125
339,5.19140625,4.50390625,5.0625,4.6865234375,4.8212890625,4.50390625,4.681640625,4.64453125
340,5.2412109375,4.498046875,5.263671875,4.677734375,4.9169921875,4.498046875,4.7802734375,4.609375
341,5.1943359375,4.50390625,5.0478515625,4.5908203125,4.7041015625,4.50390625,4.6708984375,4.6240234375
342,5.154296875,4.498046875,5.5107421875,4.6669921875,4.8310546875,4.498046875,4.919921875,4.6572265625
343,5.2265625,4.50390625,4.8154296875,4.642578125,4.8056640625,4.50390625,4.6708984375,4.6259765625
344,5.2509765625,4.498046875,5.00390625,4.6708984375,4.9052734375,4.498046875,4.85546875,4.626953125
345,5.19921875,4.50390625,5.1416015625,4.6806640625,4.5966796875,4.50390625,4.6630859375,4.75390625
346,5.3525390625,4.498046875,5.0537109375,4.73828125,4.873046875,4.498046875,4.7490234375,4.6025390625
347,5.1005859375,4.50390625,5.0810546875,4.62109375,4.7705078125,4.50390625,4.7119140625,4.5380859375
348,5.306640625,4.498046875,5.1103515625,4.7265625,4.8642578125,4.498046875,4.6953125,4.60546875
349,5.0732421875,4.50390625,5.1357421875,4.5400390625,4.767578125,4.50390625,4.66796875,4.62109375
350,5.3583984375,4.498046875,5.2353515625,4.7138671875,4.9873046875,4.498046875,4.6220703125,4.7294921875
351,5.109375,4.50390625,4.8896484375,4.6962890625,4.7705078125,4.50390625,4.80078125,4.6083984375
352,5.3212890625,4.498046875,5.0390625,4.7607421875,4.810546875,4.498046875,4.7373046875,4.673828125
353,4.9619140625,4.50390625,5.0673828125,4.54296875,4.7880859375,4.50390625,4.7353515625,4.587890625
354,5.2021484375,4.498046875,5.1611328125,4.8525390625,4.6484375,4.498046875,4.6181640625,4.6865234375
355,5.056640625,4.50390625,5.02734375,4.6044921875,4.818359375,4.50390625,4.6875,4.6259765625
356,5.158203125,4.498046875,4.99609375,4.7001953125,4.8232421875,4.498046875,4.7646484375,4.6630859375
357,5.0302734375,4.50390625,5.1494140625,4.66796875,4.623046875,4.50390625,4.6865234375,4.5458984375
358,5.1767578125,4.498046875,5.138671875,4.720703125,4.7509765625,4.498046875,4.7490234375,4.6484375
359,5.091796875,4.50390625,4.9619140625,4.6162109375,4.7666015625,4.50390625,4.724609375,4.6220703125
360,5.1279296875,4.498046875,5.064453125,4.6181640625,4.8115234375,4.498046875,4.7138671875,4.662109375
361,5.2080078125,4.50390625,5.0576171875,4.728515625,4.7197265625,4.50390625,4.658203125,4.669921875
362,5.220703125,4.498046875,5.193359375,4.7705078125,4.85546875,4.498046875,4.7138671875,4.68359375
363,5.1083984375,4.50390625,4.939453125,4.666015625,4.759765625,4.50390625,4.6552734375,4.642578125
364,5.0439453125,4.498046875,5.3505859375,4.6591796875,4.8427734375,4.498046875,4.796875,4.6240234375
365,5.119140625,4.50390625,4.86328125,4.6826171875,4.787109375,4.50390625,4.5966796875,4.693359375
366,5.2939453125,4.498046875,5.0947265625,4.646484375,4.7578125,4.498046875,4.7275390625,4.7421875
367,5.1533203125,4.50390625,5.0693359375,4.669921875,4.7646484375,4.50390625,4.6435546875,4.6787109375
368,5.2529296875,4.498046875,5.107421875,4.6826171875,4.7744140625,4.498046875,4.6474609375,4.640625
369,5.1044921875,4.50390625,5.01953125,4.6220703125,4.58203125,4.50390625,4.677734375,4.6494140625
370,5.126953125,4.498046875,5.1318359375,4.6318359375,4.7734375,4.498046875,4.76953125,4.630859375
371,5.130859375,4.50390625,5.02734375,4.5869140625,4.7841796875,4.50390625,4.611328125,4.6396484375
372,5.1201171875,4.498046875,4.98828125,4.64453125,4.7373046875,4.498046875,4.6953125,4.70703125
373,5.1201171875,4.50390625,5.1240234375,4.7197265625,4.771484375,4.50390625,4.681640625,4.69140625
374,5.2333984375,4.498046875,5.0732421875,4.6689453125,4.73046875,4.498046875,4.7578125,4.619140625
375,5.0625,4.50390625,5.0830078125,4.67578125,4.73828125,4.50390625,4.64453125,4.625
376,5.2021484375,4.498046875,5.3544921875,4.7060546875,4.787109375,4.498046875,4.740234375,4.7431640625
377,5.078125,4.50390625,4.8876953125,4.5234375,4.669921875,4.50390625,4.6455078125,4.541015625
378,5.1689453125,4.498046875,5.2294921875,4.7080078125,4.861328125,4.498046875,4.7041015625,4.6728515625
379,5.0869140625,4.50390625,4.8984375,4.6279296875,4.6201171875,4.50390625,4.615234375,4.58984375
380,5.2392578125,4.498046875,5.12109375,4.6328125,4.8017578125,4.498046875,4.6767578125,4.5927734375
381,5.06640625,4.50390625,5.037109375,4.6064453125,4.720703125,4.50390625,4.6826171875,4.5869140625
382,5.2880859375,4.498046875,5.224609375,4.74609375,4.890625,4.498046875,4.775390625,4.6201171875
383,5.0830078125,4.50390625,4.8984375,4.583984375,4.7705078125,4.50390625,4.5859375,4.640625
384,5.2353515625,4.498046875,5.0166015625,4.6630859375,4.810546875,4.498046875,4.6650390625,4.681640625
385,5.0810546875,4.50390625,5.0908203125,4.6318359375,4.7041015625,4.50390625,4.630859375,4.6083984375
386,5.322265625,4.498046875,5.0322265625,4.6689453125,4.748046875,4.498046875,4.6953125,4.6416015625
387,5.0986328125,4.50390625,5.1259765625,4.62109375,4.7822265625,4.50390625,4.71484375,4.671875
388,5.203125,4.498046875,5.08984375,4.6328125,4.7158203125,4.498046875,4.736328125,4.658203125
389,5.099609375,4.50390625,4.9111328125,4.6533203125,4.7705078125,4.50390625,4.63671875,4.6181640625
390,5.341796875,4.498046875,5.0322265625,4.6630859375,4.75,4.498046875,4.73828125,4.6513671875
391,4.951171875,4.50390625,5.0205078125,4.5166015625,4.7099609375,4.50390625,4.68359375,4.6103515625
392,5.046875,4.498046875,5.1533203125,4.7080078125,4.6787109375,4.498046875,4.6123046875,4.646484375
393,5.10546875,4.50390625,5.0263671875,4.59765625,4.7080078125,4.50390625,4.7490234375,4.58984375
394,5.2646484375,4.498046875,5.078125,4.6904296875,4.7685546875,4.498046875,4.7470703125,4.556640625
395,4.9453125,4.50390625,4.92578125,4.5224609375,4.7509765625,4.50390625,4.5888671875,4.6142578125
396,5.1259765625,4.498046875,5.080078125,4.6259765625,4.8134765625,4.498046875,4.6689453125,4.658203125
397,5.166015625,4.50390625,4.96875,4.6181640625,4.6669921875,4.50390625,4.6630859375,4.623046875
398,5.1669921875,4.498046875,5.2392578125,4.62890625,4.875,4.498046875,4.7021484375,4.6123046875
399,5.0537109375,4.50390625,4.9140625,4.6298828125,4.771484375,4.50390625,4.70703125,4.6611328125
400,5.171875,4.498046875,5.1259765625,4.6044921875,4.84765625,4.498046875,4.650390625,4.7060546875
401,4.9970703125,4.50390625,4.9453125,4.6162109375,4.7861328125,4.50390625,4.5849609375,4.591796875
402,5.1416015625,4.498046875,5.29296875,4.6494140625,4.8046875,4.498046875,4.6201171875,4.6005859375
403,5.037109375,4.50390625,4.857421875,4.6083984375,4.765625,4.50390625,4.6728515625,4.6201171875
404,5.08984375,4.498046875,5.2568359375,4.7177734375,4.7353515625,4.498046875,4.7900390625,4.63671875
405,5.033203125,4.50390625,4.8623046875,4.5966796875,4.658203125,4.50390625,4.6611328125,4.6279296875
406,5.20703125,4.498046875,4.8671875,4.6083984375,4.7646484375,4.498046875,4.7421875,4.6630859375
407,5.0673828125,4.50390625,5.1787109375,4.57421875,4.712890625,4.50390625,4.7001953125,4.619140625
408,5.23046875,4.498046875,5.0029296875,4.6201171875,4.734375,4.498046875,4.6796875,4.6767578125
409,5.0615234375,4.50390625,4.92578125,4.5869140625,4.7109375,4.50390625,4.6474609375,4.6240234375
410,4.9599609375,4.498046875,4.8466796875,4.6357421875,4.7802734375,4.498046875,4.671875,4.66796875
411,5.216796875,4.50390625,5.060546875,4.6201171875,4.748046875,4.50390625,4.7451171875,4.6298828125
412,5.240234375,4.498046875,4.888671875,4.6591796875,4.89453125,4.498046875,4.66015625,4.6494140625
413,4.8828125,4.50390625,4.9521484375,4.59375,4.6474609375,4.50390625,4.673828125,4.5966796875
414,5.16015625,4.498046875,4.8681640625,4.6630859375,4.7822265625,4.498046875,4.728515625,4.685546875
415,4.91796875,4.50390625,4.990234375,4.56640625,4.685546875,4.50390625,4.62109375,4.7060546875
416,5.12109375,4.498046875,4.9677734375,4.6376953125,4.787109375,4.498046875,4.7080078125,4.5869140625
417,4.96875,4.50390625,4.837890625,4.6103515625,4.638671875,4.50390625,4.6826171875,4.5986328125
418,4.9521484375,4.498046875,4.755859375,4.681640625,4.7353515625,4.498046875,4.6884765625,4.6357421875
419,5.06640625,4.50390625,5.02734375,4.59375,4.7451171875,4.50390625,4.6767578125,4.5439453125
420,5.1064453125,4.498046875,4.8427734375,4.658203125,4.6845703125,4.498046875,4.6748046875,4.623046875
421,4.99609375,4.50390625,4.9013671875,4.5634765625,4.73828125,4.50390625,4.6474609375,4.662109375
422,5.1083984375,4.498046875,4.7958984375,4.654296875,4.6923828125,4.498046875,4.646484375,4.6962890625
423,4.9853515625,4.50390625,4.84375,4.603515625,4.6728515625,4.50390625,4.6328125,4.61328125
424,5.1318359375,4.498046875,4.8544921875,4.60546875,4.6708984375,4.498046875,4.6357421875,4.6474609375
425,4.923828125,4.50390625,4.8828125,4.630859375,4.771484375,4.50390625,4.5546875,4.576171875
426,5.1259765625,4.498046875,4.89453125,4.69140625,4.8310546875,4.498046875,4.6982421875,4.5498046875
427,4.84765625,4.50390625,4.8525390625,4.603515625,4.7099609375,4.50390625,4.568359375,4.6181640625
428,5.0830078125,4.498046875,4.94921875,4.677734375,4.740234375,4.498046875,4.712890625,4.5869140625
429,5.033203125,4.50390625,4.744140625,4.5419921875,4.61328125,4.50390625,4.638671875,4.64453125
430,5.115234375,4.498046875,4.8251953125,4.671875,4.7490234375,4.498046875,4.6611328125,4.650390625
431,4.9755859375,4.50390625,4.8330078125,4.6083984375,4.7373046875,4.50390625,4.6328125,4.6416015625
432,5.16796875,4.498046875,4.826171875,4.66015625,4.83203125,4.498046875,4.7333984375,4.6572265625
433,4.9931640625,4.50390625,4.833984375,4.57421875,4.6484375,4.50390625,4.6103515625,4.6962890625
434,5.06640625,4.498046875,4.9873046875,4.6640625,4.587890625,4.498046875,4.6513671875,4.626953125
435,5.00390625,4.50390625,4.763671875,4.6123046875,4.720703125,4.50390625,4.619140625,4.6240234375
436,5.2275390625,4.498046875,5.0107421875,4.6640625,4.708984375,4.498046875,4.6435546875,4.56640625
437,4.8623046875,4.50390625,4.7783203125,4.5322265625,4.7109375,4.50390625,4.625,4.591796875
438,5.11328125,4.498046875,4.916015625,4.5302734375,4.75,4.498046875,4.6298828125,4.662109375
439,5.005859375,4.50390625,4.8447265625,4.5849609375,4.56640625,4.50390625,4.662109375,4.67578125
440,5.1337890625,4.498046875,4.9521484375,4.6044921875,4.6396484375,4.498046875,4.623046875,4.6572265625
441,4.953125,4.50390625,4.7685546875,4.576171875,4.69140625,4.50390625,4.615234375,4.6025390625
442,5.1337890625,4.498046875,4.9921875,4.6796875,4.8076171875,4.498046875,4.6162109375,4.619140625
443,4.875,4.50390625,4.8173828125,4.634765625,4.73046875,4.50390625,4.6669921875,4.6123046875
444,4.990234375,4.498046875,5.0615234375,4.5888671875,4.689453125,4.498046875,4.69140625,4.5625
445,5.0029296875,4.50390625,4.7255859375,4.541015625,4.5615234375,4.50390625,4.55859375,4.5869140625
446,5.0498046875,4.498046875,4.8427734375,4.5986328125,4.7470703125,4.498046875,4.6875,4.5888671875
447,4.900390625,4.50390625,4.93359375,4.5947265625,4.70703125,4.50390625,4.5859375,4.53515625
448,4.93359375,4.498046875,4.96484375,4.5703125,4.72265625,4.498046875,4.796875,4.640625
449,5.07421875,4.50390625,4.814453125,4.5654296875,4.623046875,4.50390625,4.7294921875,4.5751953125
450,5.05859375,4.498046875,4.8955078125,4.6162109375,4.7216796875,4.498046875,4.6728515625,4.5771484375
451,4.931640625,4.50390625,4.888671875,4.5634765625,4.6728515625,4.50390625,4.669921875,4.595703125
452,4.98046875,4.498046875,4.955078125,4.626953125,4.6884765625,4.498046875,4.69140625,4.65625
453,4.96875,4.50390625,4.76953125,4.607421875,4.685546875,4.50390625,4.6396484375,4.6142578125
454,5.173828125,4.498046875,4.9287109375,4.67578125,4.71875,4.498046875,4.7509765625,4.6533203125
455,4.8759765625,4.50390625,4.8828125,4.560546875,4.6806640625,4.50390625,4.603515625,4.6005859375
456,4.841796875,4.498046875,5.158203125,4.5966796875,4.708984375,4.498046875,4.7783203125,4.59765625
457,5.0068359375,4.50390625,4.6787109375,4.5810546875,4.65234375,4.50390625,4.6455078125,4.6279296875
458,5.09375,4.498046875,4.8828125,4.626953125,4.5693359375,4.498046875,4.7978515625,4.6220703125
459,4.8837890625,4.50390625,4.8779296875,4.6376953125,4.755859375,4.50390625,4.6142578125,4.6494140625
460,4.986328125,4.498046875,5.0302734375,4.689453125,4.5556640625,4.498046875,4.783203125,4.6259765625
461,4.8671875,4.50390625,4.8701171875,4.560546875,4.748046875,4.50390625,4.6328125,4.6552734375
462,4.9296875,4.498046875,4.87109375,4.63671875,4.7099609375,4.498046875,4.734375,4.6796875
463,4.884765625,4.50390625,4.8857421875,4.6142578125,4.6337890625,4.50390625,4.576171875,4.6142578125
464,5.08203125,4.498046875,4.794921875,4.7080078125,4.66796875,4.498046875,4.6279296875,4.62109375
465,4.896484375,4.50390625,5.044921875,4.6103515625,4.583984375,4.50390625,4.599609375,4.603515625
466,4.9765625,4.498046875,5.1484375,4.638671875,4.658203125,4.498046875,4.5859375,4.7060546875
467,4.939453125,4.50390625,4.6337890625,4.6298828125,4.7216796875,4.50390625,4.603515625,4.6494140625
468,5.1259765625,4.498046875,4.9326171875,4.5810546875,4.7177734375,4.498046875,4.6826171875,4.6171875
469,4.78125,4.50390625,4.7607421875,4.5986328125,4.5888671875,4.50390625,4.64453125,4.6259765625
470,5.068359375,4.498046875,4.7197265625,4.6396484375,4.673828125,4.498046875,4.6162109375,4.64453125
471,4.833984375,4.50390625,4.912109375,4.5595703125,4.623046875,4.50390625,4.6474609375,4.603515625
472,5.0400390625,4.498046875,4.8271484375,4.6142578125,4.8212890625,4.498046875,4.6669921875,4.6240234375
473,4.828125,4.50390625,4.69140625,4.607421875,4.609375,4.50390625,4.63671875,4.5908203125
474,4.9365234375,4.498046875,4.88671875,4.60546875,4.62890625,4.498046875,4.6962890625,4.6298828125
475,4.9052734375,4.50390625,4.6923828125,4.6083984375,4.6845703125,4.50390625,4.625,4.6318359375
476,5.0146484375,4.498046875,4.890625,4.6767578125,4.6630859375,4.498046875,4.623046875,4.5966796875
477,4.8232421875,4.50390625,4.7353515625,4.646484375,4.6640625,4.50390625,4.66015625,4.6220703125
478,5.0205078125,4.498046875,4.748046875,4.6669921875,4.640625,4.498046875,4.642578125,4.619140625
479,4.72265625,4.50390625,4.8076171875,4.6572265625,4.703125,4.50390625,4.6572265625,4.599609375
480,4.783203125,4.498046875,4.95703125,4.63671875,4.6806640625,4.498046875,4.646484375,4.6494140625
481,4.912109375,4.50390625,4.6455078125,4.603515625,4.6708984375,4.50390625,4.5625,4.5859375
482,4.9208984375,4.498046875,4.9541015625,4.595703125,4.673828125,4.498046875,4.7216796875,4.6796875
483,4.9296875,4.50390625,4.626953125,4.6005859375,4.625,4.50390625,4.6064453125,4.603515625
484,5.0478515625,4.498046875,4.7607421875,4.6552734375,4.7041015625,4.498046875,4.63671875,4.6669921875
485,4.8330078125,4.50390625,4.748046875,4.6162109375,4.6669921875,4.50390625,4.6416015625,4.6416015625
486,4.919921875,4.498046875,4.8056640625,4.603515625,4.81640625,4.498046875,4.6376953125,4.65234375
487,4.779296875,4.50390625,4.748046875,4.60546875,4.6044921875,4.50390625,4.578125,4.640625
488,4.919921875,4.498046875,4.826171875,4.681640625,4.599609375,4.498046875,4.7255859375,4.65234375
489,4.7216796875,4.50390625,4.71484375,4.626953125,4.666015625,4.50390625,4.6240234375,4.6103515625
490,5.0537109375,4.498046875,4.7646484375,4.689453125,4.7158203125,4.498046875,4.712890625,4.5986328125
491,4.779296875,4.50390625,4.833984375,4.544921875,4.705078125,4.50390625,4.6064453125,4.6591796875
492,4.9423828125,4.498046875,4.7734375,4.634765625,4.7236328125,4.498046875,4.6494140625,4.5693359375
493,4.7412109375,4.50390625,4.82421875,4.541015625,4.677734375,4.50390625,4.5673828125,4.619140625
494,4.9052734375,4.498046875,4.857421875,4.638671875,4.609375,4.498046875,4.5751953125,4.6298828125
495,4.7607421875,4.50390625,4.6376953125,4.5615234375,4.658203125,4.50390625,4.6298828125,4.580078125
496,4.978515625,4.498046875,4.8515625,4.6279296875,4.595703125,4.498046875,4.69140625,4.630859375
497,4.81640625,4.50390625,4.6494140625,4.552734375,4.62109375,4.50390625,4.6396484375,4.6416015625
498,4.92578125,4.498046875,4.8671875,4.6337890625,4.5576171875,4.498046875,4.736328125,4.544921875
499,4.802734375,4.50390625,4.6796875,4.6044921875,4.6728515625,4.50390625,4.625,4.55859375
500,4.826171875,4.498046875,4.8056640625,4.6376953125,4.6884765625,4.498046875,4.6240234375,4.6455078125
501,4.77734375,4.50390625,4.68359375,4.5517578125,4.72265625,4.50390625,4.6142578125,4.5927734375
502,5.00390625,4.498046875,4.7548828125,4.587890625,4.7666015625,4.498046875,4.69921875,4.662109375
503,4.673828125,4.50390625,4.7783203125,4.6044921875,4.57421875,4.50390625,4.5859375,4.6103515625
504,4.83984375,4.498046875,4.767578125,4.5703125,4.6259765625,4.498046875,4.6640625,4.64453125
505,4.76171875,4.50390625,4.7890625,4.5322265625,4.6298828125,4.50390625,4.673828125,4.63671875
506,4.888671875,4.498046875,4.724609375,4.7080078125,4.6328125,4.498046875,4.70703125,4.6650390625
507,4.7431640625,4.50390625,4.8359375,4.55078125,4.6298828125,4.50390625,4.6376953125,4.6650390625
508,4.7705078125,4.498046875,4.9404296875,4.62890625,4.6875,4.498046875,4.6689453125,4.6455078125
509,4.73828125,4.50390625,4.7080078125,4.5810546875,4.720703125,4.50390625,4.6220703125,4.6357421875
510,4.8046875,4.498046875,4.7275390625,4.642578125,4.6552734375,4.498046875,4.6630859375,4.666015625
511,4.8505859375,4.50390625,4.849609375,4.587890625,4.5791015625,4.50390625,4.6689453125,4.6279296875
512,4.8857421875,4.498046875,4.732421875,4.654296875,4.587890625,4.498046875,4.5927734375,4.607421875
513,4.8310546875,4.50390625,4.744140625,4.6240234375,4.6318359375,4.50390625,4.6611328125,4.6142578125
514,4.810546875,4.498046875,4.7509765625,4.685546875,4.6982421875,4.498046875,4.669921875,4.6474609375
515,4.6484375,4.50390625,4.7041015625,4.5,4.6005859375,4.50390625,4.6025390625,4.572265625
516,4.8544921875,4.498046875,4.94140625,4.6044921875,4.623046875,4.498046875,4.595703125,4.7021484375
517,4.779296875,4.50390625,4.66015625,4.5888671875,4.625,4.50390625,4.685546875,4.623046875
518,4.80078125,4.498046875,4.8671875,4.62890625,4.625,4.498046875,4.6181640625,4.595703125
519,4.783203125,4.50390625,4.587890625,4.666015625,4.58984375,4.50390625,4.587890625,4.5986328125
520,4.8896484375,4.498046875,4.7568359375,4.63671875,4.7216796875,4.498046875,4.634765625,4.6279296875
521,4.7470703125,4.50390625,4.79296875,4.5771484375,4.6328125,4.50390625,4.6201171875,4.640625
522,4.900390625,4.498046875,4.79296875,4.583984375,4.625,4.498046875,4.638671875,4.6669921875
523,4.7392578125,4.50390625,4.677734375,4.5771484375,4.6240234375,4.50390625,4.666015625,4.64453125
524,4.94921875,4.498046875,4.7802734375,4.62109375,4.6572265625,4.498046875,4.634765625,4.634765625
525,4.6953125,4.50390625,4.697265625,4.59765625,4.53515625,4.50390625,4.6083984375,4.6162109375
526,4.8720703125,4.498046875,4.634765625,4.6162109375,4.6103515625,4.498046875,4.70703125,4.6748046875
527,4.7548828125,4.50390625,4.7841796875,4.578125,4.6162109375,4.50390625,4.6357421875,4.625
528,4.84765625,4.498046875,4.658203125,4.5869140625,4.5537109375,4.498046875,4.6328125,4.669921875
529,4.7236328125,4.50390625,4.80078125,4.5869140625,4.6904296875,4.50390625,4.5439453125,4.580078125
530,4.8642578125,4.498046875,4.6953125,4.6044921875,4.6416015625,4.498046875,4.59375,4.578125
531,4.658203125,4.50390625,4.6904296875,4.6064453125,4.5859375,4.50390625,4.6611328125,4.6572265625
532,4.8935546875,4.498046875,4.8212890625,4.6572265625,4.6748046875,4.498046875,4.6103515625,4.6328125
533,4.7978515625,4.50390625,4.6201171875,4.56640625,4.595703125,4.50390625,4.5654296875,4.6640625
534,4.8740234375,4.498046875,4.8095703125,4.666015625,4.787109375,4.498046875,4.6328125,4.724609375
535,4.6875,4.50390625,4.5771484375,4.5732421875,4.6796875,4.50390625,4.6162109375,4.576171875
536,4.7900390625,4.498046875,4.75,4.654296875,4.6181640625,4.498046875,4.65625,4.650390625
537,4.869140625,4.50390625,4.611328125,4.62890625,4.59375,4.50390625,4.6103515625,4.56640625
538,4.7529296875,4.498046875,4.623046875,4.578125,4.697265625,4.498046875,4.66796875,4.5986328125
539,4.7275390625,4.50390625,4.70703125,4.5693359375,4.66796875,4.50390625,4.5771484375,4.6318359375
540,4.7373046875,4.498046875,4.736328125,4.5830078125,4.6181640625,4.498046875,4.65234375,4.6083984375
541,4.7861328125,4.50390625,4.6806640625,4.57421875,4.5849609375,4.50390625,4.623046875,4.5078125
542,4.8056640625,4.498046875,4.7080078125,4.6240234375,4.6611328125,4.498046875,4.623046875,4.62890625
543,4.751953125,4.50390625,4.630859375,4.5576171875,4.625,4.50390625,4.5947265625,4.58984375
544,4.853515625,4.498046875,4.7666015625,4.654296875,4.6259765625,4.498046875,4.6005859375,4.619140625
545,4.646484375,4.50390625,4.634765625,4.5810546875,4.6328125,4.50390625,4.56640625,4.6435546875
546,4.7470703125,4.498046875,4.7470703125,4.625,4.65625,4.498046875,4.6142578125,4.6884765625
547,4.697265625,4.50390625,4.6611328125,4.6298828125,4.5595703125,4.50390625,4.6123046875,4.6171875
548,4.830078125,4.498046875,4.6220703125,4.6708984375,4.642578125,4.498046875,4.642578125,4.62109375
549,4.66015625,4.50390625,4.748046875,4.6025390625,4.5693359375,4.50390625,4.5732421875,4.5751953125
550,4.60546875,4.498046875,4.53125,4.5341796875,4.5205078125,4.498046875,4.48828125,4.541015625
