,ansatz_2a,ansatz_2b,ansatz_3c,ansatz_3b,ansatz_4a,ansatz_4b
0,7.33203125,7.86328125,6.4052734375,7.533203125,7.3056640625,7.6953125
1,7.5361328125,7.4853515625,7.2763671875,7.251953125,7.7861328125,7.2333984375
2,7.31640625,7.6943359375,7.3427734375,7.984375,7.8623046875,7.935546875
3,7.3564453125,7.7275390625,6.6640625,6.869140625,7.353515625,7.2119140625
4,7.474609375,7.4833984375,6.7158203125,7.38671875,7.392578125,7.4814453125
5,7.2431640625,7.671875,7.10546875,7.357421875,7.599609375,7.5732421875
6,7.2314453125,7.5029296875,6.7548828125,7.3701171875,7.2373046875,7.37109375
7,7.400390625,7.689453125,6.998046875,7.4794921875,7.798828125,7.578125
8,7.189453125,7.5078125,6.7119140625,7.267578125,7.1162109375,7.25390625
9,7.5283203125,7.794921875,7.1025390625,7.2958984375,7.884765625,7.666015625
10,6.91796875,7.6083984375,7.08203125,7.490234375,7.5283203125,7.58984375
11,7.80859375,7.8671875,6.7705078125,7.3671875,7.466796875,7.5185546875
12,7.0634765625,7.44140625,6.775390625,7.2265625,7.3974609375,7.2021484375
13,7.7197265625,7.7890625,7.0791015625,7.78125,7.7373046875,8.064453125
14,7.5478515625,7.673828125,6.8134765625,7.3369140625,7.52734375,7.5146484375
15,7.20703125,7.4296875,7.1787109375,7.4775390625,7.697265625,7.537109375
16,7.4111328125,7.5087890625,6.9580078125,7.1220703125,7.62890625,7.2587890625
17,7.1943359375,7.6416015625,6.84765625,7.4375,7.49609375,7.5556640625
18,6.95703125,7.4091796875,6.806640625,7.4794921875,7.447265625,7.388671875
19,7.732421875,7.970703125,7.01171875,7.33203125,7.6484375,7.677734375
20,7.44140625,7.728515625,6.7880859375,7.6083984375,7.55859375,7.7958984375
21,7.2734375,7.568359375,7.138671875,7.0703125,7.5634765625,7.169921875
22,7.7685546875,7.6181640625,7.1123046875,7.3330078125,7.482421875,7.4052734375
23,7.0927734375,7.7255859375,6.7666015625,7.5654296875,7.4638671875,7.646484375
24,7.580078125,7.6484375,6.9072265625,7.8095703125,7.4423828125,7.779296875
25,7.0859375,7.935546875,6.8857421875,7.2099609375,7.525390625,7.3271484375
26,7.3544921875,7.4189453125,6.876953125,7.53125,7.63671875,7.603515625
27,7.501953125,7.865234375,7.2119140625,7.1767578125,7.6259765625,7.388671875
28,7.611328125,7.369140625,7.0087890625,7.4560546875,7.525390625,7.826171875
29,7.0,8.140625,6.78515625,7.5322265625,7.6279296875,7.166015625
30,7.1611328125,7.6787109375,7.1708984375,7.1474609375,7.849609375,7.3291015625
31,7.4697265625,7.7021484375,6.7529296875,7.8916015625,7.279296875,7.8603515625
32,7.3251953125,7.5390625,6.8759765625,7.134765625,7.275390625,7.3125
33,7.3369140625,7.7333984375,6.9580078125,7.630859375,7.693359375,7.6748046875
34,7.7900390625,7.5869140625,7.310546875,7.2890625,7.5869140625,7.28125
35,6.7705078125,7.6005859375,6.5341796875,7.48828125,7.41015625,7.693359375
36,7.546875,7.458984375,6.7646484375,7.375,7.19140625,7.6142578125
37,7.4189453125,7.7666015625,7.12109375,7.36328125,7.8828125,7.361328125
38,7.439453125,7.521484375,6.6689453125,7.5166015625,7.5068359375,7.5283203125
39,7.2080078125,7.8876953125,7.1083984375,7.19921875,7.7421875,7.51953125
40,7.2626953125,7.68359375,6.92578125,6.9619140625,7.6796875,7.23828125
41,7.2958984375,7.4013671875,6.9208984375,7.73046875,7.384765625,7.736328125
42,7.244140625,7.427734375,6.8701171875,7.1884765625,7.5498046875,7.4072265625
43,7.369140625,7.8603515625,7.0224609375,7.666015625,7.51171875,7.775390625
44,7.244140625,7.5048828125,7.3701171875,7.57421875,7.767578125,7.6357421875
45,7.474609375,7.783203125,6.3798828125,7.2236328125,7.2080078125,7.4677734375
46,7.4208984375,7.39453125,6.78515625,7.5,7.6279296875,7.5478515625
47,7.2333984375,7.7421875,7.0087890625,7.1943359375,7.525390625,7.2783203125
48,7.1904296875,7.6376953125,6.783203125,7.5830078125,7.4189453125,7.8232421875
49,7.4921875,7.7568359375,7.0087890625,7.2255859375,7.525390625,7.1953125
50,7.203125,7.9052734375,7.1103515625,7.7080078125,7.5576171875,7.8095703125
51,7.52734375,7.4833984375,6.65625,7.078125,7.560546875,7.13671875
52,6.556640625,7.6123046875,6.6396484375,8.017578125,7.7421875,7.9814453125
53,6.8662109375,7.4482421875,7.1064453125,7.4111328125,7.4521484375,7.357421875
54,6.4052734375,7.3154296875,7.3779296875,7.4130859375,7.6484375,7.2470703125
55,6.6279296875,7.595703125,6.927734375,7.04296875,7.248046875,7.1083984375
56,6.7763671875,7.1826171875,6.515625,7.0234375,7.060546875,7.427734375
57,6.1484375,7.357421875,7.203125,7.158203125,7.1572265625,7.107421875
58,5.9296875,7.0576171875,5.9755859375,7.1708984375,7.263671875,7.298828125
59,6.333984375,7.2236328125,5.771484375,6.869140625,6.8388671875,6.923828125
60,6.3681640625,7.0859375,5.79296875,6.8740234375,7.0751953125,6.7763671875
61,5.7783203125,7.072265625,6.1259765625,7.119140625,6.865234375,7.0966796875
62,6.48828125,7.2529296875,5.9248046875,7.04296875,6.947265625,6.8212890625
63,5.77734375,6.875,5.783203125,6.791015625,6.9638671875,6.619140625
64,5.537109375,7.115234375,5.7939453125,6.734375,6.9072265625,6.72265625
65,5.58984375,6.8671875,6.05078125,6.9306640625,6.9970703125,6.6865234375
66,5.5830078125,6.984375,5.755859375,6.8974609375,6.91015625,6.8037109375
67,5.46875,6.896484375,5.810546875,6.576171875,6.8701171875,6.6181640625
68,5.55859375,6.9287109375,5.5478515625,6.4013671875,7.0498046875,6.47265625
69,5.4775390625,6.8916015625,5.7958984375,6.7431640625,6.6337890625,6.779296875
70,5.638671875,6.92578125,5.8408203125,6.484375,6.53515625,6.529296875
71,5.25390625,6.9345703125,5.30078125,6.6162109375,6.69140625,6.43359375
72,5.48828125,6.8115234375,5.34375,6.40625,6.630859375,6.4013671875
73,4.9755859375,7.0517578125,5.4580078125,6.4921875,6.4765625,6.6015625
74,5.2041015625,6.736328125,5.4296875,6.4462890625,6.58984375,6.3486328125
75,4.8408203125,6.5693359375,5.208984375,6.5283203125,6.4560546875,6.61328125
76,4.7822265625,6.826171875,5.41796875,6.19921875,6.42578125,6.2080078125
77,5.1220703125,6.638671875,5.158203125,6.6826171875,6.5908203125,6.5615234375
78,4.888671875,6.822265625,5.2587890625,6.4541015625,6.4462890625,6.1875
79,4.8212890625,6.611328125,5.068359375,5.8603515625,6.513671875,6.203125
80,4.8935546875,6.8203125,5.2998046875,6.1416015625,6.5703125,6.1630859375
81,4.7255859375,6.4267578125,5.2705078125,5.7255859375,6.3818359375,6.333984375
82,4.849609375,6.552734375,5.306640625,5.9658203125,6.515625,6.3974609375
83,4.859375,6.4375,5.189453125,5.7802734375,6.3828125,6.0908203125
84,4.7734375,6.48828125,5.35546875,5.9169921875,6.505859375,6.27734375
85,4.7880859375,6.4453125,5.0595703125,5.896484375,6.4765625,6.0849609375
86,4.7861328125,6.6123046875,5.3369140625,5.9404296875,6.5791015625,6.212890625
87,4.7177734375,6.46875,5.1123046875,5.845703125,6.439453125,6.1533203125
88,4.736328125,6.951171875,5.380859375,6.0537109375,6.5888671875,6.158203125
89,4.9931640625,6.2080078125,5.0478515625,5.8701171875,6.294921875,6.1669921875
90,4.7333984375,6.4912109375,5.3154296875,5.8974609375,6.490234375,6.21484375
91,4.666015625,6.2861328125,4.9345703125,5.8994140625,6.35546875,6.1220703125
92,4.8271484375,6.4443359375,4.9150390625,5.7880859375,6.4169921875,6.1923828125
93,4.6142578125,6.29296875,5.09375,5.9755859375,6.408203125,6.201171875
94,4.6875,6.5361328125,4.8330078125,5.9501953125,6.3349609375,6.111328125
95,4.6728515625,6.1044921875,5.029296875,5.74609375,6.4306640625,6.2568359375
96,4.72265625,6.0947265625,4.9423828125,5.8955078125,6.412109375,6.2109375
97,4.6904296875,6.02734375,5.0556640625,5.84765625,6.3388671875,6.1103515625
98,4.8681640625,6.103515625,4.798828125,5.849609375,6.3837890625,6.1162109375
99,4.685546875,6.14453125,4.982421875,5.7001953125,6.3388671875,6.072265625
100,4.5966796875,5.9375,4.9716796875,5.748046875,6.3759765625,6.0146484375
101,4.8193359375,6.2431640625,4.755859375,5.861328125,6.3408203125,6.1259765625
102,4.6591796875,6.009765625,4.89453125,5.6884765625,6.416015625,6.001953125
103,4.7822265625,5.9072265625,4.810546875,5.8935546875,6.2734375,6.109375
104,4.6904296875,5.896484375,4.888671875,5.78125,6.3779296875,6.0615234375
105,4.60546875,6.005859375,4.75,5.826171875,6.3740234375,6.0458984375
106,4.7353515625,6.0615234375,4.8974609375,5.869140625,6.33984375,6.1748046875
107,4.5712890625,5.75,4.794921875,5.6298828125,6.4765625,6.05078125
108,4.73046875,5.8720703125,4.9033203125,5.7412109375,6.3671875,6.138671875
109,4.5654296875,5.6923828125,4.7587890625,5.76953125,6.2314453125,6.109375
110,4.68359375,5.9208984375,4.8427734375,5.7890625,6.5390625,6.19921875
111,4.5498046875,5.7724609375,4.783203125,5.6572265625,6.1650390625,5.962890625
112,4.671875,5.6630859375,4.7958984375,5.8056640625,6.24609375,6.09765625
113,4.5830078125,5.9189453125,4.8447265625,5.50390625,6.224609375,5.9306640625
114,4.5693359375,5.9150390625,4.7529296875,5.8759765625,6.3173828125,6.0791015625
115,4.6513671875,5.580078125,4.7978515625,5.583984375,6.15234375,5.994140625
116,4.7333984375,5.8115234375,5.1015625,5.935546875,6.34375,6.2685546875
117,4.5546875,5.5224609375,4.6318359375,5.486328125,6.2001953125,5.76953125
118,4.6435546875,5.6416015625,4.7607421875,5.6953125,6.2265625,5.91015625
119,4.576171875,5.6494140625,4.7890625,5.5361328125,6.2724609375,5.8671875
120,4.55078125,5.6044921875,4.8017578125,5.572265625,6.251953125,5.8681640625
121,4.642578125,5.6572265625,4.7392578125,5.6171875,6.2763671875,5.9716796875
122,4.59375,5.6640625,4.763671875,5.6533203125,6.1416015625,5.8974609375
123,4.5263671875,5.640625,4.7197265625,5.607421875,6.3681640625,5.8427734375
124,4.5810546875,5.7509765625,4.708984375,5.7041015625,6.2255859375,5.8623046875
125,4.5537109375,5.6142578125,4.7802734375,5.47265625,6.119140625,5.875
126,4.724609375,5.5927734375,4.78515625,5.6865234375,6.2734375,5.9208984375
127,4.5703125,5.6025390625,4.681640625,5.51171875,6.1513671875,5.818359375
128,4.6337890625,5.6298828125,4.919921875,5.69140625,6.1796875,5.76171875
129,4.5361328125,5.5859375,4.6259765625,5.5712890625,6.1611328125,5.9580078125
130,4.595703125,5.66015625,4.7265625,5.701171875,6.2314453125,6.00390625
131,4.5625,5.546875,4.666015625,5.544921875,6.0556640625,5.6689453125
132,4.5654296875,5.7373046875,4.724609375,5.6533203125,6.21875,5.7861328125
133,4.564453125,5.5458984375,4.6474609375,5.5537109375,6.095703125,5.80078125
134,4.59765625,5.6318359375,4.720703125,5.7744140625,6.04296875,5.7880859375
135,4.591796875,5.541015625,4.609375,5.4130859375,6.13671875,5.763671875
136,4.60546875,5.6259765625,4.6826171875,5.6318359375,6.1572265625,5.8203125
137,4.5869140625,5.5810546875,4.6865234375,5.375,6.1201171875,5.7109375
138,4.6015625,5.5380859375,4.5712890625,5.541015625,6.1806640625,5.7119140625
139,4.5927734375,5.7275390625,4.6611328125,5.388671875,5.9990234375,5.787109375
140,4.6748046875,5.6220703125,4.66796875,5.3369140625,6.064453125,5.5908203125
141,4.5576171875,5.5615234375,4.623046875,5.5263671875,6.0302734375,5.8779296875
142,4.5859375,5.5029296875,4.7119140625,5.5556640625,6.1513671875,5.6640625
143,4.5537109375,5.658203125,4.708984375,5.2958984375,6.0751953125,5.724609375
144,4.5634765625,5.4609375,4.720703125,5.5205078125,6.0849609375,5.6865234375
145,4.603515625,5.693359375,4.599609375,5.3115234375,6.119140625,5.7060546875
146,4.5068359375,5.5625,4.611328125,5.5390625,6.0869140625,5.8134765625
147,4.58203125,5.4296875,4.7763671875,5.3046875,6.0263671875,5.513671875
148,4.5859375,5.453125,4.671875,5.275390625,6.13671875,5.5830078125
149,4.59375,5.53125,4.6806640625,5.3857421875,6.03125,5.705078125
150,4.55859375,5.615234375,4.6572265625,5.310546875,6.0771484375,5.5927734375
151,4.56640625,5.388671875,4.6484375,5.423828125,6.0400390625,5.6259765625
152,4.59765625,5.4384765625,4.5703125,5.3193359375,6.0322265625,5.6943359375
153,4.5849609375,5.4873046875,4.67578125,5.361328125,6.091796875,5.5322265625
154,4.560546875,5.478515625,4.73046875,5.2880859375,6.095703125,5.7021484375
155,4.4921875,5.484375,4.640625,5.4130859375,6.0341796875,5.3349609375
156,4.595703125,5.517578125,4.705078125,5.279296875,6.0888671875,5.5517578125
157,4.548828125,5.4326171875,4.6689453125,5.4365234375,6.0634765625,5.5
158,4.55078125,5.509765625,4.716796875,5.3115234375,6.07421875,5.7001953125
159,4.6767578125,5.3349609375,4.5537109375,5.3623046875,6.0849609375,5.3701171875
160,4.5966796875,5.5498046875,4.72265625,5.296875,6.1064453125,5.4892578125
161,4.5693359375,5.4140625,4.6171875,5.2939453125,6.0908203125,5.560546875
162,4.642578125,5.576171875,4.73046875,5.2177734375,6.125,5.6083984375
163,4.630859375,5.330078125,4.5791015625,5.373046875,6.068359375,5.423828125
164,4.6142578125,5.552734375,4.6484375,5.421875,6.037109375,5.62890625
165,4.59765625,5.357421875,4.5771484375,5.0927734375,6.1162109375,5.234375
166,4.5615234375,5.5380859375,4.63671875,5.3466796875,6.0380859375,5.515625
167,4.5693359375,5.24609375,4.6103515625,5.126953125,6.0380859375,5.34765625
168,4.5830078125,5.361328125,4.6279296875,5.3876953125,6.0703125,5.3291015625
169,4.54296875,5.4833984375,4.611328125,5.130859375,6.142578125,5.4931640625
170,4.6142578125,5.4716796875,4.693359375,5.0947265625,6.0703125,5.5244140625
171,4.525390625,5.201171875,4.6748046875,5.3125,6.048828125,5.2939453125
172,4.5673828125,5.185546875,4.6943359375,5.1796875,6.09375,5.478515625
173,4.568359375,5.3974609375,4.64453125,5.197265625,6.0087890625,5.3447265625
174,4.515625,5.314453125,4.556640625,5.1923828125,6.060546875,5.4541015625
175,4.5576171875,5.1484375,4.6396484375,5.2607421875,6.02734375,5.2099609375
176,4.55078125,5.40234375,4.6533203125,5.1240234375,6.0419921875,5.365234375
177,4.5634765625,5.1572265625,4.5322265625,5.0927734375,6.04296875,5.2431640625
178,4.6064453125,5.1953125,4.650390625,5.0244140625,6.07421875,5.3974609375
179,4.5703125,5.2265625,4.59765625,5.234375,6.0068359375,5.3017578125
180,4.5146484375,5.3212890625,4.5712890625,5.0361328125,6.0869140625,5.486328125
181,4.552734375,5.1943359375,4.654296875,5.162109375,6.02734375,5.18359375
182,4.5615234375,5.4345703125,4.5673828125,5.2138671875,6.056640625,5.1943359375
183,4.6005859375,5.0126953125,4.6259765625,5.0556640625,6.0146484375,5.4287109375
184,4.556640625,5.1845703125,4.669921875,5.0185546875,6.072265625,5.2119140625
185,4.5712890625,4.9453125,4.5634765625,5.177734375,5.9990234375,5.2353515625
186,4.5859375,5.0634765625,4.6640625,5.1533203125,6.1083984375,5.345703125
187,4.603515625,5.123046875,4.5302734375,4.8857421875,6.0,5.18359375
188,4.580078125,5.1591796875,4.6416015625,5.099609375,6.1025390625,5.1865234375
189,4.5234375,5.0048828125,4.5654296875,5.0244140625,6.015625,5.3359375
190,4.6025390625,5.080078125,4.6708984375,5.0810546875,6.1298828125,5.2783203125
191,4.51953125,5.046875,4.5888671875,5.0146484375,6.0029296875,5.125
192,4.599609375,5.16015625,4.59375,5.046875,6.11328125,5.1962890625
193,4.6123046875,5.0712890625,4.6796875,5.0126953125,6.03515625,5.189453125
194,4.615234375,5.193359375,4.658203125,5.056640625,6.09375,5.2158203125
195,4.578125,5.0087890625,4.56640625,4.9814453125,5.98046875,5.1943359375
196,4.5205078125,5.2958984375,4.5859375,5.02734375,6.0185546875,5.203125
197,4.5107421875,4.8544921875,4.564453125,5.01171875,5.9853515625,5.2705078125
198,4.4697265625,4.8330078125,4.6015625,5.1630859375,6.08984375,5.1953125
199,4.501953125,4.978515625,4.61328125,4.9111328125,6.0146484375,5.1650390625
200,4.587890625,4.9130859375,4.66796875,5.224609375,5.9580078125,5.2666015625
201,4.5302734375,4.943359375,4.615234375,4.8525390625,5.9892578125,5.138671875
202,4.58203125,4.994140625,4.6044921875,5.0615234375,6.0341796875,5.2060546875
203,4.529296875,4.779296875,4.6455078125,4.8447265625,6.0556640625,5.24609375
204,4.5771484375,4.8994140625,4.669921875,5.078125,6.0556640625,5.3447265625
205,4.529296875,4.8447265625,4.5634765625,4.9033203125,5.984375,5.1064453125
206,4.50390625,4.8251953125,4.6142578125,5.0126953125,6.0224609375,5.3232421875
207,4.55859375,4.9365234375,4.5537109375,4.8193359375,6.0419921875,5.09375
208,4.5244140625,4.935546875,4.5888671875,5.00390625,6.072265625,5.19921875
209,4.5556640625,4.8505859375,4.5625,4.8740234375,6.0439453125,5.1298828125
210,4.5498046875,4.8203125,4.662109375,4.955078125,6.03125,5.2685546875
211,4.517578125,4.931640625,4.548828125,4.9345703125,6.03125,5.126953125
212,4.4921875,4.8544921875,4.580078125,4.9013671875,6.0732421875,5.1796875
213,4.515625,4.8134765625,4.6513671875,5.0263671875,6.0234375,5.17578125
214,4.5556640625,4.8642578125,4.619140625,4.8525390625,6.05078125,5.162109375
215,4.5517578125,4.7470703125,4.548828125,5.01953125,5.9931640625,5.2177734375
216,4.5712890625,4.830078125,4.6806640625,5.0205078125,6.0341796875,5.3984375
217,4.6337890625,4.80859375,4.5380859375,4.8095703125,6.0517578125,4.921875
218,4.564453125,4.896484375,4.599609375,4.890625,6.0185546875,5.078125
219,4.541015625,4.8056640625,4.609375,4.9140625,6.0556640625,5.0009765625
220,4.607421875,4.9111328125,4.5849609375,4.865234375,6.099609375,5.1630859375
221,4.56640625,4.7880859375,4.640625,4.912109375,5.9931640625,4.9228515625
222,4.5537109375,4.904296875,4.5654296875,4.93359375,6.0693359375,5.064453125
223,4.5810546875,4.78125,4.5869140625,4.7978515625,5.9912109375,4.994140625
224,4.53515625,4.7998046875,4.6044921875,4.9140625,6.0478515625,5.2099609375
225,4.5693359375,4.7890625,4.630859375,4.837890625,5.9853515625,4.8759765625
226,4.5537109375,4.9697265625,4.625,4.8447265625,6.017578125,5.26171875
227,4.55078125,4.72265625,4.5751953125,4.9384765625,6.064453125,4.896484375
228,4.5732421875,4.896484375,4.6279296875,4.8720703125,6.0068359375,4.953125
229,4.552734375,4.73828125,4.5068359375,4.8525390625,5.9990234375,4.9873046875
230,4.5849609375,4.8076171875,4.5791015625,4.94921875,6.0361328125,5.041015625
231,4.5654296875,4.9482421875,4.6162109375,4.7900390625,5.970703125,4.873046875
232,4.5458984375,4.9345703125,4.6123046875,4.8330078125,6.0322265625,4.873046875
233,4.5322265625,4.7685546875,4.58984375,4.84765625,6.0244140625,4.9619140625
234,4.5009765625,4.900390625,4.6123046875,4.9892578125,6.095703125,5.0546875
235,4.525390625,4.71875,4.501953125,4.77734375,6.0380859375,4.8447265625
236,4.5419921875,5.0078125,4.619140625,4.9326171875,6.05078125,4.921875
237,4.515625,4.7001953125,4.5478515625,4.748046875,6.0556640625,4.9013671875
238,4.5615234375,4.89453125,4.5732421875,4.7880859375,6.0576171875,4.8671875
239,4.55078125,4.6884765625,4.638671875,4.822265625,6.0146484375,4.9892578125
240,4.6630859375,4.7646484375,4.5556640625,5.0224609375,6.091796875,4.9443359375
241,4.498046875,4.7275390625,4.509765625,4.720703125,5.962890625,4.853515625
242,4.5771484375,4.779296875,4.607421875,4.7802734375,6.0341796875,4.9130859375
243,4.576171875,4.7919921875,4.5390625,4.880859375,6.0234375,4.8974609375
244,4.5703125,4.890625,4.5771484375,4.8271484375,6.0087890625,5.0517578125
245,4.5419921875,4.6943359375,4.5732421875,4.7763671875,6.052734375,4.830078125
246,4.466796875,4.7705078125,4.552734375,4.8837890625,6.0380859375,4.9345703125
247,4.52734375,4.7490234375,4.5693359375,4.74609375,5.9794921875,4.9384765625
248,4.4912109375,4.888671875,4.580078125,4.853515625,6.041015625,4.9384765625
249,4.5810546875,4.7451171875,4.5576171875,4.7451171875,6.033203125,4.830078125
250,4.564453125,4.814453125,4.630859375,4.8447265625,6.00390625,5.01171875
251,4.619140625,4.6806640625,4.5849609375,4.7841796875,5.98828125,4.8974609375
252,4.544921875,4.748046875,4.6337890625,4.7998046875,6.0390625,4.8876953125
253,4.5791015625,4.748046875,4.5732421875,4.869140625,6.0361328125,4.92578125
254,4.505859375,4.841796875,4.5849609375,4.986328125,6.0029296875,4.90234375
255,4.5966796875,4.7490234375,4.5380859375,4.654296875,5.951171875,4.8369140625
256,4.568359375,4.6806640625,4.6787109375,4.921875,6.0595703125,4.859375
257,4.5126953125,4.83984375,4.5859375,4.6044921875,6.025390625,4.958984375
258,4.595703125,4.8037109375,4.5703125,4.66015625,6.06640625,4.8779296875
259,4.583984375,4.7216796875,4.5830078125,4.7802734375,5.9375,4.9638671875
260,4.576171875,4.869140625,4.556640625,4.728515625,5.99609375,4.9091796875
261,4.5634765625,4.5625,4.5576171875,4.6337890625,6.00390625,4.8935546875
262,4.51171875,4.779296875,4.591796875,4.8046875,6.0576171875,4.8134765625
263,4.52734375,4.6748046875,4.5751953125,4.69140625,5.9501953125,4.90625
264,4.552734375,4.806640625,4.6025390625,4.8193359375,6.0205078125,4.80859375
265,4.5458984375,4.724609375,4.5283203125,4.603515625,6.015625,4.935546875
266,4.6025390625,4.6474609375,4.517578125,4.7265625,5.943359375,4.94140625
267,4.5595703125,4.744140625,4.587890625,4.603515625,6.0087890625,4.8046875
268,4.548828125,4.8271484375,4.5576171875,4.8388671875,6.0673828125,4.814453125
269,4.5546875,4.6611328125,4.5595703125,4.66015625,5.9716796875,4.9599609375
270,4.5791015625,4.80859375,4.560546875,4.7783203125,6.0537109375,4.9521484375
271,4.52734375,4.697265625,4.5458984375,4.673828125,6.046875,4.7236328125
272,4.56640625,4.619140625,4.626953125,4.6416015625,6.044921875,4.8828125
273,4.4794921875,4.73828125,4.5751953125,4.8330078125,5.97265625,4.8388671875
274,4.5830078125,4.7236328125,4.609375,4.7373046875,5.9365234375,4.8515625
275,4.5205078125,4.58984375,4.5673828125,4.6630859375,6.017578125,4.7607421875
276,4.5048828125,4.732421875,4.544921875,4.658203125,5.970703125,4.7509765625
277,4.560546875,4.6630859375,4.5390625,4.65234375,6.0078125,4.900390625
278,4.5791015625,4.7109375,4.5751953125,4.6533203125,6.0302734375,4.8134765625
279,4.640625,4.6201171875,4.607421875,4.71875,5.9892578125,4.802734375
280,4.576171875,4.6630859375,4.595703125,4.7705078125,5.939453125,4.91796875
281,4.5751953125,4.6484375,4.55078125,4.666015625,5.986328125,4.658203125
282,4.5576171875,4.751953125,4.5908203125,4.7197265625,6.05078125,4.9404296875
283,4.548828125,4.6884765625,4.6025390625,4.6650390625,6.048828125,4.603515625
284,4.5048828125,4.798828125,4.5791015625,4.75390625,5.9443359375,4.84765625
285,4.51953125,4.6865234375,4.5703125,4.62890625,6.017578125,4.7333984375
286,4.548828125,4.6943359375,4.55078125,4.7578125,6.0224609375,4.7998046875
287,4.5439453125,4.62109375,4.6142578125,4.626953125,5.9072265625,4.7392578125
288,4.50390625,4.6982421875,4.552734375,4.7177734375,5.96875,4.6416015625
289,4.533203125,4.60546875,4.587890625,4.5830078125,5.96484375,4.7705078125
290,4.59375,4.7470703125,4.599609375,4.6279296875,5.9658203125,4.79296875
291,4.52734375,4.625,4.595703125,4.7080078125,6.0146484375,4.6142578125
292,4.560546875,4.7822265625,4.5595703125,4.71484375,5.9697265625,4.787109375
293,4.5302734375,4.6240234375,4.580078125,4.6318359375,5.98046875,4.6630859375
294,4.6259765625,4.5751953125,4.6142578125,4.6669921875,5.9833984375,4.6943359375
295,4.5556640625,4.73828125,4.5634765625,4.6396484375,6.01953125,4.7529296875
296,4.56640625,4.67578125,4.576171875,4.7021484375,5.9423828125,4.73828125
297,4.4951171875,4.54296875,4.58203125,4.6494140625,5.98828125,4.7265625
298,4.578125,4.6708984375,4.5791015625,4.7353515625,5.984375,4.7353515625
299,4.5732421875,4.58984375,4.5673828125,4.64453125,5.919921875,4.7119140625
300,4.61328125,4.55859375,4.5703125,4.787109375,6.0234375,4.7158203125
301,4.5009765625,4.5556640625,4.5751953125,4.5751953125,5.931640625,4.71875
302,4.513671875,4.595703125,4.595703125,4.626953125,6.001953125,4.8388671875
303,4.5078125,4.638671875,4.5634765625,4.62109375,5.974609375,4.65625
304,4.58984375,4.6845703125,4.5888671875,4.6650390625,5.970703125,4.76171875
305,4.529296875,4.6513671875,4.6025390625,4.6484375,5.9443359375,4.5986328125
306,4.6103515625,4.6484375,4.6220703125,4.681640625,5.974609375,4.7744140625
307,4.5166015625,4.671875,4.5771484375,4.6533203125,5.9541015625,4.63671875
308,4.60546875,4.583984375,4.6259765625,4.712890625,6.0009765625,4.7421875
309,4.640625,4.611328125,4.529296875,4.5771484375,5.9697265625,4.6748046875
310,4.595703125,4.60546875,4.58203125,4.5791015625,5.9072265625,4.681640625
311,4.53125,4.6005859375,4.5185546875,4.6572265625,5.9716796875,4.7412109375
312,4.5361328125,4.7421875,4.595703125,4.669921875,6.0205078125,4.693359375
313,4.537109375,4.6220703125,4.5341796875,4.5927734375,5.9443359375,4.634765625
314,4.572265625,4.7412109375,4.5732421875,4.6630859375,5.984375,4.7998046875
315,4.5341796875,4.5751953125,4.5859375,4.5986328125,5.98828125,4.6005859375
316,4.6044921875,4.6416015625,4.5927734375,4.7412109375,6.0419921875,4.7421875
317,4.583984375,4.5615234375,4.6083984375,4.5869140625,5.9169921875,4.68359375
318,4.59765625,4.7333984375,4.5927734375,4.6455078125,5.9814453125,4.677734375
319,4.5673828125,4.63671875,4.5859375,4.5693359375,6.0,4.66015625
320,4.564453125,4.5810546875,4.6162109375,4.7353515625,6.013671875,4.6201171875
321,4.5400390625,4.6201171875,4.5634765625,4.599609375,5.865234375,4.7724609375
322,4.5400390625,4.6044921875,4.595703125,4.6552734375,5.9169921875,4.75
323,4.5107421875,4.6474609375,4.5498046875,4.625,6.025390625,4.6376953125
324,4.5048828125,4.6845703125,4.591796875,4.74609375,5.9794921875,4.6767578125
325,4.513671875,4.5908203125,4.54296875,4.5732421875,5.9658203125,4.6396484375
326,4.5654296875,4.595703125,4.568359375,4.7431640625,6.0458984375,4.728515625
327,4.6083984375,4.57421875,4.5458984375,4.5830078125,5.8623046875,4.69140625
328,4.6025390625,4.6220703125,4.5205078125,4.7041015625,5.970703125,4.6572265625
329,4.5654296875,4.611328125,4.53515625,4.5400390625,5.8818359375,4.64453125
330,4.560546875,4.6337890625,4.58984375,4.71484375,5.9365234375,4.7001953125
331,4.517578125,4.6025390625,4.625,4.5634765625,5.9150390625,4.63671875
332,4.6162109375,4.6474609375,4.537109375,4.6591796875,6.0263671875,4.6708984375
333,4.5419921875,4.599609375,4.5205078125,4.6337890625,5.9580078125,4.6533203125
334,4.525390625,4.6484375,4.541015625,4.6171875,5.9912109375,4.693359375
335,4.515625,4.6083984375,4.5537109375,4.5927734375,5.9462890625,4.65625
336,4.5166015625,4.6494140625,4.5693359375,4.69921875,5.96875,4.751953125
337,4.5625,4.59765625,4.591796875,4.5654296875,5.890625,4.6044921875
338,4.576171875,4.65625,4.5263671875,4.681640625,5.99609375,4.626953125
339,4.55859375,4.5732421875,4.5673828125,4.5869140625,5.8076171875,4.6923828125
340,4.5439453125,4.6806640625,4.55859375,4.7509765625,5.9384765625,4.6953125
341,4.544921875,4.5869140625,4.5791015625,4.5595703125,5.9072265625,4.6689453125
342,4.5546875,4.6484375,4.5556640625,4.65625,5.908203125,4.751953125
343,4.5517578125,4.5712890625,4.5849609375,4.572265625,5.8984375,4.6083984375
344,4.57421875,4.634765625,4.603515625,4.6376953125,5.9921875,4.740234375
345,4.513671875,4.578125,4.5087890625,4.6337890625,5.84765625,4.6455078125
346,4.560546875,4.6748046875,4.58984375,4.650390625,5.9033203125,4.6728515625
347,4.51171875,4.619140625,4.5966796875,4.5859375,5.8974609375,4.6279296875
348,4.5615234375,4.5751953125,4.58984375,4.6455078125,5.9462890625,4.740234375
349,4.51953125,4.5322265625,4.55078125,4.6044921875,5.8701171875,4.677734375
350,4.5732421875,4.5634765625,4.578125,4.6103515625,5.9619140625,4.609375
351,4.4775390625,4.6435546875,4.560546875,4.6025390625,5.86328125,4.6689453125
352,4.580078125,4.576171875,4.52734375,4.69921875,5.9609375,4.6611328125
353,4.494140625,4.576171875,4.55078125,4.5654296875,5.787109375,4.66796875
354,4.6142578125,4.65234375,4.5546875,4.7021484375,5.8974609375,4.7177734375
355,4.4833984375,4.583984375,4.5244140625,4.5810546875,5.87109375,4.6083984375
356,4.5654296875,4.6181640625,4.548828125,4.669921875,5.927734375,4.6904296875
357,4.548828125,4.5478515625,4.5068359375,4.5615234375,5.8037109375,4.6572265625
358,4.5087890625,4.6484375,4.6005859375,4.71875,5.9423828125,4.6728515625
359,4.5224609375,4.5361328125,4.5810546875,4.564453125,5.796875,4.6728515625
360,4.576171875,4.62890625,4.576171875,4.66796875,5.9287109375,4.6650390625
361,4.498046875,4.56640625,4.546875,4.568359375,5.822265625,4.693359375
362,4.5419921875,4.5859375,4.6376953125,4.640625,5.8046875,4.6171875
363,4.546875,4.623046875,4.5654296875,4.578125,5.8974609375,4.6591796875
364,4.5751953125,4.5703125,4.533203125,4.650390625,5.880859375,4.7041015625
365,4.5703125,4.6220703125,4.5107421875,4.560546875,5.8603515625,4.6328125
366,4.595703125,4.5751953125,4.5849609375,4.609375,5.9345703125,4.6826171875
367,4.509765625,4.5712890625,4.5576171875,4.5390625,5.8271484375,4.6669921875
368,4.5234375,4.583984375,4.560546875,4.6416015625,5.8662109375,4.6630859375
369,4.494140625,4.6328125,4.55078125,4.5556640625,5.8857421875,4.646484375
370,4.61328125,4.6083984375,4.55078125,4.6669921875,5.8720703125,4.755859375
371,4.5380859375,4.609375,4.6298828125,4.6259765625,5.875,4.6064453125
372,4.5908203125,4.6435546875,4.5634765625,4.5966796875,5.9150390625,4.66015625
373,4.5546875,4.5751953125,4.546875,4.6484375,5.833984375,4.69140625
374,4.5205078125,4.625,4.5029296875,4.5966796875,5.8779296875,4.67578125
375,4.51953125,4.6376953125,4.5166015625,4.5625,5.8212890625,4.599609375
376,4.5595703125,4.61328125,4.5849609375,4.681640625,5.84375,4.7197265625
377,4.525390625,4.6396484375,4.5537109375,4.548828125,5.837890625,4.58203125
378,4.552734375,4.5546875,4.5595703125,4.646484375,5.814453125,4.6328125
379,4.5546875,4.560546875,4.5302734375,4.5625,5.87890625,4.666015625
380,4.5859375,4.5908203125,4.5458984375,4.642578125,5.900390625,4.72265625
381,4.5654296875,4.5771484375,4.5986328125,4.6015625,5.85546875,4.59375
382,4.525390625,4.630859375,4.59765625,4.607421875,5.865234375,4.6376953125
383,4.515625,4.56640625,4.60546875,4.5556640625,5.876953125,4.6015625
384,4.5869140625,4.6044921875,4.5732421875,4.6142578125,5.97265625,4.646484375
385,4.6005859375,4.6123046875,4.576171875,4.568359375,5.7744140625,4.677734375
386,4.576171875,4.5947265625,4.544921875,4.6259765625,5.8974609375,4.6396484375
387,4.5517578125,4.5654296875,4.568359375,4.6025390625,5.8310546875,4.6416015625
388,4.5625,4.6318359375,4.6064453125,4.615234375,5.9765625,4.59375
389,4.5126953125,4.5537109375,4.576171875,4.630859375,5.8076171875,4.69140625
390,4.55078125,4.697265625,4.5634765625,4.6103515625,5.8896484375,4.7138671875
391,4.587890625,4.5693359375,4.5791015625,4.640625,5.7353515625,4.658203125
392,4.5478515625,4.599609375,4.5302734375,4.6552734375,5.79296875,4.6376953125
393,4.5205078125,4.62109375,4.544921875,4.578125,5.80859375,4.5947265625
394,4.5712890625,4.626953125,4.5732421875,4.6494140625,5.869140625,4.6201171875
395,4.556640625,4.533203125,4.544921875,4.60546875,5.818359375,4.662109375
396,4.59375,4.5771484375,4.5966796875,4.607421875,5.9208984375,4.701171875
397,4.5458984375,4.603515625,4.533203125,4.62890625,5.7978515625,4.60546875
398,4.564453125,4.60546875,4.54296875,4.6494140625,5.8359375,4.701171875
399,4.6044921875,4.5791015625,4.5498046875,4.5244140625,5.7919921875,4.5595703125
400,4.5654296875,4.609375,4.5732421875,4.6484375,5.8115234375,4.6728515625
401,4.521484375,4.57421875,4.6083984375,4.5693359375,5.853515625,4.59375
402,4.568359375,4.6064453125,4.6298828125,4.6142578125,5.814453125,4.638671875
403,4.603515625,4.5888671875,4.5712890625,4.5625,5.7861328125,4.5869140625
404,4.5693359375,4.6279296875,4.595703125,4.6201171875,5.8828125,4.65234375
405,4.4970703125,4.5654296875,4.5908203125,4.5859375,5.7578125,4.634765625
406,4.5693359375,4.6474609375,4.552734375,4.6171875,5.9267578125,4.6484375
407,4.513671875,4.572265625,4.5419921875,4.5849609375,5.7275390625,4.6552734375
408,4.5888671875,4.54296875,4.50390625,4.6416015625,5.86328125,4.7353515625
409,4.580078125,4.5439453125,4.5439453125,4.59765625,5.775390625,4.626953125
410,4.591796875,4.5830078125,4.591796875,4.5908203125,5.8271484375,4.6806640625
411,4.5380859375,4.611328125,4.525390625,4.6015625,5.6904296875,4.5966796875
412,4.5625,4.6162109375,4.59375,4.62109375,5.83203125,4.6904296875
413,4.5439453125,4.5673828125,4.5869140625,4.6025390625,5.736328125,4.5595703125
414,4.5341796875,4.62109375,4.546875,4.7138671875,5.7490234375,4.6640625
415,4.5263671875,4.5859375,4.54296875,4.609375,5.7421875,4.6142578125
416,4.537109375,4.609375,4.5703125,4.66796875,5.7353515625,4.625
417,4.533203125,4.61328125,4.564453125,4.541015625,5.814453125,4.6103515625
418,4.6015625,4.521484375,4.6455078125,4.5693359375,5.697265625,4.7080078125
419,4.6025390625,4.5869140625,4.541015625,4.5546875,5.767578125,4.5771484375
420,4.53125,4.6904296875,4.5244140625,4.64453125,5.7734375,4.671875
421,4.509765625,4.5439453125,4.5302734375,4.552734375,5.767578125,4.5830078125
422,4.5458984375,4.580078125,4.556640625,4.6240234375,5.798828125,4.68359375
423,4.52734375,4.5859375,4.546875,4.5625,5.7041015625,4.5439453125
424,4.5751953125,4.6005859375,4.5703125,4.66796875,5.6806640625,4.578125
425,4.5927734375,4.603515625,4.5419921875,4.61328125,5.830078125,4.607421875
426,4.52734375,4.572265625,4.5087890625,4.625,5.8056640625,4.66796875
427,4.5224609375,4.5439453125,4.5224609375,4.59375,5.775390625,4.5927734375
428,4.529296875,4.5205078125,4.5693359375,4.603515625,5.73046875,4.658203125
429,4.5556640625,4.5859375,4.568359375,4.60546875,5.7119140625,4.5986328125
430,4.58984375,4.5810546875,4.5458984375,4.6396484375,5.8134765625,4.580078125
431,4.58984375,4.580078125,4.595703125,4.646484375,5.6630859375,4.65625
432,4.53515625,4.5966796875,4.6044921875,4.623046875,5.7734375,4.6044921875
433,4.4853515625,4.541015625,4.5791015625,4.6044921875,5.740234375,4.6025390625
434,4.595703125,4.5712890625,4.578125,4.6171875,5.75,4.5810546875
435,4.5400390625,4.48828125,4.5244140625,4.58984375,5.736328125,4.607421875
436,4.53125,4.5947265625,4.5068359375,4.68359375,5.8603515625,4.6875
437,4.509765625,4.63671875,4.5654296875,4.6142578125,5.6904296875,4.5732421875
438,4.537109375,4.6259765625,4.5390625,4.6923828125,5.70703125,4.5830078125
439,4.5087890625,4.6044921875,4.53125,4.58984375,5.7275390625,4.6025390625
440,4.501953125,4.5712890625,4.5517578125,4.6923828125,5.8203125,4.6015625
441,4.5458984375,4.5498046875,4.5234375,4.544921875,5.759765625,4.5859375
442,4.5380859375,4.6142578125,4.6083984375,4.55859375,5.779296875,4.630859375
443,4.5263671875,4.5947265625,4.552734375,4.6201171875,5.76953125,4.6337890625
444,4.505859375,4.623046875,4.5693359375,4.6728515625,5.7412109375,4.6494140625
445,4.5234375,4.59765625,4.5927734375,4.546875,5.7666015625,4.5732421875
446,4.564453125,4.6201171875,4.5244140625,4.6591796875,5.794921875,4.634765625
447,4.564453125,4.607421875,4.5634765625,4.630859375,5.720703125,4.638671875
448,4.5439453125,4.6767578125,4.5625,4.5791015625,5.7392578125,4.6923828125
449,4.5517578125,4.56640625,4.556640625,4.5595703125,5.775390625,4.55078125
450,4.5498046875,4.5908203125,4.564453125,4.6982421875,5.787109375,4.6240234375
451,4.5673828125,4.548828125,4.5732421875,4.6142578125,5.779296875,4.6630859375
452,4.5166015625,4.5615234375,4.5263671875,4.6162109375,5.8427734375,4.611328125
453,4.4755859375,4.576171875,4.54296875,4.62109375,5.681640625,4.6083984375
454,4.5478515625,4.58984375,4.5966796875,4.701171875,5.814453125,4.650390625
455,4.5634765625,4.5244140625,4.560546875,4.599609375,5.759765625,4.6240234375
456,4.5537109375,4.60546875,4.5439453125,4.6044921875,5.8212890625,4.671875
457,4.5498046875,4.564453125,4.53515625,4.5927734375,5.5712890625,4.623046875
458,4.572265625,4.513671875,4.59765625,4.61328125,5.6904296875,4.66015625
459,4.5263671875,4.5654296875,4.5849609375,4.6005859375,5.7255859375,4.560546875
460,4.564453125,4.5869140625,4.576171875,4.64453125,5.6787109375,4.6611328125
461,4.5673828125,4.5576171875,4.5654296875,4.552734375,5.6806640625,4.6171875
462,4.5732421875,4.55078125,4.5537109375,4.625,5.720703125,4.6396484375
463,4.56640625,4.59375,4.5634765625,4.6025390625,5.689453125,4.6318359375
464,4.5576171875,4.5791015625,4.5810546875,4.677734375,5.6767578125,4.595703125
465,4.5654296875,4.5615234375,4.5703125,4.607421875,5.73828125,4.626953125
466,4.5048828125,4.5830078125,4.478515625,4.5634765625,5.7333984375,4.642578125
467,4.537109375,4.5361328125,4.52734375,4.6171875,5.65234375,4.6162109375
468,4.533203125,4.609375,4.5830078125,4.5556640625,5.6845703125,4.5625
469,4.5146484375,4.5517578125,4.5556640625,4.625,5.6962890625,4.5888671875
470,4.576171875,4.5615234375,4.5478515625,4.6884765625,5.720703125,4.712890625
471,4.591796875,4.517578125,4.5439453125,4.5361328125,5.7080078125,4.5546875
472,4.5546875,4.6064453125,4.5615234375,4.568359375,5.763671875,4.564453125
473,4.5771484375,4.6416015625,4.5595703125,4.5751953125,5.677734375,4.62890625
474,4.53125,4.576171875,4.51171875,4.6669921875,5.73046875,4.6826171875
475,4.5244140625,4.609375,4.5498046875,4.5498046875,5.609375,4.5771484375
476,4.5361328125,4.5517578125,4.61328125,4.626953125,5.7216796875,4.634765625
477,4.525390625,4.556640625,4.5341796875,4.6083984375,5.66796875,4.5673828125
478,4.546875,4.5703125,4.5703125,4.6142578125,5.7021484375,4.583984375
479,4.51171875,4.5947265625,4.5224609375,4.5849609375,5.703125,4.6044921875
480,4.5859375,4.6318359375,4.5224609375,4.685546875,5.744140625,4.6640625
481,4.5478515625,4.55078125,4.5068359375,4.5419921875,5.6103515625,4.5908203125
482,4.533203125,4.60546875,4.541015625,4.689453125,5.6484375,4.6328125
483,4.6181640625,4.5947265625,4.5400390625,4.5615234375,5.677734375,4.5859375
484,4.4736328125,4.5908203125,4.537109375,4.5439453125,5.728515625,4.5908203125
485,4.5771484375,4.5478515625,4.5859375,4.5498046875,5.6103515625,4.611328125
486,4.611328125,4.61328125,4.552734375,4.5810546875,5.6962890625,4.6591796875
487,4.6103515625,4.607421875,4.546875,4.5732421875,5.615234375,4.55859375
488,4.5595703125,4.619140625,4.53515625,4.5556640625,5.7099609375,4.6552734375
489,4.55078125,4.6123046875,4.5517578125,4.580078125,5.6328125,4.66796875
490,4.5830078125,4.58984375,4.6005859375,4.611328125,5.7158203125,4.6875
491,4.517578125,4.65234375,4.5537109375,4.5908203125,5.646484375,4.626953125
492,4.5732421875,4.703125,4.578125,4.5712890625,5.6708984375,4.6435546875
493,4.5234375,4.6171875,4.5771484375,4.515625,5.64453125,4.548828125
494,4.5615234375,4.6708984375,4.583984375,4.6142578125,5.6875,4.6337890625
495,4.498046875,4.548828125,4.6083984375,4.5908203125,5.6162109375,4.625
496,4.5458984375,4.55859375,4.556640625,4.6767578125,5.673828125,4.62890625
497,4.5458984375,4.576171875,4.5166015625,4.5595703125,5.6572265625,4.5927734375
498,4.548828125,4.619140625,4.6083984375,4.6572265625,5.6865234375,4.6181640625
499,4.583984375,4.5888671875,4.591796875,4.5791015625,5.6650390625,4.58203125
500,4.5380859375,4.5869140625,4.54296875,4.623046875,5.689453125,4.560546875
501,4.5771484375,4.578125,4.5341796875,4.541015625,5.6357421875,4.609375
502,4.4990234375,4.5634765625,4.548828125,4.5888671875,5.6845703125,4.591796875
503,4.515625,4.6083984375,4.5791015625,4.603515625,5.623046875,4.6005859375
504,4.5537109375,4.591796875,4.5556640625,4.6201171875,5.7041015625,4.6162109375
505,4.5947265625,4.5859375,4.5458984375,4.57421875,5.6015625,4.611328125
506,4.591796875,4.61328125,4.55078125,4.5693359375,5.6748046875,4.5771484375
507,4.552734375,4.578125,4.548828125,4.576171875,5.6123046875,4.62890625
508,4.5771484375,4.6181640625,4.5888671875,4.634765625,5.693359375,4.6279296875
509,4.533203125,4.6025390625,4.5888671875,4.5751953125,5.611328125,4.56640625
510,4.5,4.576171875,4.5849609375,4.6044921875,5.677734375,4.5947265625
511,4.5029296875,4.580078125,4.544921875,4.5927734375,5.5908203125,4.60546875
512,4.53515625,4.5146484375,4.6005859375,4.6328125,5.712890625,4.6171875
513,4.5986328125,4.56640625,4.5751953125,4.529296875,5.6357421875,4.64453125
514,4.5185546875,4.51953125,4.5791015625,4.6416015625,5.640625,4.658203125
515,4.53515625,4.63671875,4.6064453125,4.6162109375,5.6416015625,4.6025390625
516,4.5048828125,4.646484375,4.529296875,4.6533203125,5.583984375,4.6181640625
517,4.5341796875,4.5673828125,4.4921875,4.5322265625,5.6533203125,4.5576171875
518,4.509765625,4.6201171875,4.548828125,4.6142578125,5.654296875,4.638671875
519,4.541015625,4.546875,4.5869140625,4.5830078125,5.666015625,4.5810546875
520,4.50390625,4.5703125,4.52734375,4.716796875,5.6708984375,4.671875
521,4.5478515625,4.5625,4.515625,4.5634765625,5.5908203125,4.5419921875
522,4.5498046875,4.6396484375,4.5498046875,4.6025390625,5.650390625,4.6123046875
523,4.5712890625,4.57421875,4.5791015625,4.5693359375,5.642578125,4.5556640625
524,4.564453125,4.4775390625,4.5927734375,4.63671875,5.603515625,4.67578125
525,4.5029296875,4.5947265625,4.546875,4.537109375,5.650390625,4.5419921875
526,4.5537109375,4.5908203125,4.587890625,4.6357421875,5.748046875,4.64453125
527,4.546875,4.6220703125,4.5390625,4.5546875,5.578125,4.5830078125
528,4.533203125,4.5615234375,4.517578125,4.6005859375,5.6962890625,4.6103515625
529,4.591796875,4.560546875,4.5654296875,4.5361328125,5.5703125,4.5576171875
530,4.6298828125,4.58984375,4.5732421875,4.61328125,5.689453125,4.5947265625
531,4.537109375,4.6240234375,4.5400390625,4.560546875,5.6318359375,4.6142578125
532,4.59765625,4.564453125,4.5234375,4.58203125,5.62109375,4.64453125
533,4.5419921875,4.5810546875,4.546875,4.5146484375,5.6123046875,4.5771484375
534,4.4912109375,4.63671875,4.5234375,4.6640625,5.6484375,4.6259765625
535,4.5361328125,4.56640625,4.552734375,4.60546875,5.6064453125,4.5517578125
536,4.5244140625,4.6376953125,4.51953125,4.58984375,5.55859375,4.591796875
537,4.5205078125,4.572265625,4.5654296875,4.5869140625,5.6181640625,4.5888671875
538,4.5791015625,4.6044921875,4.572265625,4.6376953125,5.658203125,4.62890625
539,4.521484375,4.5419921875,4.5556640625,4.5537109375,5.611328125,4.5771484375
540,4.494140625,4.5966796875,4.58203125,4.5673828125,5.62109375,4.6259765625
541,4.54296875,4.6005859375,4.576171875,4.533203125,5.6064453125,4.58203125
542,4.578125,4.71484375,4.5830078125,4.5625,5.57421875,4.5986328125
543,4.599609375,4.595703125,4.5439453125,4.58203125,5.640625,4.583984375
544,4.5478515625,4.5576171875,4.5673828125,4.5478515625,5.646484375,4.6142578125
545,4.56640625,4.5625,4.5400390625,4.564453125,5.568359375,4.5576171875
546,4.5908203125,4.591796875,4.5302734375,4.5439453125,5.6259765625,4.6103515625
547,4.599609375,4.572265625,4.53515625,4.568359375,5.609375,4.583984375
548,4.5791015625,4.5283203125,4.556640625,4.5966796875,5.6357421875,4.615234375
549,4.5537109375,4.5810546875,4.5341796875,4.5810546875,5.5927734375,4.5634765625
550,4.4912109375,4.53515625,4.501953125,4.486328125,5.5498046875,4.5380859375
