,seed_28
0,13.731677463757734
1,12.72652636465144
2,13.086363837434153
3,13.699516075083142
4,12.268057466756497
5,14.270306123620362
6,13.713396851142207
7,13.298363602121631
8,13.682703153937375
9,13.204425553239817
10,12.59404988460561
11,13.867944240658376
12,12.63812668855651
13,14.063132752437618
14,13.472600332500642
15,12.946075180071192
16,13.558221400388609
17,13.375559207975924
18,13.323601537575788
19,13.124087567025628
20,12.505049764715935
21,13.938868070337017
22,13.62579634946836
23,13.426202878565341
24,13.908859713246898
25,12.818286827244387
26,13.243237574064915
27,13.451626157895546
28,13.475899262116668
29,13.258846880045391
30,13.838184812689072
31,12.895237155263665
32,12.977713558864194
33,14.143832586616789
34,12.86624467387926
35,13.448404007719306
36,13.484526398338396
37,13.189356425129128
38,12.66677052326898
39,13.886358615890773
40,12.731003781540224
41,14.25350912955737
42,13.440202576188227
43,13.623521900368383
44,12.759145427237062
45,13.721715374699853
46,13.496967070366136
47,12.99284097591795
48,13.797526829224244
49,12.919696319896266
50,13.137844691538652
51,14.078165287778145
52,13.227572169638718
53,12.782692741926056
54,12.721895981889261
55,13.052433959614005
56,12.834432637266731
57,12.72629458499606
58,13.226931079559009
59,12.281683577951991
60,11.476016395712499
61,13.213099558432194
62,11.388225960049182
63,11.140074256313163
64,11.534275515012295
65,10.952988571024928
66,11.387714880891519
67,10.790567308421574
68,11.26089618025086
69,10.59125855703741
70,11.108822950906642
71,10.875208524052463
72,10.876333607740696
73,10.876178518099657
74,10.60178171494617
75,11.104182919260607
76,10.935131374998239
77,10.72214934587109
78,11.014115218291211
79,10.4458883932152
80,10.826093966314659
81,10.621657003756942
82,11.077717391771937
83,10.280235622181488
84,10.424701183614406
85,10.442837865694981
86,10.614978840274905
87,10.410084370305734
88,10.344491548493282
89,10.360433526220103
90,10.138164105272963
91,10.684649908754297
92,9.765550516425696
93,10.653451701176236
94,9.800780221988935
95,9.974202801881663
96,9.847268779346495
97,9.802832289547673
98,9.78584430218332
99,10.163933697868783
100,9.761087261839632
101,9.603182101982311
102,10.130660983052321
103,9.64036877357535
104,9.437768934372281
105,9.690788635267662
106,9.825246941139609
107,9.268009319849583
108,9.233681309141762
109,9.511679984987333
110,9.436903775002927
111,9.380820582927534
112,9.484092120481495
113,9.457697997970156
114,9.661127089235226
115,9.07931433567817
116,9.43848821493597
117,9.19783853048651
118,9.69666406675775
119,9.042911871389029
120,9.017064632420345
121,9.46291994102075
122,9.440463985844557
123,8.779889544931638
124,8.61134838488503
125,9.285529228391981
126,8.701582019194307
127,9.302586938909656
128,8.413649129471914
129,8.844542649356942
130,8.313196528392375
131,9.063568303542318
132,8.875139079866845
133,7.934753004050048
134,7.988995013317048
135,8.369133395324045
136,8.211282592485837
137,7.962000503932855
138,8.342292351249466
139,8.02207872226681
140,8.062424509712
141,8.080961811549168
142,7.820876998189723
143,8.277391286227603
144,7.883193845407902
145,8.136247414032933
146,8.014332323228285
147,7.931687083759847
148,8.131883692069337
149,7.981350752060321
150,7.761678714580675
151,8.371317861632823
152,8.174260894655639
153,7.549119861786591
154,7.553252175064697
155,8.017333673523972
156,8.110990496645327
157,7.237248090822846
158,7.575259166537609
159,7.432815945959338
160,7.722376280902513
161,7.401173788812649
162,7.400547198050881
163,7.789842625926008
164,7.681019927651813
165,7.175500691688938
166,7.329642366295337
167,7.396358908800541
168,7.777215806515449
169,6.935998493135743
170,7.367887462822569
171,6.943740810430822
172,7.23220841381288
173,7.1938430766414845
174,7.159905244159864
175,7.256786502191463
176,7.4312147062959
177,7.037809353406618
178,6.864089587083152
179,7.392660403220949
180,7.229457525312208
181,7.090287306566776
182,7.200331345790103
183,6.941646488718646
184,7.023708544327561
185,7.292684730921465
186,6.865222356009033
187,7.007535815444203
188,7.033618343132642
189,7.134991561245307
190,7.069301623253122
191,6.90032620542051
192,7.238683760945848
193,6.905675950231348
194,7.409165407331072
195,6.514500729947252
196,7.026463251091127
197,6.7534533076010055
198,7.092498243393271
199,6.635427135354356
200,7.089450137436213
201,6.5436777199317815
202,7.256464492120869
203,6.198419972373786
204,6.515349389790761
205,6.6485243680682595
206,6.521502394302751
207,6.50950770885157
208,6.925166946756481
209,6.153444719582626
210,6.033798748455384
211,6.736517315484306
212,6.315034344839822
213,6.140028520795312
214,6.362924526646427
215,6.4474130445981235
216,6.853692514016153
217,5.736217545569968
218,6.403770263782343
219,5.840555401585127
220,5.93014717880748
221,5.965988730975253
222,5.619668655050911
223,6.204171412451276
224,5.461839772574011
225,6.332077810895794
226,5.886153359771122
227,5.661113766846532
228,5.930434588416184
229,5.329791965699597
230,5.595677489965567
231,5.6536013534024345
232,6.052573163375757
233,5.217394626464687
234,5.805410611562434
235,5.361976643835338
236,5.62832032855579
237,5.337468198512724
238,5.352964085095682
239,5.537265254024018
240,5.778895454365519
241,5.1746110742328195
242,5.402410542304776
243,5.338909140471232
244,5.203509604033537
245,5.603845584336111
246,5.507981736903338
247,5.413338398490496
248,5.27296416373479
249,5.45422838083693
250,5.361798106129398
251,5.3386415315100155
252,5.506359144104268
253,5.258816089144156
254,5.377257113342528
255,5.2085601495668925
256,5.459115076081002
257,5.18252818132503
258,5.183364699875804
259,5.384130200332941
260,5.653180630080823
261,5.0307283059867185
262,5.108285046064834
263,5.533592598744622
264,4.882694757836864
265,5.5485152753997244
266,5.298958185016998
267,4.799458539897222
268,5.047607410134231
269,5.120032135355548
270,5.156678898043256
271,4.868664478638546
272,5.349297338447578
273,4.697850014660256
274,4.870556256095409
275,4.976639182152282
276,4.8727823595473545
277,4.989788688293599
278,4.983363830183423
279,4.8605866691855235
280,4.860038205786358
281,5.072880020898316
282,5.009426119824828
283,4.820817267703135
284,4.818223884420121
285,4.985556845977049
286,4.791861609542489
287,4.976958984003387
288,5.074312298199368
289,4.681819293015224
290,4.931610614163751
291,4.788718558782065
292,4.882411565003113
293,4.696564244438281
294,4.618158850977016
295,5.156120104159093
296,4.623485265010665
297,4.962915090839473
298,4.658998810132013
299,4.790981945172329
300,4.60140302127747
301,4.833288457307101
302,4.571278839507756
303,4.8398972923243555
304,4.744886799537071
305,4.6581137044620835
306,4.844864804230822
307,4.472847308455582
308,4.518218110218544
309,4.8321603326224984
310,4.758496945211331
311,4.494763906478484
312,4.693817790267995
313,4.495798463407324
314,4.958650387754709
315,4.337175465409539
316,4.595331592266698
317,4.507301992802141
318,4.453964139215172
319,4.600153331256202
320,4.682424064660066
321,4.474788168549235
322,4.73723729364644
323,4.40186136307026
324,4.477336505549105
325,4.637840128791938
326,4.468255204056891
327,4.503955738021908
328,4.660865910272349
329,4.461668410165947
330,4.690744843623755
331,4.310796516332565
332,4.580461710039146
333,4.339421734981975
334,4.606286045813466
335,4.424225669784376
336,4.618853413091309
337,4.308603240180687
338,4.672794023661526
339,4.273558863155159
340,4.318167884469121
341,4.519095670016649
342,4.412549671069045
343,4.424238531931487
344,4.496493553864881
345,4.321718745031927
346,4.52192565843055
347,4.323469294014212
348,4.3327677798338575
349,4.502225659647804
350,4.458455256918984
351,4.357675303347848
352,4.789875972092763
353,4.064628269371128
354,4.274331805241739
355,4.410072903990266
356,4.573205924536366
357,4.175770164112775
358,4.5152215708791275
359,4.110149593431187
360,4.324387745688731
361,4.139288599627584
362,4.196833588014204
363,4.409426717333826
364,4.317067706353941
365,4.315860002483019
366,4.294260312347694
367,4.190259108302944
368,4.185812231868765
369,4.354331801154228
370,4.4374116603579
371,3.919159463024399
372,4.453976597103923
373,3.9784588434369734
374,4.158688533570512
375,4.188812578102234
376,4.094631293339357
377,4.277923231402941
378,4.428000069900011
379,3.9458638529912182
380,4.124912462835742
381,4.13120160160023
382,4.247612999381469
383,4.080234168787964
384,4.1402975561153745
385,4.157269672218869
386,4.272168386471264
387,4.080801545512617
388,4.12352292934652
389,4.199317708755675
390,4.242606677223674
391,3.954462510352766
392,4.140525252121091
393,4.157376485541477
394,4.293278413559576
395,3.9958247843450656
396,4.074870668943967
397,4.182221150189416
398,4.183369255493834
399,4.069323536036554
400,4.367041292653362
401,3.9307579824874024
402,4.103616490975748
403,4.052407994579958
404,4.238814825637454
405,3.9410257129382598
406,3.9406242299130905
407,4.256965196031854
408,4.017262157006544
409,4.116549205704458
410,3.9411380486621255
411,4.05661827088925
412,4.090224304721921
413,4.050351723014998
414,4.194555899892417
415,3.8785691789928443
416,4.0127146259236515
417,4.015584637880068
418,3.9973447901337296
419,4.079719475839389
420,3.9823698298978862
421,4.193428734514258
422,4.328209406334647
423,3.8314549570638756
424,3.9164899277726186
425,4.084956354692265
426,4.155341206192587
427,3.892532925129181
428,3.885493785776571
429,4.037080371702452
430,4.04045340118346
431,3.844654967446941
432,4.012934812770681
433,3.863547323801836
434,3.882923167647412
435,4.091379012086385
436,4.132956757090281
437,3.7781734665710824
438,3.9954879901657834
439,3.853631584505202
440,4.029351081818965
441,3.803271491746684
442,3.933192841252955
443,3.848632217839941
444,4.1390594211368965
445,3.7139793228935116
446,4.002994322552481
447,3.7994109532724756
448,3.7311835806040317
449,3.9013945180357896
450,3.8369067286042444
451,3.934350017812548
452,3.9927525969076703
453,3.856372412213568
454,3.9066370281542104
455,3.867451941676649
456,4.115493706852996
457,3.6011757832232947
458,3.850186260436671
459,3.7814054598397835
460,3.8666891284256946
461,3.7379804491824506
462,3.691134674191575
463,3.864409218295903
464,3.8682030423789167
465,3.702970059329446
466,3.696037765231075
467,3.8441890492546613
468,3.754122863590377
469,3.872216577351794
470,3.6765202696266175
471,3.9115598488624004
472,3.8279340973368385
473,3.713213340199234
474,3.768123470934324
475,3.8256087764216877
476,3.685869560922742
477,3.908110023522922
478,3.74610039660568
479,3.8549880918198896
480,3.8624326301335596
481,3.7649129180211722
482,3.887251033206786
483,3.680015050580902
484,3.9546793875220088
485,3.6512190525799095
486,3.8382296580273763
487,3.769942161896956
488,3.6951703665456286
489,3.7893395377761103
490,3.733865277979039
491,3.7320759362832066
492,3.5854243560474246
493,3.854702592756695
494,3.6810678364474363
495,3.7507603044631423
496,3.978291095596836
497,3.6140518062065263
498,3.6030881183957453
499,3.8504918318311803
500,3.6369886265456586
501,3.8032904582009874
502,3.766815767826698
503,3.6481055805666998
504,3.7171138934422467
505,3.6481298573931267
506,3.611295401748559
507,3.7697265854245217
508,3.8000644150363505
509,3.580096652655029
510,3.6796947571573484
511,3.6834862577918455
512,3.7207919706746284
513,3.752859113659217
514,3.621226461156438
515,3.793327111737812
516,3.7631912316925997
517,3.591966391037111
518,3.655392827181327
519,3.735493495969525
520,3.619419135975373
521,3.7377980393608925
522,3.6756955875423447
523,3.7163219464901966
524,3.800754087020481
525,3.5519266658004014
526,3.7784677698873352
527,3.5864710795316204
528,3.5272562212652767
529,3.8351796408854972
530,3.631800471825795
531,3.673476525559782
532,3.585298690372452
533,3.6022217183082077
534,3.5789850388591655
535,3.646131634002073
536,3.807998255612386
537,3.542819592038698
538,3.6833648429966077
539,3.61761356247614
540,3.7876708578298026
541,3.506801642348731
542,3.834036522434118
543,3.5008597970158486
544,3.6342254934475804
545,3.6278846689481177
546,3.5657868375062765
547,3.631999066726152
548,3.666671894891097
549,3.6563734656996973
550,3.338036075065244
