,seed_28,seed_170,seed_225,seed_188,seed_18,seed_38,seed_48,seed_58
0,20.85123253009916,18.700045744715627,17.267390512257812,14.229642508583813,14.044901763196384,21.17008557991072,17.460052254113577,22.85381785946338
1,20.739240956147988,18.2278498800049,16.97434543046861,14.012273708424301,13.856411635747838,20.771567780738998,17.67331489157603,21.59495127447331
2,22.701043950721434,18.981003607658057,18.517754806406387,14.750677773564583,12.4907050364475,19.387823362314958,16.18597721436979,20.514416379685148
3,20.47405510711051,18.023108148824104,17.150699563072244,12.966564797141006,12.383300007248595,19.73137738386368,16.009048629526607,20.605647877060708
4,19.252317453212065,18.394364078191817,15.062420163236705,14.876541750321813,13.002605203781012,17.976357455890003,14.230518883056092,20.274551251715835
5,18.876387311027578,18.090456171679072,14.80379428560046,14.215969452386819,13.21180261652839,18.30984642292409,14.119765135744354,19.43155829993716
6,16.886815837095575,15.695971515203919,12.986100066724312,15.688522363670275,13.587135836997444,16.67239822368898,12.847700118315924,21.22408171611953
7,16.44268251207075,15.521116202595044,13.247248635420585,14.010857643186073,13.588248874715003,16.591055221331114,13.870202757438015,19.84544801341006
8,16.07406348400508,16.8431069625658,14.034250051696526,14.854886401458657,13.95576406648379,15.89641433372907,14.729532056554099,17.88334541178623
9,16.8278734081919,16.886996397576688,12.984684748492466,12.94072247565986,11.363845687216473,16.210399726395778,12.723917957606032,17.634375873680117
10,17.049364148793575,17.71043680279641,11.81653811761547,11.847588303962743,13.028896051981075,14.74647328244515,14.074063671417106,16.644279188730895
11,16.52723128113124,15.888652255737643,12.264579311798666,12.21640190949014,11.34320265389116,14.709620923234938,12.764551295040082,17.05169847962637
12,14.080873915634113,13.47232774781077,11.457540188805343,12.74986771898913,11.006283196424231,15.409642305983445,13.309605069570372,18.48691554050777
13,14.080873915634113,13.47232774781077,11.457540188805343,11.847588303962743,11.006283196424231,14.709620923234938,12.723917957606032,16.644279188730895
14,14.080873915634113,13.47232774781077,11.457540188805343,11.847588303962743,11.006283196424231,14.709620923234938,12.723917957606032,16.644279188730895
15,14.080873915634113,13.47232774781077,11.457540188805343,11.847588303962743,11.006283196424231,14.709620923234938,12.723917957606032,16.644279188730895
16,14.080873915634113,13.47232774781077,11.457540188805343,11.847588303962743,11.006283196424231,14.709620923234938,12.723917957606032,16.644279188730895
17,14.080873915634113,13.47232774781077,11.457540188805343,11.847588303962743,11.006283196424231,14.709620923234938,12.723917957606032,16.644279188730895
18,14.080873915634113,13.47232774781077,11.457540188805343,11.847588303962743,11.006283196424231,14.709620923234938,12.723917957606032,16.644279188730895
19,14.080873915634113,13.47232774781077,11.457540188805343,11.847588303962743,11.006283196424231,14.709620923234938,12.723917957606032,16.644279188730895
20,14.080873915634113,13.47232774781077,11.457540188805343,11.847588303962743,11.006283196424231,14.709620923234938,12.723917957606032,16.644279188730895
21,14.080873915634113,13.47232774781077,11.457540188805343,11.847588303962743,11.006283196424231,14.709620923234938,12.723917957606032,16.644279188730895
22,14.080873915634113,13.47232774781077,11.457540188805343,11.847588303962743,11.006283196424231,14.709620923234938,12.723917957606032,16.644279188730895
23,14.080873915634113,13.47232774781077,11.457540188805343,11.847588303962743,11.006283196424231,14.709620923234938,12.723917957606032,16.644279188730895
24,14.080873915634113,13.47232774781077,11.457540188805343,11.847588303962743,11.006283196424231,14.709620923234938,12.723917957606032,16.644279188730895
25,14.345092484481762,13.231426986475284,10.674142627141116,11.483365739515781,10.568827109736565,14.644023277625982,12.441555466572098,16.27619828405058
26,16.027716146262154,13.99709449941985,11.787878455703893,11.590637789726657,10.297574567897765,15.73545113985307,11.948656603471155,14.30047499738172
27,13.665718144287386,12.952007774361894,11.407100445802676,10.790626528421955,10.121427319138602,14.443638244397578,11.995686916540867,14.553321028672157
28,13.20425580749841,12.14066722411436,11.316779027604053,12.886009698666827,10.605058850530305,14.893923781554786,11.7866856193841,12.49758482961414
29,13.51364985150573,11.911572265206962,10.473594004680484,11.575335076426317,10.797021062759818,13.835382851907225,11.698634826503742,13.035995432316337
30,12.47097825770942,11.451948694128845,9.547102561036674,12.891946757492518,11.054984523502664,13.391492078315485,9.139846640142226,13.886354109511997
31,11.810874976343396,10.796178309584981,10.211208603481028,11.368224523047372,10.93986771832876,13.533088768438521,9.862298849042697,12.70274303041932
32,12.75959458752414,11.83818766738327,10.430264260728777,12.539072499154509,11.740695116301149,12.5705450520822,10.603810047224412,11.755378588575352
33,12.693875498544523,11.85703639377402,9.19248798694609,10.791809673648546,10.321935123029109,13.289746658773492,8.441101195352122,11.42685526127055
34,12.758142632182526,12.755229843037851,8.141481315976664,10.136327279354266,11.784895599821334,11.604128512232704,9.640055938970619,11.302025945013517
35,12.232217037667038,10.853713162299034,9.077485703092007,10.414133975824473,10.114322092533595,11.378452800589422,8.58604376830392,11.579673633966626
36,10.298053373158915,9.523439510086916,9.283415684101698,10.632838383259648,11.539015523884043,12.136791959249562,9.357703131865259,12.880265506982674
37,8.057118479911207,8.215060313909602,7.2501251390442985,8.040882865249383,9.773140972529786,10.500012776553303,6.489077583089443,8.807803818403546
38,9.78538788423982,8.714052228878442,7.3446276203710195,8.171660112367894,9.706004231726613,11.452743529398502,7.759859986434139,8.797300082306332
39,8.02679589741913,8.682476703115647,7.2129945013046175,7.6963945123763695,9.052478964513133,10.486178086974455,6.754193350715816,8.684193698113392
40,7.391451055641927,9.677980166732379,7.9835606730418025,7.799841582366606,8.915550058058106,11.218282481239392,6.317701925491559,7.152367985293696
41,8.162161381925351,8.19970181240058,6.723775396019991,7.892479054213715,8.820549389969058,10.679250819703212,6.30476823916066,7.077019032892777
42,7.41049273945718,9.226456064253835,7.3811226969563055,8.238897672147493,9.033471374352857,11.766699910689812,5.681144547024458,7.580097266675583
43,7.331576470749678,8.010775568454273,6.096734545943455,7.7083671493718695,10.457290607746783,10.739156576082783,6.0506101232499,8.13349687962287
44,5.685005310364976,8.012114955139054,5.966888904820991,7.737679473242366,8.69397765350353,9.605381303227826,6.0855712180474155,7.571473722332766
45,7.197787793993457,8.348777921407802,5.4580266559254484,7.747017222902002,9.889084929748826,9.721708971162753,5.866956075901045,7.1904829956433165
46,6.27788664178145,9.035866659985924,5.462105034254984,7.856112296785501,8.082862301691836,9.353593281368722,5.522186284019374,7.469637852225295
47,6.033719490132427,8.185007924746621,5.477490434231144,8.091990018835274,6.863818100858326,9.264875244177539,5.280245917704667,7.714433569288336
48,6.2696126894098665,7.393422450636802,5.914559139437642,7.0048845945112115,7.043533895489888,8.549919205137538,5.404650885621189,7.19636371586304
49,4.558582678396719,7.393422450636802,5.4580266559254484,7.0048845945112115,6.996823937413324,8.220246104660454,5.538534122579787,6.382343949661348
50,4.588164076598731,8.044982371668501,6.0871573642225885,7.558130203344643,7.254666257749581,7.802192537040052,6.078109669593571,6.382343949661348
51,4.47864215807477,7.393422450636802,5.4580266559254484,7.0048845945112115,7.088791107901646,8.654850415442175,5.280245917704667,7.398627779581583
52,5.401671120974524,8.673268856827866,5.131147520559173,7.241616289150761,7.998157067081332,7.802192537040052,5.3648897862366764,6.382343949661348
53,4.47864215807477,7.393422450636802,5.131147520559173,7.0048845945112115,6.863818100858326,7.579128388520277,5.280245917704667,6.377724881271183
54,5.401169147431211,7.418318209086578,5.3348726262066615,7.0122587832108545,7.232827038536066,7.579128388520277,5.2966802138701325,6.377724881271183
55,4.47864215807477,7.393422450636802,5.131147520559173,7.0048845945112115,6.863818100858326,7.808816068692684,5.280245917704667,6.382341431878061
56,4.580806153908662,8.092778622568037,4.997304125025545,7.129811202908217,7.481997358943195,7.579128388520277,5.36653988153476,6.377724881271183
57,4.47864215807477,7.393422450636802,4.997304125025545,7.0048845945112115,6.863818100858326,7.614111159910227,5.280245917704667,6.4531640585911525
58,4.487023078360039,7.293411460300599,5.026308902634501,7.171042621515402,6.920412447899687,7.579128388520277,5.3451489000131485,6.377724881271183
59,4.47864215807477,7.293411460300599,4.997304125025545,7.0048845945112115,6.863818100858326,7.597939927096895,5.280245917704667,6.400704263607719
60,4.466576216169462,7.448114668311731,5.198156469288012,7.207443403268611,8.109823773004127,7.579128388520277,5.375257534407363,6.377724881271183
61,4.466576216169462,7.293411460300599,4.997304125025545,7.0048845945112115,6.863818100858326,7.662833396726571,5.280245917704667,6.484465393634607
62,4.641650321764905,7.521340569618335,5.108130867129818,7.398380677073337,6.964139261519973,7.579128388520277,5.629673799096892,6.377724881271183
63,4.466576216169462,7.293411460300599,4.997304125025545,6.733856293060286,6.863818100858326,7.67502480710295,5.452635473654161,6.840352276841421
64,4.618444775568764,7.285195359299038,5.311769529929679,6.6530416020241105,6.990219725656467,7.579128388520277,6.358510659148323,6.839240372939148
65,4.466576216169462,7.534308091600571,4.97972742447563,6.601498717673013,6.863818100858326,7.9243465601930865,5.699288853799921,6.802476471578365
66,5.021448617840354,7.677593865604965,5.472799319266033,6.858252344186059,6.942646311205266,7.8126740406952715,5.277923013368816,6.874485708746427
67,4.658428976029602,7.2075482295461075,5.418079786394523,6.723091626006659,6.863818100858326,8.072174127260189,5.751909294184093,7.195090521530073
68,5.059792098813996,5.668621634382147,5.9147778215123505,6.863236504313612,6.888740777766194,7.277138264705452,5.766745017166682,5.840924721442226
69,4.622305738532712,5.675580257473528,4.845784456476464,6.513987881235179,6.860888090117903,7.968561745979747,5.325931400422438,6.339219251578487
70,5.769996654396159,5.660355078038925,5.673534270908523,7.145928548623307,6.964308312971838,7.401153091215752,6.3656459851287,5.6926020444399335
71,4.7508050046326415,5.511806220926596,5.355293621273976,6.849078211130853,6.92719363783544,7.238625112624645,5.100179448639106,5.474224195264464
72,4.674254260887081,5.933269354512567,4.550423546662142,7.463728496743563,7.47685739910243,7.232072890718991,5.841947095187351,5.803365172319868
73,4.562820035218296,5.4159372511880965,4.394434493646888,6.7801235107064315,6.8947887839672415,7.550816132739557,5.346559255356359,5.768292638691601
74,4.224014851322934,5.564049538792677,4.988763175477151,6.4078824626574535,7.905706631627597,7.335440543189003,5.100547595205804,5.861909620518393
75,4.252087251097209,5.344464045753976,4.408774127089078,6.466686861841473,6.8895552171480015,6.525657866856086,4.742515392246587,5.111709701417253
76,3.823336457762215,5.703177989980358,4.560647426245023,5.769232421344264,8.2005181085142,7.902128297723134,5.7001732902572755,4.920739790488896
77,3.9110272146303626,5.567681860941358,4.268867959152992,5.6689040685491845,7.252608925380175,6.261033726195269,5.314060267294573,5.4540682985627775
78,4.313608270623206,5.280178801329324,4.658358471301367,6.63510282125828,6.403612955034293,7.176510479432605,4.575684330820964,5.325112387234559
79,4.228026454954416,5.262636374149616,4.427294018411461,5.724244124361153,6.865847867725364,6.393191909392996,4.851806263414055,4.528335602914515
80,4.200329374922929,5.865594958710541,4.605483648970671,5.490666707999705,6.397950033391075,6.925512047454571,4.262968417511557,4.485499385025592
81,3.9388930943786353,5.438458195628846,4.287033805393495,5.443647187078648,6.689611088226502,6.438513641734035,4.419775192967988,5.104073613466905
82,3.7952707709987594,5.38729251102292,4.282997974839583,5.414755335058557,6.7302335309963945,7.566022654542997,4.762083791330226,4.540130686598523
83,3.8848170147281116,4.538114983218764,4.483023174258263,5.07926432171705,6.89765400383711,6.1757944696787055,4.399024738878345,4.792752609651014
84,3.953938207576719,4.584054257102303,4.92737459489601,5.527968867845635,6.641865892295468,6.640558971363157,4.281644970264604,4.316014793160177
85,4.051560627314558,5.358657349031339,4.715193672841748,5.234915040339973,6.96260292028972,6.000130022333968,4.183479310087292,4.454623712394213
86,4.304594111956964,4.876193576398691,4.676040828160748,5.744735205207749,6.4396522196353985,5.523855268177642,5.311628131383597,4.430699046438187
87,3.893245682653173,5.28407800669854,4.268867959152992,5.176308806991454,7.059858093388947,5.462981081114462,4.6831703582983755,4.468017483050965
88,3.9318527455387726,4.576412845938749,4.298616549694502,5.230354740616194,6.524384346696611,5.257522194397581,4.590399796249358,4.488625971265899
89,3.5529559909814874,4.884551484856403,4.268867959152992,5.112120132919011,6.7108623788797175,5.257522194397581,4.198038895894121,3.9567691306858754
90,4.207363800934553,4.538114983218764,5.006451564327937,5.162217213758368,6.524587168081255,6.306058623853528,4.97062987411608,3.9567691306858754
91,3.7026254623410697,4.829465484499623,4.306467849020642,5.090286662829551,6.468292161995501,5.209624719834082,4.115885585646837,4.169820452523588
92,4.513404167019732,4.538114983218764,5.226777927139276,5.103249009429834,6.855800535211235,5.481641569840446,4.458797133030647,3.9567691306858754
93,3.6601723117074583,4.765755083245104,4.400585455179183,5.07926432171705,6.2896283508601565,5.767188538660294,4.116410774975596,4.499214750224993
94,3.658521378688366,4.538114983218764,4.220404982693183,5.443258529191105,6.290749197862073,5.728803558174315,4.829526212575287,3.829131102792564
95,3.5529559909814874,5.489604360087556,4.220404982693183,5.07926432171705,6.517947522309512,5.1191518090141965,4.171056240292351,4.872486925856736
96,3.964099229899097,4.538114983218764,5.036604418342682,5.315761175916838,6.221818801825573,5.867010742010325,4.2139920080043,3.8131001832376183
97,3.5529559909814874,4.7333332461690185,4.220404982693183,5.07926432171705,5.946252674049417,5.1458273062917375,4.058439875918793,4.517458149646518
98,4.096694731375977,4.538114983218764,3.9885100667880495,5.368709288155322,5.886290198190981,5.2531435129622475,4.44928853596577,3.8384277573398458
99,3.5529559909814874,5.536532366739153,4.272003509587488,5.07926432171705,5.746967560990149,5.174848114906585,4.058439875918793,3.8177911080974796
100,3.5327080508527873,4.538114983218764,3.974369722761455,5.903775633877829,5.706376834182221,5.268844134003243,4.471124676273668,3.8953963295038228
101,3.5327080508527873,4.610830482578506,3.9529793661240396,5.086234812975026,5.812520561103022,5.1191518090141965,4.058439875918793,3.8015210034376516
102,3.548193260657957,4.538114983218764,4.378620494888798,4.88950441890165,5.6946945616195785,5.275617576647,4.656147834939344,3.8449991713757705
103,3.604589685866514,5.089011661315403,4.014190215272162,5.496963424891315,5.694260303506635,5.1191518090141965,4.058439875918793,3.9775270183382405
104,4.199802454401652,4.538114983218764,4.499337192552082,5.025902949634231,5.648875026690125,5.296942382191937,4.5809076787274625,3.8015210034376516
105,3.66040066377013,4.676358011671703,4.195960049458212,5.245044824939274,5.629141038558511,5.1191518090141965,4.058439875918793,4.086527141289081
106,4.761769654327575,4.8478144727648855,4.596078040923966,4.8155251310953995,5.634414525003115,5.671801379638531,4.776636043007072,3.8244371248752502
107,3.5327080508527873,5.477611617975749,4.133852871306746,4.918716960793371,6.041694734055202,5.184206069674168,4.058439875918793,4.129995188816939
108,4.690613598032217,5.106064586362092,4.764061559431213,5.47172222273051,5.6451198011275965,6.010955897328775,4.945028112903903,4.034670859500985
109,3.5327080508527873,4.603234961699188,4.311745100876857,5.044668551548603,6.025333317253184,5.646387361582352,4.058439875918793,4.441808351009714
110,3.696572356514611,5.1343496397183035,4.515182492455925,5.511926920353619,5.657141323942942,5.756463204274649,4.741994541609038,4.166226673396554
111,3.842301021901585,4.832687110546638,4.454175075318225,4.808930123756961,5.908514488498677,5.613183701557919,4.279982806536538,4.481007023487518
112,5.105947580884606,4.895902005791069,4.510621503263254,5.756538611590412,5.654584210831533,5.563062416675109,4.596806214607924,4.085053702215112
113,3.7849813688953726,5.038412883515601,4.014118924691678,4.644840950303377,5.978152456460389,5.51993722381814,4.18535698288717,4.248156449319982
114,3.768903461855757,4.7717665569817544,5.156426885220151,4.20626638032393,5.632768266391136,6.180551626198707,4.697310965084955,4.040203929605173
115,3.736108036022202,5.063820698659507,4.552170256323783,3.993184727866145,6.116695736270145,5.506526605836147,4.009114810920791,4.311050011217775
116,4.0129336450445345,4.616923782700098,4.132412888399774,4.522511893379711,5.659717130876766,5.702492268020897,4.175723439374387,4.048727638701874
117,3.9019649869675503,4.85134272356807,4.20558388535548,4.3077359336205605,5.627167048761331,5.438514709565158,4.310441515627746,4.141342678535325
118,3.7783066848025886,4.886592467449973,3.8900011304090216,4.3059202609376905,5.9129103370325975,5.284433598860815,4.35540928780832,3.863020771481614
119,3.9046007078836023,4.766462741527858,4.101822648335015,4.762547560402522,5.766750473541173,5.302488021723354,4.513716305232025,4.5087422436392055
120,3.8103756467504426,4.754191283564979,3.8962634255063486,4.1038904828346725,5.941189630952694,5.538918849663267,4.310562486349961,3.9496685141133088
121,3.7611628971678632,4.539530615905744,4.285706667907368,4.37001127068206,5.806472801104244,5.557767162774499,4.3357323912847745,3.87991463782475
122,3.903933205175971,4.740268943454684,3.8316475725940786,5.379313022346612,5.712672138870436,5.152044654459985,4.1374971020896325,4.436556005629489
123,3.6938735688815387,4.808044250534663,3.893322166401652,4.191247427200041,5.870110765790773,5.377870571846569,4.063860442138959,3.8432644310899615
124,3.812751882109584,4.731293238781252,4.005598027412212,4.011687863797627,5.895643742721201,5.255637906906547,4.27332300982599,3.9835190916231067
125,3.7563845976361194,4.674023485533289,4.018454177350333,4.167862361696017,5.499219413744054,5.267592112704993,4.432039592477136,4.157950442431399
126,3.84357902287933,4.643839012416114,3.91353274709454,3.9717056921691802,5.320206069080619,5.485781673972529,4.157142861125776,4.024219875477293
127,3.6905697602667216,4.691309673502773,3.8041240930089564,4.005607237872466,5.168793644618991,5.2689965542774315,4.153225764465845,4.0142636835666305
128,3.7026754280187077,4.552587170510891,3.9493786360827783,4.2608475153836105,5.1959899847147035,5.425428463256978,4.523817084819003,3.9075458716902984
129,3.7452769551902367,4.8812010329211475,3.8609466741196714,4.02799146543104,5.37198740455821,5.136357472920405,4.147186822319701,4.157165829667872
130,3.8550867087814793,4.819956907401041,3.7810661689304355,4.319109062655967,5.269209538486261,5.312406307308078,4.112746539801113,3.8566317676871225
131,3.6099360832386598,4.656438728315034,3.82758009768835,3.97617610408756,5.273268610696357,5.181264034079698,4.428321708903702,4.128748909641665
132,3.878727662066513,4.625937699190178,3.7242726783619697,3.886682197186378,5.224928018679995,5.259963681408549,4.180319782487863,3.8524338188885126
133,3.7964906714064064,4.745048859922577,3.8083583746814806,3.866530259853217,5.672007960569235,5.1720785241876674,4.343711174728782,4.17561360811791
134,3.5576563565362425,4.632979034591969,3.781580274316824,3.645353358746449,5.193947517480883,5.219698323224408,4.283843633010739,3.8015210034376516
135,3.700163883452195,4.662839232698899,3.979655257457844,3.956876298772204,5.596376842507099,5.275530290404347,4.196169433004319,3.7562966980854924
136,3.629022036829504,4.812411420988728,3.7242726783619697,4.6151546927541505,5.16156764238524,5.326365830056126,4.524023200943921,3.7562966980854924
137,4.014357056109273,4.622899053612791,4.073981860024593,3.645353358746449,5.3563823194059745,5.169491642820272,4.116695904009317,4.00549117081297
138,3.603287718542839,4.655284922430945,3.7242726783619697,4.533221729875714,5.231195895146723,5.1903499348149875,4.116049407668298,3.833160091402143
139,3.6840721737034734,4.8063267023270235,4.106305481732437,3.645353358746449,5.408010723519753,5.228503948059631,4.180780992957366,3.7715241802866646
140,3.82012454864744,4.636010017194989,3.815839254528245,4.097788841462521,5.131173443966885,5.402082482335697,4.014880447648632,3.8561265255858697
141,3.8255345749336285,4.538114983218764,3.801087796808214,3.645353358746449,5.052708222719451,5.2970625494500085,4.085759374928265,3.6552498060679737
142,3.896034299165772,4.728013713877716,3.676421502498006,3.6376589576751868,5.026561683243921,5.319529007291221,4.127438318240363,3.8429914400384346
143,3.887726951121467,4.538114983218764,3.7380574767647223,3.6376589576751868,5.046801743011138,5.199914920361033,4.159888339605197,4.000636950097354
144,3.75927026868671,4.740922760439619,3.860153853921769,4.169894034199993,5.121828953374063,5.349037776726458,4.090737606284985,3.9936825630620505
145,3.760136501694327,4.538114983218764,3.807721615407717,3.6957332111872723,4.960782496372615,5.237481809352706,4.071893473381091,3.6466838118537375
146,3.7822546435295292,4.806461796943865,3.8301118741372453,4.318630886133331,5.111535387907673,5.311799719058248,4.1276890071856265,3.7761917235610314
147,3.7264944753925833,4.538114983218764,3.9900592071355403,3.786879863511037,5.055014141386643,5.115115920316981,4.271352311696663,3.8592744989262737
148,3.758413199875322,4.632129424513535,3.8177931966116745,3.969968778372277,5.311368901420219,5.305540259345001,4.167631727653171,3.6275190757421374
149,3.809645640448131,4.538114983218764,3.8875354040722496,3.693300969093336,4.710880225537303,5.2857928188634675,4.118446349968438,3.762604547920249
150,3.5327080508527873,4.730416460501014,3.852812154511002,4.631764744195794,4.65934877063419,5.308552544551573,4.1000021233225885,3.6295313770838735
151,3.891460582979793,4.538114983218764,3.8352598547941374,3.934021145099717,4.529373783571354,5.3397410637757385,4.0055611514750025,3.895112878276534
152,3.5327080508527873,4.588878377488056,3.9723857409457204,3.7370412435629303,4.52522108675839,5.207529237000683,4.104204852681515,3.948318501226161
153,3.7117737330961886,4.538114983218764,4.032730559583014,3.733243773591576,4.480709125870171,5.344224612532431,4.171623632081577,3.742688117858155
154,3.5327080508527873,4.541210511483268,3.8758014271566283,4.226742514254872,4.468230613716604,5.257827499636178,4.076254580012018,3.8263252454161485
155,3.7797558169291046,4.538114983218764,4.124556008447435,3.7186039306196106,4.446727736947954,5.207281704618253,4.075808033532181,3.865212048563144
156,3.9157236592176177,4.74365939004754,3.6657618896316997,3.83232251755447,4.4433031990294065,5.129811139188194,4.023504916206976,3.5996702126429647
157,3.711620774090933,4.72404903986164,4.017886888752341,3.6794360669830346,4.632548655217998,5.147109756038032,4.243730767399893,3.52187015300257
158,3.5707661112784947,4.7781636459192836,3.98677408834534,4.4233622055501245,4.589818512993408,5.1879270940088364,4.030283681971672,3.837478370359923
159,3.7985226089824957,4.707200415429383,3.7246339508949986,3.804766087292921,4.447809270916977,5.241732402059379,3.9970827196295184,3.922366752864583
160,3.7981276462118734,4.625609508331138,3.9997439884392327,4.08524030983918,4.464945376819097,5.250620402222276,4.150669328155151,3.713934438776466
161,3.8043439549952396,4.631642306965503,3.827444944877362,3.744928450766397,4.309727381121186,5.306289498535321,4.020293326765468,3.8541539717868445
162,3.8137875843110804,4.623295514348621,3.7529432588125076,3.883322232087793,4.24643703559934,5.115115920316981,4.131322075363551,3.786833669602278
163,3.7235867903674604,4.699081937293881,3.8529229594103187,3.7453610081016864,4.375599213960328,5.304253508397221,4.020391466501631,3.7295683449033312
164,3.76125477999459,4.73277082550707,4.020054263532394,3.6310007899240397,4.234827301289395,5.115115920316981,4.04928352060415,3.52187015300257
165,3.5898302672098774,4.768206843828415,3.763585240820063,3.8220029536322246,4.199522487551849,5.251125169818673,4.063270688698732,3.762071431315535
166,3.769163530085036,4.7561018839473155,3.8925027104291043,3.6457952261108075,4.19856382747704,5.115115920316981,4.0584513227312335,3.801265228240678
167,3.721656509493465,4.790623587571747,3.881477046377425,3.821073039879564,4.104292548130104,5.2009310000681905,3.839097748953886,4.08240979770616
168,3.6911674880419714,4.737736068228948,3.867128505832054,3.6432687968970043,4.1341652965274704,5.214823803786613,3.8624282038828075,3.6604991691337134
169,3.627843746151964,4.573180236923128,3.7290786553869317,3.5998517312658755,4.119330496330568,5.209128135213368,4.063919187759412,3.813128161168457
170,3.782073749981509,4.676991941989531,3.7107475002709367,3.6870258819871156,4.066527655251199,5.181259865283781,3.977048759860937,3.7645639303426806
171,3.829096357358298,4.645412811179201,3.7807436309520104,4.059121712929545,4.127713958107597,5.287307042627575,4.001958833941855,3.8764954512472523
172,3.781352843089037,4.598963012678556,3.733788140959939,3.5646412008990525,4.027858266722709,5.286510382980899,3.996700470393759,3.52187015300257
173,3.653851552520688,4.621387028584337,3.9543033780834973,4.018919991274248,3.7906554225758935,5.155281499466999,3.9454391355390386,3.732887248935972
174,3.723043628129621,4.6680442599587595,3.838217959145994,3.9401745418258907,3.8398911365797455,5.150235061054421,3.941826909091951,3.611931810344572
175,3.865496491041203,4.595168035553617,3.812958437637158,3.8699571100988193,4.025263144295779,5.260347158841293,3.9249072722256946,3.6646084810650286
176,3.6311557964111434,4.702652717520934,3.9840087122172996,3.782979382324199,3.9671702766503656,5.196821077085689,3.874650589039278,3.912315172239836
177,3.6524380671276875,4.6449491378020005,3.838314953395671,3.924360415263873,4.276731682476601,5.335517584224125,3.839855014346179,3.7266290649412657
178,3.757324494035008,4.578024980865753,3.8861091960617116,3.5532365141041202,4.179901987300367,5.216329218780621,3.7963057584466315,3.70309299028611
179,3.6134139793020297,4.661998289084478,3.8655335166901126,4.09175529257907,4.451391193730325,5.2138611763200595,3.9706726769602625,3.9312999016870176
180,3.642556648393262,4.681300861183023,3.980698295665361,3.9002034014790485,4.227148264069653,5.232950926437996,3.9346703592255206,3.618978100034399
181,3.747345864042586,4.617577152686075,3.852100196710746,3.789790397443936,4.097445570133531,5.163412080715749,3.8016145399504,3.52187015300257
182,3.61293520747284,4.657431427920907,3.69951325471471,3.8566458504305365,4.136033635268589,5.294606438017448,3.9112470698880966,3.753119090787434
183,3.6468415349556995,4.538964966218075,3.947779049072259,3.9546555716850316,3.9169777942873356,5.186644787879843,3.781399429173838,3.56883824580648
184,3.705401104863929,4.724463502643229,3.876475668448176,3.7297859625600993,4.171710138021484,5.250178524814805,3.9812199774573864,3.8535829689617627
185,3.635912616498413,4.7495912978316435,3.7380818604470663,3.693735490562933,4.065605842142097,5.267520573861893,4.072965433060497,3.889482190077238
186,3.7589714015088775,4.658217600413467,3.6999462316340384,3.8576023904656447,3.963747701540399,5.2573493017244,3.923362929869898,3.6473731349858287
187,3.6054084329566543,4.538114983218764,3.904478022831854,3.606647359330179,4.252618245064215,5.192526095074442,3.8260686647491196,3.69847425766304
188,3.712273954812325,4.627660752065144,3.6980128667772605,3.690712123197898,4.031896688439404,5.18497547403163,3.898831883651918,3.570994530726476
189,3.7524407546026075,4.538114983218764,3.7659536837449084,3.568434566054184,4.038019615599537,5.250430050477829,3.913824379909647,3.7512962408900528
190,3.749778913234628,4.620324824009314,3.842384523885048,3.8290244591005624,3.9173747827769465,5.234132578757753,3.8273255932275583,3.593330230155747
191,3.662258786760934,4.538114983218764,3.7799230205346537,3.9583485331008084,3.812687074979413,5.163573808540968,3.791661327673443,3.6919098948535947
192,3.697251891631017,4.60747614162464,3.757990997071966,3.770673404256162,3.9202862303478265,5.13004848079097,3.949300614050535,3.740254571118594
193,3.7310173749456044,4.538114983218764,3.7555811288035277,3.9491953012971415,4.213379408137853,5.200793254976206,4.045200078542941,3.7586180046365025
194,3.6712336000690073,4.5245218377119905,3.7180700745555217,3.551427875366607,4.080649392640538,5.226467940786389,3.8264161798399425,3.7284480275135077
195,3.5759919647941585,4.558633488417097,3.8428783853007773,3.761146057214513,4.226895472381892,5.282865724736327,3.869623917425036,3.715512385866372
196,3.6292374022212766,4.603916458340028,3.7840415121843742,3.8615280481219494,3.87083169246945,5.189671371220108,3.9312665124548105,3.5276059242131934
197,3.6257176988695377,4.5245218377119905,3.8245745477071305,3.7454563569400756,4.044063722364845,5.137249859264675,3.9288351829665777,3.6615172545331562
198,3.672156813968231,4.632912021954225,3.877516855318272,3.57166877194134,3.938766070366353,5.1475955851076876,3.8336944476351698,3.6340097181199686
199,3.5327080508527873,4.5245218377119905,3.767691126258684,3.650950092376692,4.252066518588201,5.121810087761997,3.898405773543323,3.6779635037339604
200,3.6384382354534117,4.769956784737152,3.9365894601328777,3.551427875366607,4.047407538655154,5.230105387328487,4.15231421305894,3.669503506588573
201,3.532825794135455,4.5245218377119905,3.801840850428778,3.7693924739150946,4.079909481476082,5.195537613134377,3.996454153591965,3.6520808012350683
202,3.6343631444296607,4.583556775536014,3.830233444583784,3.8308617014187303,4.100883947952743,5.4023679463557635,3.936983602948194,3.667304847179579
203,3.5327080508527873,4.5245218377119905,3.7424992046506977,3.7487566073646965,4.049642422511862,5.25603255972991,3.8514450209091033,3.734185081582013
204,3.693420141540986,4.649540778130936,3.811016441466326,3.73938327158941,4.0831857134690015,5.185766496989471,3.9388973132055907,3.7541693559160065
205,3.5327080508527873,4.629763269847437,3.768947232628472,3.8461741192826397,4.034424785910487,5.216487562125776,3.8151495781694025,3.7038857670051706
206,3.7184479255796568,4.662173017149276,3.799639711330006,3.796450284480066,3.8240308939353964,5.154716398140799,4.024384277607074,3.7968062964729272
207,3.5236845088470847,4.630848648909921,3.72411135252574,3.679995178083759,4.045718578509158,5.115115920316981,3.9885928951842784,3.703161796519433
208,3.642884523846453,4.646470887186737,3.8884897217110095,3.7718670977222235,3.924068753913317,5.140423818696248,3.91428826840542,3.5320866667123467
209,3.619263184423704,4.512557199539229,3.7280381184287648,3.759451979363346,4.034911573751969,5.115115920316981,3.8794250341277383,3.52187015300257
210,3.6440913359541924,4.6658597466723055,3.851284421515292,3.702230824085736,4.0858499185249215,5.090111021309194,3.961705727591673,3.6538588265483263
211,3.6484592733194248,4.568234319037038,3.8092760836212842,3.556653927750321,3.9587912365187314,5.186279342684643,3.9648091150412577,3.52187015300257
212,3.5934443346419593,4.627426622712546,3.703455261792952,3.818241418420156,3.950500086857333,5.299287517235171,3.9611189056498377,3.6323078554504797
213,3.558246659830249,4.543170487799302,3.799112752568591,3.7199962432317615,3.919227075109231,5.080648287650811,4.051999386115608,3.691459414726162
214,3.6043739808178175,4.659207536069697,3.6536482145257483,3.6674838538559507,4.2096141109159335,5.229530095765229,3.8896649514584043,3.6590845661541733
215,3.6335186220090927,4.521197701821736,3.833049510991212,3.771637407755372,4.055764024193296,5.147026014450007,3.994196678138635,3.61418505141391
216,3.5338623408707814,4.523427751646251,3.747263461321982,3.6715519214243715,4.022442212670821,5.1791628554711115,3.848831920005716,3.6329091068766783
217,3.5562746694919505,4.5329963309006995,3.6988442799575587,3.6647499717632552,3.8984875610522964,5.195785163240451,3.9884211239306007,3.6639257549435964
218,3.553968397936668,4.596688402950478,3.7157942789973912,3.598883042265493,3.981187186466674,5.214095893951573,3.9883125747580483,3.6109752270952478
219,3.6769574306071267,4.5029111049571195,3.732572612110927,3.7477331134611536,3.9007792589618258,5.080648287650811,3.8223185555157593,3.5455045224534008
220,3.565451254480277,4.499998652204162,3.7067416978160046,3.882512777494691,3.876712750493722,5.142193461210782,3.8995488623814456,3.648386860879622
221,3.534167621509946,4.511188964489909,3.7693970564533616,3.5687766516624073,3.87248240681183,5.270728091169344,3.8492903042173565,3.6722960957742483
222,3.6032104906414553,4.557622430727576,3.724291377938355,3.7709924736829405,4.053848486583207,5.223369064197733,3.9694417981075167,3.5011467520587782
223,3.6548910511398303,4.500016094943387,3.835632982731263,3.6401350213279455,3.9135329115152593,5.259672852682663,3.7395251735697554,3.6099948200292773
224,3.5794179247478,4.628996432928876,3.7278887326240633,3.5571158741294258,4.0017028445025895,5.156923480749549,3.9101506811545956,3.579496392179244
225,3.651596927019479,4.551070724997575,3.6413227703291398,3.6093313889631906,3.982342055667136,5.155863880523902,3.8649355846834723,3.626603249451137
226,3.7000262107757,4.552574326887091,3.7370993681201585,3.678128344546721,4.125074598974198,5.230669553592523,3.8553020216569607,3.6543087418972573
227,3.6029445028934797,4.5448626861739285,3.810287092477256,3.7345364379756156,3.8374239398345433,5.227210502104479,3.799943309172249,3.4749608361663618
228,3.598170625617859,4.5371167792976035,3.704840866119614,3.672195086419387,3.8346091887951435,5.201724044409599,3.8895716330067027,3.682173556671516
229,3.624245383137752,4.653728537485918,3.76272104781764,3.848139298759713,3.9881042491489413,5.104946691535039,3.8345351867841804,3.5424403919545076
230,3.5360711879111744,4.5295847938006375,3.7503190376152276,3.7606573504311314,3.8568919243322832,5.235071295188016,3.8626723159662584,3.624441315356573
231,3.6573047417184856,4.584559386652718,3.8100812308104737,3.6985740303646235,3.986921453283609,5.126875570551323,3.7859277809552934,3.7460879255950306
232,3.645473580097083,4.525624595447895,3.753208036578756,3.708057206485733,3.861195569224443,5.195060880276606,3.937814843052393,3.6416252410487426
233,3.610129753168769,4.576510551480705,3.830984820607807,3.7589298760332377,4.0045036975631785,5.156349771347862,3.9140909128355683,3.5550432778396726
234,3.5983158856153192,4.5457025303409,3.7764470554269574,3.6805076876317666,3.8593930048144984,5.163755342549919,3.879060685739382,3.5882799004149337
235,3.6574896654650355,4.550533914113512,3.715353024020655,3.8840664928402786,3.9257522461480914,5.31546050351666,3.8406579850820037,3.6688306507861155
236,3.5644964969694555,4.534217145083368,3.7782287785341526,3.603076656407269,3.8482710674126688,5.103537196481648,3.8444804342182244,3.709309143956153
237,3.584583510048743,4.605462357227541,3.7723910696375733,3.598394900403347,3.8182904049164303,5.156088642380559,3.820827458572103,3.4749608361663618
238,3.555069890810317,4.458556341724461,3.7726443633261164,3.562764595063636,3.826317111296255,5.098679604860571,3.865483838849583,3.8180715450943428
239,3.7638548393612847,4.564489906191434,3.744120268009372,3.707764627857538,3.864804437644179,5.184750430315215,3.978391028612178,3.64765197817697
240,3.572185081881864,4.609043616199367,3.778235410768985,3.7349212063676456,3.895850023224556,5.076035252786707,3.933638472834269,3.682524476099749
241,3.613074232592843,4.5243708375102365,3.593653376790705,3.651270356730483,3.863496295695726,5.133538963022149,3.920622993923872,3.6471590506678444
242,3.6451330090425254,4.580082139206495,3.6536685499792934,3.550001981276076,3.969859633668878,5.115505434733102,3.7975677919538273,3.723970590293811
243,3.538127396046147,4.6125713314401855,3.9235373707349868,3.597384316861421,4.074498460058485,5.173664510715621,3.7922134940474086,3.7492561806404487
244,3.519804115093654,4.4551228095269355,3.7295040537237476,3.7648864115228795,3.876891722432674,5.150365130993649,3.842779665676385,3.6025143076101016
245,3.55394586853529,4.560188182229939,3.809660690498567,3.57630415652441,4.146483584592692,5.237919546421454,3.856187329041615,3.6625746948590616
246,3.7339972831991832,4.529280285926528,3.6335495617963036,3.694665253987304,3.9570718375489027,5.125178995527126,3.8466219389337333,3.662882084626274
247,3.546732161510066,4.553513179927324,3.7026516924946495,3.71500869365332,4.029965543734852,5.159814589900254,3.8602435360506933,3.646930981796307
248,3.5972069269553533,4.512367566967531,3.6581827340583373,3.5261881907645014,3.9225358650482067,5.1719547134660955,3.745705381759887,3.4366115006390596
249,3.5386852415727,4.483015215020784,3.6558571549565158,3.8169614602797313,3.936413052917906,5.137743460153087,3.8101592154759207,3.6164816140495097
