,seed_18,seed_28,seed_38,seed_48,seed_58,seed_68,seed_78,seed_88,seed_188
0,7.96484375,7.26123046875,6.673828125,5.9638671875,7.244140625,5.9375,6.890625,5.63525390625,5.52001953125
1,7.52392578125,7.55908203125,6.607421875,5.50048828125,6.94384765625,5.6533203125,7.20458984375,5.1787109375,5.43310546875
2,7.98681640625,7.28125,6.27099609375,5.58837890625,6.53125,5.30224609375,7.294921875,4.83154296875,5.41259765625
3,7.4140625,7.2490234375,6.7470703125,5.6142578125,6.74267578125,5.4609375,6.48876953125,5.2412109375,5.58447265625
4,7.86328125,6.82373046875,6.6201171875,5.94775390625,6.169921875,5.712890625,6.9560546875,4.884765625,5.75830078125
5,7.2685546875,6.705078125,5.83154296875,5.021484375,5.6953125,4.96923828125,6.06396484375,5.298828125,5.43798828125
6,7.197265625,6.2177734375,5.79296875,5.5263671875,6.06591796875,4.658203125,6.212890625,5.0712890625,5.29248046875
7,7.197265625,6.2177734375,5.79296875,5.021484375,5.6953125,4.658203125,6.06396484375,4.83154296875,5.29248046875
8,7.197265625,6.2177734375,5.79296875,5.021484375,5.6953125,4.658203125,6.06396484375,4.83154296875,5.29248046875
9,7.197265625,6.2177734375,5.79296875,5.021484375,5.6953125,4.658203125,6.06396484375,4.83154296875,5.29248046875
10,7.197265625,6.2177734375,5.79296875,5.021484375,5.6953125,4.658203125,6.06396484375,4.83154296875,5.29248046875
11,7.197265625,6.2177734375,5.79296875,5.021484375,5.6953125,4.658203125,6.06396484375,4.83154296875,5.29248046875
12,7.197265625,6.2177734375,5.79296875,5.021484375,5.6953125,4.658203125,6.06396484375,4.83154296875,5.29248046875
13,6.8359375,6.431640625,5.3984375,4.84423828125,5.2197265625,4.935546875,6.3876953125,4.509765625,4.83349609375
14,7.2685546875,6.2041015625,5.56591796875,5.01416015625,4.87548828125,4.732421875,6.46533203125,4.6533203125,4.4140625
15,6.388671875,5.771484375,5.80322265625,5.02099609375,5.10498046875,4.8408203125,6.11376953125,4.92333984375,4.55908203125
16,6.87109375,5.7099609375,5.64111328125,5.25341796875,4.42578125,5.0771484375,6.5595703125,4.53173828125,4.78173828125
17,6.02099609375,5.3115234375,5.091796875,4.60205078125,3.9921875,4.76953125,5.62255859375,4.982421875,4.3974609375
18,5.58544921875,5.10205078125,5.51220703125,5.04150390625,4.34033203125,4.1806640625,5.751953125,4.73681640625,4.73095703125
19,4.3916015625,4.73583984375,4.275390625,4.47119140625,3.49462890625,3.6298828125,4.63720703125,4.08203125,4.05078125
20,3.8564453125,5.17626953125,4.158203125,4.392578125,3.57421875,3.724609375,4.64208984375,4.083984375,3.76904296875
21,3.90283203125,4.65576171875,4.505859375,4.130859375,3.64990234375,3.794921875,4.84228515625,4.12158203125,4.11474609375
22,3.80126953125,4.11962890625,4.02392578125,4.28759765625,3.7314453125,3.82666015625,4.40869140625,4.32763671875,3.68408203125
23,3.77197265625,4.03564453125,3.9990234375,4.31591796875,3.44970703125,3.56787109375,4.42724609375,4.072265625,3.51025390625
24,3.76953125,4.2412109375,3.93505859375,4.13623046875,3.677734375,3.52392578125,4.63671875,3.97509765625,3.443359375
25,3.912109375,3.76611328125,3.5546875,4.130859375,3.44970703125,3.62939453125,4.2314453125,4.15869140625,3.83349609375
26,3.82080078125,4.19873046875,3.7275390625,3.99755859375,3.6103515625,3.44677734375,4.13525390625,4.048828125,3.443359375
27,4.43896484375,3.76611328125,3.5546875,3.99755859375,3.44970703125,3.533203125,4.20849609375,3.890625,3.44482421875
28,3.76953125,3.951171875,3.63671875,3.859375,3.55712890625,3.80908203125,3.90673828125,3.890625,3.443359375
29,3.8232421875,3.76611328125,3.5546875,3.859375,3.44970703125,3.421875,3.822265625,3.91015625,3.4423828125
30,3.76953125,3.84765625,3.5966796875,4.3115234375,3.51416015625,3.5576171875,3.82177734375,3.890625,3.4423828125
31,3.80322265625,3.76611328125,3.5546875,3.859375,3.44970703125,3.421875,3.626953125,3.80517578125,3.466796875
32,3.76953125,3.830078125,3.66015625,3.89306640625,3.71142578125,3.44677734375,3.626953125,3.80517578125,3.49658203125
33,3.8466796875,3.76611328125,3.5830078125,3.859375,3.47509765625,3.421875,3.55615234375,3.7294921875,3.50439453125
34,3.7578125,4.07080078125,3.73095703125,3.96923828125,3.6435546875,3.42041015625,3.55615234375,3.7294921875,3.45166015625
35,3.9912109375,3.76806640625,3.548828125,3.8955078125,3.48486328125,3.42041015625,3.51171875,3.6171875,3.62060546875
36,3.79638671875,4.1240234375,3.93115234375,3.6298828125,3.6474609375,3.51806640625,3.51171875,3.701171875,3.50341796875
37,4.42529296875,3.58056640625,3.5048828125,3.84716796875,3.48583984375,3.46435546875,3.8935546875,3.6484375,3.6123046875
38,3.7119140625,3.8994140625,3.673828125,3.583984375,3.509765625,3.9033203125,3.76220703125,3.68701171875,3.4482421875
39,3.587890625,3.63037109375,3.5927734375,3.51123046875,3.45751953125,3.55419921875,3.56201171875,3.43115234375,3.55517578125
40,3.712890625,3.5458984375,3.8251953125,3.64892578125,3.45458984375,3.62255859375,3.556640625,3.4560546875,3.49462890625
41,3.7255859375,3.55908203125,3.419921875,3.60400390625,3.47705078125,3.451171875,3.4794921875,3.4755859375,3.455078125
42,3.77197265625,3.58935546875,3.4736328125,3.56640625,3.4404296875,3.5654296875,3.619140625,3.4267578125,3.50927734375
43,3.63134765625,3.60498046875,3.4814453125,3.7392578125,3.44873046875,3.486328125,3.69384765625,3.43359375,3.42138671875
44,3.68310546875,3.6015625,3.4697265625,3.51123046875,3.4443359375,3.43896484375,3.47802734375,3.53125,3.52392578125
45,3.61474609375,3.58349609375,3.447265625,3.58837890625,3.45703125,3.4208984375,3.88623046875,3.48095703125,3.4248046875
46,3.54345703125,3.60986328125,3.46240234375,3.57958984375,3.439453125,3.42626953125,3.60595703125,3.53759765625,3.47265625
47,3.54638671875,3.58544921875,3.39794921875,3.94287109375,3.43994140625,3.501953125,3.4599609375,3.49365234375,3.4228515625
48,3.63525390625,3.54931640625,3.39697265625,3.52685546875,3.4462890625,3.41650390625,3.40087890625,3.466796875,3.44287109375
49,3.5458984375,3.56396484375,3.40673828125,3.75146484375,3.43505859375,3.427734375,3.8017578125,3.4267578125,3.4306640625
50,3.587890625,3.548828125,3.4033203125,3.47900390625,3.40380859375,3.44091796875,3.50927734375,3.40380859375,3.44873046875
51,3.60595703125,3.53515625,3.4326171875,3.48046875,3.4140625,3.46533203125,3.49072265625,3.40380859375,3.41748046875
52,3.52099609375,3.63134765625,3.44287109375,3.5146484375,3.419921875,3.42529296875,3.40087890625,3.5341796875,3.4560546875
53,3.52685546875,3.49169921875,3.4404296875,3.50244140625,3.3818359375,3.44580078125,3.47705078125,3.40380859375,3.41357421875
54,3.4970703125,3.51708984375,3.44921875,3.55615234375,3.40478515625,3.41943359375,3.3974609375,3.4208984375,3.431640625
55,3.49365234375,3.52783203125,3.439453125,3.47900390625,3.3818359375,3.47998046875,3.4833984375,3.40380859375,3.4296875
56,3.5185546875,3.49169921875,3.4033203125,3.5322265625,3.408203125,3.41748046875,3.4169921875,3.41748046875,3.43798828125
57,3.50341796875,3.4697265625,3.44384765625,3.5390625,3.3818359375,3.41845703125,3.73974609375,3.431640625,3.4208984375
58,3.47021484375,3.5087890625,3.39697265625,3.5625,3.4033203125,3.40380859375,3.5302734375,3.4697265625,3.40625
59,3.4951171875,3.419921875,3.4111328125,3.49365234375,3.3818359375,3.41064453125,3.3974609375,3.48046875,3.41357421875
60,3.390625,3.412109375,3.40478515625,3.5556640625,3.41943359375,3.4521484375,3.490234375,3.40673828125,3.4140625
61,3.447265625,3.42333984375,3.4248046875,3.48388671875,3.3818359375,3.40478515625,3.39892578125,3.400390625,3.4140625
62,3.388671875,3.4990234375,3.42333984375,3.4912109375,3.41064453125,3.41943359375,3.439453125,3.427734375,3.396484375
63,3.4453125,3.4521484375,3.40771484375,3.58154296875,3.388671875,3.40283203125,3.41796875,3.40771484375,3.44384765625
64,3.39501953125,3.49365234375,3.392578125,3.4033203125,3.4091796875,3.41259765625,3.44775390625,3.38671875,3.41943359375
65,3.50537109375,3.4296875,3.3994140625,3.4111328125,3.3857421875,3.408203125,3.4169921875,3.390625,3.40966796875
66,3.43896484375,3.51904296875,3.40087890625,3.4150390625,3.4169921875,3.42724609375,3.43994140625,3.40869140625,3.41259765625
67,3.42724609375,3.4052734375,3.40771484375,3.38916015625,3.38916015625,3.42138671875,3.4287109375,3.4091796875,3.40380859375
68,3.3876953125,3.4501953125,3.41650390625,3.38916015625,3.3837890625,3.39111328125,3.4541015625,3.41357421875,3.41748046875
69,3.37451171875,3.4443359375,3.40185546875,3.38916015625,3.38916015625,3.408203125,3.3984375,3.40185546875,3.4189453125
70,3.38134765625,3.4052734375,3.40380859375,3.39208984375,3.384765625,3.3974609375,3.4111328125,3.41259765625,3.3974609375
71,3.486328125,3.39501953125,3.40625,3.40771484375,3.40234375,3.3994140625,3.408203125,3.37939453125,3.41845703125
72,3.3720703125,3.42626953125,3.39111328125,3.3984375,3.3896484375,3.38525390625,3.44873046875,3.42578125,3.40771484375
73,3.39599609375,3.42822265625,3.4130859375,3.42578125,3.3955078125,3.38818359375,3.423828125,3.38134765625,3.3984375
74,3.4033203125,3.39794921875,3.38916015625,3.400390625,3.37109375,3.4013671875,3.40283203125,3.40087890625,3.4140625
75,3.4013671875,3.38427734375,3.38818359375,3.373046875,3.37060546875,3.388671875,3.44677734375,3.3798828125,3.40185546875
76,3.37451171875,3.466796875,3.42529296875,3.38134765625,3.37890625,3.4169921875,3.3955078125,3.412109375,3.39697265625
77,3.38623046875,3.3974609375,3.38134765625,3.3828125,3.38623046875,3.3994140625,3.421875,3.380859375,3.40869140625
78,3.37060546875,3.41650390625,3.40283203125,3.3779296875,3.38427734375,3.41650390625,3.41455078125,3.3935546875,3.4111328125
79,3.4072265625,3.3984375,3.3837890625,3.39111328125,3.384765625,3.384765625,3.3896484375,3.39013671875,3.39404296875
80,3.38916015625,3.4580078125,3.40185546875,3.375,3.37841796875,3.39111328125,3.39453125,3.39404296875,3.390625
81,3.43359375,3.38720703125,3.38134765625,3.39013671875,3.38818359375,3.37109375,3.38037109375,3.38232421875,3.3984375
82,3.39208984375,3.38427734375,3.4052734375,3.3681640625,3.37939453125,3.4072265625,3.38623046875,3.37939453125,3.38818359375
83,3.37548828125,3.39208984375,3.40625,3.38330078125,3.3798828125,3.37646484375,3.3837890625,3.3837890625,3.3896484375
84,3.39404296875,3.38134765625,3.38818359375,3.3740234375,3.37646484375,3.38671875,3.3798828125,3.37939453125,3.39794921875
85,3.3759765625,3.39013671875,3.40673828125,3.40966796875,3.38134765625,3.37841796875,3.38134765625,3.390625,3.39013671875
86,3.3896484375,3.37939453125,3.38330078125,3.36865234375,3.37060546875,3.37109375,3.380859375,3.390625,3.4091796875
87,3.37060546875,3.37841796875,3.41650390625,3.39111328125,3.3896484375,3.373046875,3.39794921875,3.4013671875,3.3974609375
88,3.396484375,3.37353515625,3.4072265625,3.3994140625,3.37060546875,3.39111328125,3.3779296875,3.39599609375,3.396484375
89,3.36962890625,3.39404296875,3.37939453125,3.3828125,3.38037109375,3.3779296875,3.3896484375,3.38134765625,3.3876953125
90,3.39404296875,3.38134765625,3.37939453125,3.380859375,3.3720703125,3.37353515625,3.38427734375,3.38427734375,3.39990234375
91,3.37255859375,3.39111328125,3.39453125,3.37890625,3.38330078125,3.3828125,3.3857421875,3.380859375,3.39111328125
92,3.38818359375,3.3798828125,3.38330078125,3.373046875,3.37109375,3.37646484375,3.3798828125,3.3955078125,3.4091796875
93,3.37255859375,3.3779296875,3.3876953125,3.37939453125,3.37939453125,3.3876953125,3.38671875,3.37939453125,3.39111328125
94,3.37451171875,3.365234375,3.38525390625,3.37890625,3.36962890625,3.37158203125,3.3779296875,3.384765625,3.40380859375
95,3.37353515625,3.3896484375,3.384765625,3.37060546875,3.37841796875,3.37646484375,3.3955078125,3.380859375,3.3876953125
96,3.3671875,3.3896484375,3.384765625,3.36279296875,3.37158203125,3.38037109375,3.376953125,3.3759765625,3.3916015625
97,3.373046875,3.39599609375,3.39013671875,3.37109375,3.3740234375,3.39111328125,3.37841796875,3.3837890625,3.3896484375
98,3.36669921875,3.361328125,3.373046875,3.36669921875,3.36962890625,3.38037109375,3.38134765625,3.37744140625,3.3896484375
99,3.37548828125,3.36474609375,3.376953125,3.375,3.3701171875,3.3701171875,3.38037109375,3.380859375,3.39306640625
100,3.3642578125,3.3759765625,3.3818359375,3.38623046875,3.3720703125,3.36669921875,3.38232421875,3.37841796875,3.39111328125
101,3.390625,3.36474609375,3.38720703125,3.36181640625,3.373046875,3.3701171875,3.39306640625,3.37890625,3.38671875
102,3.38671875,3.3798828125,3.37548828125,3.38134765625,3.3701171875,3.36962890625,3.384765625,3.37548828125,3.39697265625
103,3.3798828125,3.361328125,3.37451171875,3.36279296875,3.37109375,3.3798828125,3.38671875,3.37939453125,3.38427734375
104,3.37158203125,3.36279296875,3.37890625,3.36181640625,3.3701171875,3.37939453125,3.390625,3.37744140625,3.38623046875
105,3.3662109375,3.3642578125,3.3759765625,3.3671875,3.3740234375,3.3759765625,3.3798828125,3.39453125,3.3876953125
106,3.36181640625,3.3837890625,3.3779296875,3.3681640625,3.37109375,3.37646484375,3.38134765625,3.38330078125,3.38525390625
107,3.38818359375,3.3681640625,3.37548828125,3.36669921875,3.37109375,3.369140625,3.38427734375,3.38232421875,3.3828125
108,3.369140625,3.3740234375,3.37353515625,3.35791015625,3.3701171875,3.3701171875,3.38525390625,3.38037109375,3.38671875
109,3.36962890625,3.38818359375,3.37158203125,3.37548828125,3.3671875,3.3662109375,3.3837890625,3.37890625,3.39501953125
110,3.3681640625,3.37158203125,3.37451171875,3.35693359375,3.36865234375,3.375,3.37353515625,3.375,3.3828125
111,3.36279296875,3.380859375,3.3779296875,3.3779296875,3.3740234375,3.36279296875,3.380859375,3.38037109375,3.38330078125
112,3.3662109375,3.37158203125,3.38134765625,3.35693359375,3.3671875,3.37255859375,3.3759765625,3.37744140625,3.3828125
113,3.36328125,3.38330078125,3.38134765625,3.3701171875,3.37841796875,3.3671875,3.37744140625,3.3779296875,3.38134765625
114,3.36328125,3.361328125,3.375,3.3662109375,3.3671875,3.37060546875,3.37890625,3.37890625,3.38037109375
115,3.36767578125,3.36376953125,3.38330078125,3.36962890625,3.373046875,3.365234375,3.380859375,3.3818359375,3.3798828125
116,3.36328125,3.365234375,3.37939453125,3.361328125,3.37060546875,3.36669921875,3.3740234375,3.37939453125,3.380859375
117,3.36474609375,3.3642578125,3.3740234375,3.37451171875,3.37646484375,3.36572265625,3.3818359375,3.37744140625,3.38330078125
118,3.36474609375,3.36328125,3.37548828125,3.3603515625,3.36962890625,3.365234375,3.37548828125,3.38134765625,3.38037109375
119,3.365234375,3.365234375,3.376953125,3.3662109375,3.369140625,3.365234375,3.376953125,3.37744140625,3.37890625
120,3.380859375,3.3642578125,3.375,3.35791015625,3.3740234375,3.36328125,3.3798828125,3.3779296875,3.384765625
121,3.3642578125,3.3642578125,3.37353515625,3.373046875,3.3701171875,3.37158203125,3.3828125,3.375,3.384765625
122,3.36767578125,3.36279296875,3.3828125,3.36962890625,3.36962890625,3.36279296875,3.380859375,3.3828125,3.38525390625
123,3.365234375,3.36328125,3.3779296875,3.35791015625,3.37158203125,3.3681640625,3.3818359375,3.37548828125,3.39208984375
124,3.36376953125,3.37109375,3.37353515625,3.35791015625,3.37158203125,3.36474609375,3.38232421875,3.3837890625,3.3798828125
125,3.36865234375,3.36083984375,3.3779296875,3.3681640625,3.3701171875,3.36572265625,3.38037109375,3.37548828125,3.38134765625
126,3.36328125,3.36669921875,3.37158203125,3.36328125,3.37060546875,3.36669921875,3.38037109375,3.376953125,3.3798828125
127,3.3681640625,3.36181640625,3.37353515625,3.35791015625,3.36767578125,3.36279296875,3.38037109375,3.37451171875,3.390625
128,3.3623046875,3.369140625,3.37353515625,3.359375,3.3681640625,3.37646484375,3.37744140625,3.376953125,3.38037109375
129,3.36328125,3.36376953125,3.373046875,3.359375,3.36669921875,3.36328125,3.38037109375,3.37646484375,3.38037109375
130,3.36767578125,3.35986328125,3.3740234375,3.36572265625,3.3681640625,3.36962890625,3.3798828125,3.3740234375,3.3798828125
131,3.365234375,3.36376953125,3.3720703125,3.35791015625,3.36669921875,3.36474609375,3.37548828125,3.37841796875,3.384765625
132,3.36279296875,3.36083984375,3.37353515625,3.3564453125,3.36572265625,3.37353515625,3.37451171875,3.37548828125,3.37939453125
133,3.36474609375,3.36279296875,3.373046875,3.3603515625,3.36669921875,3.3623046875,3.37451171875,3.37646484375,3.3828125
134,3.361328125,3.3623046875,3.37451171875,3.3623046875,3.3662109375,3.36181640625,3.375,3.376953125,3.38134765625
135,3.36083984375,3.35986328125,3.37158203125,3.35595703125,3.3662109375,3.36474609375,3.3759765625,3.3779296875,3.3798828125
136,3.36181640625,3.3603515625,3.37060546875,3.35693359375,3.36474609375,3.361328125,3.376953125,3.37841796875,3.3798828125
137,3.3623046875,3.36181640625,3.375,3.3623046875,3.36572265625,3.36376953125,3.375,3.376953125,3.38037109375
138,3.36181640625,3.3603515625,3.37158203125,3.3544921875,3.365234375,3.36181640625,3.375,3.3740234375,3.3798828125
139,3.3623046875,3.36767578125,3.3759765625,3.35498046875,3.3662109375,3.3642578125,3.3798828125,3.376953125,3.3837890625
140,3.36328125,3.3623046875,3.37060546875,3.359375,3.36572265625,3.36279296875,3.375,3.3740234375,3.37939453125
141,3.3623046875,3.361328125,3.37841796875,3.35986328125,3.36474609375,3.3642578125,3.3740234375,3.376953125,3.37841796875
142,3.36181640625,3.361328125,3.3720703125,3.35546875,3.365234375,3.3642578125,3.375,3.375,3.38330078125
143,3.3603515625,3.3603515625,3.37060546875,3.35595703125,3.36474609375,3.36083984375,3.3720703125,3.3740234375,3.37939453125
144,3.361328125,3.359375,3.37158203125,3.35498046875,3.365234375,3.35986328125,3.3779296875,3.3740234375,3.38330078125
145,3.36083984375,3.35986328125,3.3701171875,3.36083984375,3.365234375,3.3642578125,3.37451171875,3.3740234375,3.3828125
146,3.36279296875,3.36328125,3.37109375,3.35595703125,3.36474609375,3.3642578125,3.37890625,3.376953125,3.37939453125
147,3.36279296875,3.36083984375,3.3701171875,3.35595703125,3.3662109375,3.36376953125,3.37353515625,3.3740234375,3.3837890625
148,3.36376953125,3.361328125,3.3701171875,3.35595703125,3.36474609375,3.35986328125,3.37451171875,3.37451171875,3.3798828125
149,3.36279296875,3.3603515625,3.37060546875,3.359375,3.36572265625,3.36865234375,3.373046875,3.375,3.3818359375
150,3.35986328125,3.36279296875,3.3701171875,3.3564453125,3.36474609375,3.36767578125,3.375,3.375,3.37890625
151,3.3603515625,3.36083984375,3.37060546875,3.35595703125,3.3662109375,3.36474609375,3.373046875,3.3740234375,3.37890625
152,3.3603515625,3.365234375,3.37158203125,3.35498046875,3.36474609375,3.3681640625,3.37890625,3.37451171875,3.37890625
153,3.361328125,3.3603515625,3.3701171875,3.35498046875,3.36572265625,3.36083984375,3.37548828125,3.3740234375,3.37939453125
154,3.361328125,3.361328125,3.37109375,3.35546875,3.36572265625,3.35986328125,3.37255859375,3.37451171875,3.37939453125
155,3.35986328125,3.35888671875,3.3701171875,3.35986328125,3.36474609375,3.359375,3.37255859375,3.37451171875,3.37939453125
156,3.359375,3.36181640625,3.3720703125,3.35693359375,3.36474609375,3.3603515625,3.37255859375,3.375,3.3798828125
157,3.36279296875,3.35888671875,3.37353515625,3.35400390625,3.36474609375,3.359375,3.37451171875,3.3759765625,3.3798828125
158,3.3603515625,3.361328125,3.37060546875,3.35595703125,3.36474609375,3.36083984375,3.373046875,3.3740234375,3.37890625
159,3.36083984375,3.359375,3.37158203125,3.35595703125,3.36474609375,3.35986328125,3.3759765625,3.3740234375,3.38037109375
160,3.3603515625,3.361328125,3.37060546875,3.35595703125,3.36474609375,3.3623046875,3.37255859375,3.3740234375,3.3798828125
161,3.36328125,3.35986328125,3.37158203125,3.35498046875,3.365234375,3.35986328125,3.37451171875,3.375,3.38134765625
162,3.35888671875,3.35986328125,3.3701171875,3.35498046875,3.36474609375,3.36083984375,3.3740234375,3.3740234375,3.37939453125
163,3.36279296875,3.35986328125,3.37060546875,3.35498046875,3.36474609375,3.35986328125,3.373046875,3.37451171875,3.37841796875
164,3.3623046875,3.35986328125,3.37060546875,3.3544921875,3.365234375,3.36181640625,3.37451171875,3.3740234375,3.38037109375
165,3.36328125,3.35888671875,3.3701171875,3.3583984375,3.36474609375,3.3603515625,3.37451171875,3.37451171875,3.37890625
166,3.3623046875,3.359375,3.3701171875,3.3544921875,3.365234375,3.35986328125,3.37255859375,3.3740234375,3.37890625
167,3.359375,3.36083984375,3.37060546875,3.35546875,3.36474609375,3.3603515625,3.373046875,3.3740234375,3.3798828125
168,3.359375,3.359375,3.3701171875,3.3544921875,3.36474609375,3.3603515625,3.37255859375,3.3740234375,3.37841796875
169,3.35888671875,3.3603515625,3.37060546875,3.35546875,3.365234375,3.3603515625,3.3720703125,3.3740234375,3.37939453125
170,3.35986328125,3.35888671875,3.3701171875,3.35400390625,3.36474609375,3.35986328125,3.37255859375,3.3740234375,3.37841796875
171,3.35791015625,3.36083984375,3.37060546875,3.3544921875,3.36474609375,3.35986328125,3.3720703125,3.3740234375,3.37890625
172,3.35791015625,3.3583984375,3.37060546875,3.35546875,3.36474609375,3.359375,3.373046875,3.3740234375,3.37841796875
173,3.3583984375,3.3583984375,3.3701171875,3.35498046875,3.36474609375,3.36279296875,3.37255859375,3.3740234375,3.37890625
174,3.35888671875,3.35888671875,3.37060546875,3.35400390625,3.36474609375,3.3603515625,3.373046875,3.3740234375,3.37890625
175,3.35888671875,3.35888671875,3.3701171875,3.35595703125,3.36474609375,3.35986328125,3.373046875,3.3740234375,3.37841796875
176,3.36181640625,3.361328125,3.3701171875,3.35498046875,3.36474609375,3.3603515625,3.37255859375,3.3740234375,3.37841796875
177,3.3603515625,3.359375,3.3701171875,3.35498046875,3.36474609375,3.35986328125,3.3720703125,3.3740234375,3.37890625
178,3.359375,3.35888671875,3.3701171875,3.35400390625,3.36474609375,3.359375,3.373046875,3.3740234375,3.37890625
179,3.3583984375,3.35888671875,3.3701171875,3.35546875,3.36474609375,3.35986328125,3.3720703125,3.3740234375,3.37890625
180,3.35791015625,3.35888671875,3.3701171875,3.3544921875,3.36474609375,3.35986328125,3.37353515625,3.3740234375,3.37841796875
181,3.35986328125,3.3583984375,3.37060546875,3.35595703125,3.36474609375,3.359375,3.3720703125,3.3740234375,3.37841796875
182,3.3583984375,3.359375,3.3701171875,3.35400390625,3.36474609375,3.35986328125,3.3720703125,3.3740234375,3.37841796875
183,3.359375,3.35888671875,3.3701171875,3.35400390625,3.36474609375,3.359375,3.3720703125,3.3740234375,3.37841796875
184,3.3583984375,3.3583984375,3.3701171875,3.35400390625,3.36474609375,3.359375,3.3720703125,3.3740234375,3.37841796875
185,3.3583984375,3.35888671875,3.3701171875,3.3544921875,3.36474609375,3.359375,3.373046875,3.3740234375,3.37841796875
186,3.35791015625,3.359375,3.37060546875,3.35400390625,3.36474609375,3.35986328125,3.3720703125,3.3740234375,3.37841796875
187,3.3603515625,3.35888671875,3.3701171875,3.35400390625,3.36474609375,3.359375,3.3720703125,3.3740234375,3.37841796875
188,3.3583984375,3.359375,3.37060546875,3.3544921875,3.36474609375,3.359375,3.373046875,3.3740234375,3.37890625
189,3.3583984375,3.3583984375,3.3701171875,3.3544921875,3.36474609375,3.359375,3.3720703125,3.3740234375,3.37841796875
190,3.359375,3.35986328125,3.3701171875,3.35400390625,3.36474609375,3.359375,3.3720703125,3.3740234375,3.37890625
191,3.35791015625,3.359375,3.3701171875,3.35595703125,3.36474609375,3.359375,3.3720703125,3.3740234375,3.37841796875
192,3.35888671875,3.35888671875,3.3701171875,3.35400390625,3.36474609375,3.359375,3.3720703125,3.3740234375,3.37841796875
193,3.35791015625,3.35888671875,3.3701171875,3.35400390625,3.36474609375,3.359375,3.3720703125,3.3740234375,3.37841796875
194,3.3583984375,3.35888671875,3.3701171875,3.35400390625,3.36474609375,3.359375,3.37255859375,3.3740234375,3.37841796875
195,3.35791015625,3.3583984375,3.3701171875,3.35400390625,,3.35986328125,3.3720703125,,3.37841796875
196,3.35791015625,3.3583984375,3.3701171875,3.35400390625,,3.359375,3.37255859375,,3.37841796875
197,3.35888671875,3.35888671875,3.3701171875,3.35400390625,,3.359375,3.3720703125,,3.37841796875
198,3.35791015625,3.359375,3.3701171875,3.3544921875,,3.359375,3.3720703125,,3.37841796875
199,3.35888671875,3.3583984375,3.37060546875,3.35400390625,,3.359375,3.3720703125,,3.37890625
200,3.35791015625,3.35888671875,3.3701171875,3.35498046875,,3.359375,3.37255859375,,3.37841796875
201,3.359375,3.359375,3.3701171875,3.35400390625,,3.359375,3.3720703125,,3.37841796875
202,3.35791015625,3.3583984375,3.3701171875,3.3544921875,,3.359375,3.37255859375,,3.37890625
203,3.3583984375,3.3583984375,3.3701171875,3.35400390625,,3.359375,3.3720703125,,3.37890625
204,3.357421875,3.3583984375,3.3701171875,3.35400390625,,3.359375,3.37255859375,,3.37841796875
205,3.357421875,3.3583984375,,3.35400390625,,3.359375,3.3720703125,,3.37841796875
206,3.3583984375,3.3583984375,,3.35400390625,,3.359375,3.37255859375,,3.37841796875
207,3.357421875,3.3583984375,,3.35400390625,,3.359375,,,
208,3.35791015625,3.3583984375,,3.35400390625,,3.359375,,,
209,3.357421875,3.35888671875,,3.35400390625,,3.359375,,,
210,3.357421875,3.3583984375,,3.35400390625,,3.359375,,,
211,3.357421875,3.359375,,3.35400390625,,3.359375,,,
212,3.35791015625,3.3583984375,,3.35400390625,,3.359375,,,
213,3.357421875,3.35888671875,,3.35400390625,,,,,
214,3.35791015625,3.3583984375,,3.3544921875,,,,,
215,3.35791015625,3.3583984375,,3.35400390625,,,,,
216,3.3583984375,3.35888671875,,3.3544921875,,,,,
217,3.35791015625,3.3583984375,,3.35400390625,,,,,
218,3.357421875,3.3583984375,,3.3544921875,,,,,
219,3.357421875,3.3583984375,,,,,,,
220,3.357421875,3.3583984375,,,,,,,
221,3.357421875,3.3583984375,,,,,,,
222,3.357421875,3.3583984375,,,,,,,
223,3.357421875,3.3583984375,,,,,,,
224,3.357421875,3.3583984375,,,,,,,
225,3.35791015625,3.3583984375,,,,,,,
226,3.357421875,3.3583984375,,,,,,,
227,3.35791015625,3.3583984375,,,,,,,
228,3.357421875,3.3583984375,,,,,,,
229,3.357421875,,,,,,,,
230,3.35791015625,,,,,,,,
231,3.357421875,,,,,,,,
