,ev_op_Hp15,ev_op_Hp20,ev_op_Hp25,ev_op_Hp30,ev_op_H40,ev_op_Hp15_2f,ev_op_Hp20_2f,ev_op_Hp25_2f,ev_op_Hp30_2f,ev_op_Hp40_2f
0,14.90189454576731,10.53915341893832,13.87978841587301,17.128535084458818,15.480008799738085,12.978950417082252,16.71631413583788,14.222413679353526,14.058374826753605,14.274422140440064
1,14.90189454576731,13.17615563488892,13.87978841587301,15.935168612879966,15.246385981071642,12.978950417082252,16.917062118011017,14.222413679353526,17.83192376289318,14.420011438228372
2,14.90189454576731,11.492375124433108,13.87978841587301,14.273313993410616,15.143655910134253,12.978950417082252,17.783336050030726,14.222413679353526,14.449172475953077,13.244192683832857
3,14.90189454576731,10.419792164360413,13.87978841587301,14.188066964329305,15.482316765062954,12.978950417082252,18.339904587773493,14.222413679353526,15.154356232270688,14.388582398113678
4,12.05240143260323,10.3183668195445,13.87978841587301,14.139518990931863,16.190073335874043,12.589255357422946,15.77008349141644,14.222413679353526,13.172634537615563,14.745088855395043
5,13.751551416359863,10.35070584528915,16.34597942724442,14.139518990931863,16.127521364665736,11.468284277502596,16.15153898514592,14.853841326012091,13.172634537615563,14.340483183961911
6,12.637949863981975,10.506408009618344,17.285023658875357,14.303892382933586,15.782321061377427,11.54111452782732,18.291666445720562,12.354377706544616,14.362349390903097,14.682095045732272
7,9.75878301529719,10.53404247706789,16.074942247854192,14.112095190951106,15.524233502849963,11.005180727324932,17.28694063593091,13.879242141088374,13.531778505790998,13.653392591784252
8,8.82987659442942,10.35070584528915,13.967007286831452,14.128823809471582,15.550580225415345,13.405218150526586,16.15153898514592,12.295179845601908,14.075388602387209,15.58858962837122
9,11.414358036862286,11.819490550432066,13.890446877413353,14.24007383682404,14.650940548469785,11.825334877145625,16.34672566061818,11.967217097589792,13.329437857476456,14.11637604762934
10,8.95379545649226,12.348995377313358,13.951756468491276,14.239147263241406,14.223081478820486,10.56875516526564,15.026506816153086,12.06774185504705,11.75309748837398,13.807540097960413
11,8.857980385693784,12.24029849655588,13.890446877413353,14.760728507195923,15.331015069520152,9.206127542377835,12.090809596825025,12.26653956204742,12.445545196680584,13.29413927611551
12,9.345057885053377,11.014325026270068,13.967007286831452,14.518307567568838,14.063395080784712,11.528660396830478,12.242101913640377,10.700166028647132,13.978806284646053,13.685613754911303
13,8.679439127609431,12.046394045059474,13.951756468491276,14.842694208374095,14.231845412432286,9.728069677292071,11.405052745699171,11.637033996717353,11.938868156150347,14.28534610692282
14,9.129304546220808,8.180844697014276,13.98581835271136,14.710785516534768,14.588463962158684,8.730459366891614,12.68032412379147,12.840160526273749,11.91763454744454,14.49279250768636
15,8.882166781252748,7.797937515726806,10.977617239905086,14.72291482706437,14.098700463889998,9.187243668137373,11.580689178583077,11.511179158681792,11.924573504127542,14.090748072511406
16,8.453772549870047,8.062487423252811,11.054827914518052,14.710785516534768,14.427379719622492,8.730459366891614,10.685671393702695,8.83003069528995,11.91763454744454,14.01268715870355
17,8.453772549870047,7.7976202828025825,8.445078947802681,14.842694208374095,14.142680180802348,8.730459366891614,10.121585543461167,8.4996963515001,11.938868156150347,14.145302013424637
18,8.312444811818933,7.7631880701605125,11.1141769886428,14.72291482706437,14.248220731668296,8.730459366891614,9.82846866718746,10.8979903025416,11.924573504127542,13.575267965417755
19,8.312444811818933,7.587210249444798,8.216463590595675,15.51788046353088,14.161842319374866,6.363333255963173,8.934874916621862,9.723169594475836,12.013016715142747,14.59001120378081
20,10.56200893343141,7.657196370968136,8.386030391884288,14.631459112507478,14.44676817955227,8.044653149397828,9.773187421530688,10.189428986244286,13.702047931563245,12.885473752262818
21,7.6075148132688035,7.554557596959973,8.358029095386602,14.222691957024146,15.104321037623711,7.086702504907325,12.140989435799494,9.019355446744827,12.051356691359214,14.993233222277276
22,11.168379420361935,8.880552069191621,8.228396567525515,15.73658329360874,14.443504264141296,8.535245037468448,12.582350340375136,8.501555631043436,12.004792395966803,14.416376749739456
23,7.445131485672778,6.410784935852997,7.579035275819091,17.020111920110786,14.296987918961387,6.45837614621713,9.322666553129867,8.740981473075776,12.193267890737564,14.77662853270172
24,5.03952958702643,9.592572468872516,7.4381686884793865,14.339216760975226,14.259753944328263,6.6157118633206995,9.264134019086029,9.916626193419,12.662531079246548,13.749987774740738
25,8.119914349030672,6.336547779576536,7.452911288558321,14.169112058292658,14.61479865357325,6.367664913120373,8.686978007491653,8.416874282581885,12.888220861446818,13.71662133171421
26,5.010974708208525,10.637363009949535,7.991856662644179,15.236248984236227,14.259753944328263,6.175106750567814,9.159134854046734,12.956188478724641,10.14580072003834,13.749987774740738
27,5.223700605092782,6.919061704683664,7.4381686884793865,14.93128527399807,14.296987918961387,6.137156311330527,9.259542482294952,9.622739010844601,11.248736655123906,14.77662853270172
28,5.125858526373515,6.020621510330342,9.27407730847605,14.41817876622347,14.61479865357325,6.138968156345111,8.844276152110517,10.535212548461642,11.804734321246375,13.71662133171421
29,4.7472299659486925,6.493825652960222,7.4381686884793865,13.908574228275656,13.695708015888064,6.207925274571138,8.696905854614515,10.051265590195937,10.929453645799866,13.413458221629256
30,4.873119332333887,8.863354164469582,10.246497866831463,13.86385161659158,14.111027875099882,6.288883994320284,10.716950134257322,11.37536737829676,10.24175701369116,13.44953303355414
31,4.550492887884303,6.0133229259727035,7.4381686884793865,11.973148933297965,13.444406141846612,6.978354183343727,10.035952777136934,12.562038272854728,11.728801484711157,14.532679993611778
32,4.024219410414015,6.159565643142745,9.729941602136746,12.658852556369915,13.684536685548933,6.137156311330527,9.676864578454989,10.23766326294277,11.483476453687498,13.148462944364372
33,6.106892722176658,6.014049734655077,7.4381686884793865,12.04227741757476,13.720277279073692,8.446148993486522,7.637181739607305,8.287751793478874,11.421406522067358,13.641711561569258
34,4.024219410414015,6.3818949584496725,6.787244113984486,12.281403910644917,13.757934226178651,6.137156311330527,8.886476668766807,8.216345454992247,10.631232953255521,13.241272600716783
35,5.252062253605521,5.648474801048269,7.933707891199748,11.955614361576268,13.608470563796573,6.48234037406225,7.908189551795539,8.212669282066997,11.20718964972946,13.552147998743411
36,4.3162315367615784,6.602501862561289,8.154396487567762,14.406457833143424,13.52823597432931,6.137156311330527,7.579232169263994,8.208572700803725,10.196008309240586,13.635120918972882
37,5.334259946674174,5.910817279667172,6.68850342144443,12.019797927179127,13.676750308345794,8.03590872032525,7.326055798328371,8.549398737952338,10.035706675683365,13.603737743784787
38,4.203719518063572,7.729112375215656,6.8418754584829555,13.259986163484282,13.957852855331966,7.48543173797365,7.079604467855605,8.469058570569295,11.356667446820946,13.537316132870536
39,5.236600440034874,5.611974022718426,6.674301676403815,11.950902731909688,13.790117983082064,7.209367684198801,7.331121583507359,10.58321217139355,10.428083204829028,13.700588126213864
40,5.619012921960841,7.232692018359391,7.311704083119835,12.286270124316188,13.399478849679285,6.547089178385966,6.9774660037826965,9.575589010414758,11.14854937873879,13.364387461044942
41,4.828078100293067,5.626097673994338,7.991886157752375,11.950902731909688,11.974976729969798,6.90375283443405,5.676909896390376,10.58853032312568,11.045468440985118,14.06001617260987
42,4.278067024888247,8.234221806881466,7.417034655241065,11.730625000930916,13.196847629098013,6.162483698220209,6.179461774495514,9.122392357642354,12.123168996762725,14.728522118403038
43,4.318573777566134,5.250526950668214,7.41478804655251,11.730625000930916,13.6034899844536,8.070042461742611,6.445020086320841,9.81198788038943,10.152004429353743,14.438050563272093
44,4.341873892785619,8.089465738371338,8.473859371492726,12.12529323292401,12.032602604636363,6.198191206771179,6.9646429014428755,7.551812879379802,10.138846494537129,14.01161309138234
45,4.311299587285757,5.246037544924818,8.063611594159742,12.132357651389693,11.287073549481496,7.376507195652348,6.100083208718959,7.648713719768403,10.201619743238806,13.735334938317436
46,4.179154641419716,5.517704998848546,8.2827992457611,12.913169941423309,13.573817917558973,6.1575147678650195,5.979649726188258,8.002518388849431,10.138846494537129,13.892471353765378
47,4.344550164821815,5.610899313362703,6.6169538923329005,11.944485947448383,11.261888643265712,6.317195254957693,5.391664385505952,7.826442204271661,10.152004429353743,12.277032232881114
48,4.215719701679408,5.902642538218734,8.225358748153313,11.930084783987137,12.772546287233782,6.022000361556442,5.7384527815536295,7.815286015793612,10.201619743238806,14.778281678257002
49,4.327493429190821,6.3606196199010245,6.75417851468068,11.046310803206083,11.722842058922797,5.983136578189637,5.391664385505952,7.457378618509974,9.879400043036389,12.429399979610162
50,4.101392029173658,7.264960811491618,7.702213646912758,12.036294248577487,11.482568817410584,6.111794357825307,5.149245167120215,7.614069070395747,11.159490383377461,13.83252158503561
51,4.328347981127683,5.230973844133852,6.971441636016024,11.460267302177549,11.531845065570634,5.983136578189637,4.974941354240744,8.725831339896112,10.115563892690828,13.07892908167808
52,4.296148520936973,5.276153762236031,6.6585472630422045,11.4888283483505,12.735892847445642,5.894440794066726,7.859216340346368,7.457378618509974,11.036605464844705,13.41320198541127
53,4.024219410414015,5.204465297944246,6.151891385948092,11.367247015671103,11.93769204806548,6.684020838116534,4.917368189397202,8.30245463523884,10.56887251222552,14.705414034674162
54,4.060044093673752,5.169468631864625,6.954694199055171,11.684645342907642,12.288581394835754,6.112691575198013,5.899669898637047,7.457378618509974,9.717070619627767,13.328025233694483
55,4.16777982028533,5.5610267801274675,6.759310056726891,12.160139056871296,11.377365886811742,5.354365310988862,5.884925426758081,9.73100441798687,9.565891293016286,13.178931830023878
56,4.340930296223648,5.232222606039517,7.399985882660197,10.542027216156766,10.32285641104988,5.980109191553553,7.054691607209919,7.457378618509974,10.026179652885661,13.182518200807861
57,4.146668404606149,5.416911883821722,6.216339963475583,10.873008305819905,9.867821184165692,5.75788045123889,4.776284747106877,10.35911239093404,9.75175480456585,13.627277148310707
58,4.477808711524473,4.799663517772805,8.582111980108698,10.43498132229835,11.668750372762526,5.088176284518693,6.131631260997373,7.457378618509974,9.569700076539787,12.518921622837407
59,4.4557523547209446,5.339171197978071,5.809151516271906,10.576289993136882,9.92562125271947,5.20625651460781,4.718988175952397,10.997892385911342,10.072188632343895,12.028737495246459
60,4.2608185120606175,4.809379057227153,5.680129644155886,11.101124834769047,9.208641991633302,5.895152513451368,8.305713583497708,8.078722927107513,9.629051269028723,12.63269315630427
61,4.317983730168131,4.490425430150984,6.250950045758269,10.738432483570788,9.333568163503177,5.423528223672517,5.405422462093405,9.534255600964341,12.526485660965912,12.768363936292268
62,4.372117226944319,4.472971607405531,5.573114530626373,10.491690637505725,9.586161400057973,4.515160855118675,7.999651591280367,8.194401862714129,10.651454602862039,12.431933858941226
63,4.186983436154245,4.805922387976387,5.746406485791636,10.431228838161319,9.337490849116792,4.385067357116178,5.010394885170059,8.40529390219239,10.061406536072987,12.11486566796415
64,4.168593171336941,4.390560564004283,5.573114530626373,12.219757061375105,9.354822939294115,4.939243339974423,5.790325319196358,7.979312526644179,9.70625392990269,11.945723525083741
65,4.316590428367372,4.688004034177529,5.676138126480143,12.132416941603315,10.01874310107479,4.795779377529349,4.904278096432109,9.190226856523314,10.07832390870813,11.913621717295788
66,4.292247256853696,4.847344841922284,5.573114530626373,10.672008064021313,10.398456071714913,5.437358199886454,6.469508129098666,7.962265681982097,9.565891293016286,12.120138185437947
67,4.282764116360833,4.497629837944783,6.1437074074420615,10.714038180302811,9.401514926799008,4.377812394276262,4.873841981685318,8.883639613794001,9.943254623356493,11.938127780569667
68,4.444325349272459,4.353205087127967,5.435291717901397,11.518226318234138,9.47784561166249,4.422665617049645,8.246423650024662,7.9184057613796215,9.870404261116661,12.13377354749009
69,4.326545353772179,4.9341262571364615,5.344059521683244,10.26026924832308,9.280055398864233,4.371079424414571,4.706598376291144,8.239881157537836,10.469948653628913,12.326079085778872
70,4.2934613497979415,4.3801662477471,6.415281113157209,12.022196746757267,9.984001903238548,4.8464015895285915,4.8692256855473035,8.597008063990097,9.654390586650807,12.237101754873958
71,4.2147602421327734,4.235653642143717,4.6695942136625765,11.678872120396916,8.808812460962761,4.339353957134123,4.653969485358575,8.373357238982345,12.485783631696648,13.310521682195905
72,4.226799565470285,4.726431451033756,3.9111827426116466,10.496367067705135,9.325736399882567,4.712350139809198,4.736368982141638,7.526124389274722,8.7980141659625,12.617549720460161
73,4.2265035118683505,4.290127909391735,4.228650969333915,10.339905512771349,9.282158249106358,4.3813770565022025,5.611863418611462,8.2861741194595,11.80280942769498,12.632101731197832
74,4.213585063919036,4.227653506077478,3.988477069174592,10.724478124753475,8.486225277486907,4.391278444447496,5.552180376931125,7.233057010220184,8.883328352542428,12.336467069791714
75,4.024219410414015,4.132140532791665,4.168797292934467,9.991938424476189,9.420292412432282,4.3647696043206095,4.713764149932521,8.319262543104873,10.159545669852315,12.107407235348145
76,4.112881433809539,4.204261773696883,4.402087920646725,9.084753883372052,8.428427740073916,4.052958151316907,6.138180149842732,8.079454402022916,9.121453125958576,12.103395277757059
77,4.135376242596256,4.2121264474058675,3.977658207215396,8.949680099158671,7.514353342304911,4.052958151316907,4.986820472352809,10.920899548272624,10.29692757548095,12.032950395109468
78,4.294925459498967,4.285111382613597,3.7952920490987947,9.320874059212054,7.252289318083335,4.179859904018057,5.6341126361437395,7.760751671325283,8.961777544749712,12.025786414636611
79,4.261268528084903,4.158374824272252,3.9645360353853794,9.895080789478065,7.3044102488799645,4.052958151316907,4.762412784880383,9.319692921786485,8.793610709771277,12.104077448782034
80,4.3182389372437555,4.1220262580133475,3.897944787496682,9.528447241700057,7.613701519478436,4.168740692667577,4.841527732357601,7.642131890772076,10.25845506346506,12.254787035523895
81,4.147841691298587,4.6526853607111915,4.077874889645784,8.858058988306754,7.380974912514297,4.052958151316907,4.724923356079566,9.479959684583195,10.198707023195372,12.407152772322144
82,4.203776097340276,4.039942733410264,4.0107757392669185,8.729751588043284,7.4619558562536366,3.8193729200369564,5.203043211926103,8.597208888301555,9.123822649050672,12.693699836749985
83,4.0853791883825,4.896385715817408,4.625345740759074,8.395709688255543,10.459441910476198,3.7207554055363556,5.278933481057489,9.63702330398603,9.29370106907547,14.757243664077503
84,4.077168899273619,4.147891413877528,4.105368112728981,9.732373338968884,10.74476456148133,3.829319440618805,5.701252234393646,7.47196188023645,9.066165129671147,12.244282554396662
85,4.155608819197529,4.13748175800334,4.7458699026917195,8.202355911486652,8.627626267625157,3.752804572537537,5.182226374518641,8.304910911393293,10.544167969910015,13.711382417014354
86,4.247718641467636,4.167828528344286,3.802664395692513,8.1582555875228,8.357109258539792,3.534322485492676,6.763499562974192,7.3549103433396175,9.0504079764937,12.714979455555206
87,4.298868436543094,3.997218862786437,4.077433903532794,8.1582555875228,7.93532454455526,3.720268106362845,5.3503668793992185,8.280893638325711,9.986807458941417,14.168409322904813
88,4.175317642764106,3.992393999865575,4.066517700915096,7.966971002948842,10.598106931820594,4.129461624295128,5.059061909452488,7.506728597885211,8.861506593985021,13.260537019464776
89,4.067538011117831,4.662379118084436,3.841148731557876,8.210990570393635,8.099163445981281,3.8025900137747173,4.744170858111773,8.369766883168971,10.594776950106175,13.321002294906025
90,4.227594321895484,4.078434058330978,3.8904992763844852,8.336731029973055,12.491635472302749,3.963204181240013,4.706911714162,7.204818209715998,8.66474677516712,13.06563315094545
91,4.083685100958722,4.894517645710144,4.400383153633075,7.720847000573996,7.885283816190863,3.639142326962572,4.78862184331924,7.304885257001534,10.728057740563827,13.090724907760269
92,4.073353133456953,3.84058471323428,4.099913236108891,8.460905587253754,8.804380669973181,4.214811756257859,4.653969485358575,8.06717663547351,9.418611796836613,12.010301435919747
93,4.1543326518424815,4.336612963728533,4.336697906485314,8.031053779032943,9.040436637886506,3.76391251037177,5.213933556812612,7.23366767762757,9.74135997410082,13.33831098647631
94,4.170470926744748,3.9220148034767757,3.913311503248897,9.679802264106648,11.722272726058065,4.094412867602654,4.787965392735849,7.267885619193675,8.653070347958657,12.646506035766404
95,4.186641165744143,4.488468336690731,4.314776314006869,7.406025205885372,7.285937492781246,3.5966426269532192,5.380625487485953,7.18651646981248,9.920923925612641,13.657744356669841
96,4.024219410414015,3.977460581882662,4.13552072767288,11.17765321063464,9.706461509910236,4.288805866289666,4.494901761589086,6.9424722218289805,8.581412744769624,12.547221354597855
97,4.056295401225281,4.034768091019181,3.8865359293061204,8.810278271849727,8.268966750862484,3.7550273155338862,4.8430524263601145,6.966618592530764,11.753745735888266,13.422975504011255
98,4.058177849639566,4.251329123971396,4.120987536626089,7.567682348938311,7.745015364835104,4.331291574939647,4.730388618052698,6.858473250614295,8.39421362456152,12.371640630299192
99,4.151679171165634,4.2781978021380205,3.813884953770289,7.146320323482022,8.127052213750497,3.740979189011237,5.234644114607091,6.783942684451806,8.92243012502376,12.66398265346098
100,4.093458241167442,4.266430396264555,3.8251789283668836,10.014484198122766,8.106668285684547,3.7506812924041113,4.77236814568297,6.622559093127192,9.673633183679598,12.22662803566875
101,4.096790125860363,4.485998248513148,3.8394558801129754,6.951420900472574,7.315544911162309,3.8574580459969927,4.997552877260223,7.142954881008264,9.748217174967882,13.567221779852826
102,4.15101017450343,3.8669378415318225,3.9016812438317543,8.27060276938246,8.487016117632312,3.61424658505792,4.365255507210229,7.697690476441122,8.194043606499912,12.669946361742214
103,4.060011130556616,4.1663590527548,4.102969188210671,7.391377150654835,7.4491513964046066,3.5716765936309613,5.442992847936078,7.153336081486827,9.928104740324308,12.827325998879893
104,4.107632844188586,3.5347680492716873,4.000890685311948,7.017222583953128,7.310359795146077,4.026493906198209,4.78824539717301,6.716152803738481,8.142763724155108,12.582067895188763
105,4.060889463708937,3.6052117707864255,3.980570569716148,7.280567437546865,7.461654687120786,3.516945635066548,5.190924546343168,7.18621802751253,8.246153445031247,13.620229456968971
106,4.105458604146082,3.8489454244255774,3.81794819936497,8.017509468369287,7.574535172220901,3.7340224875154724,4.370178305192973,6.865926464792362,8.110022117202854,12.388895204741129
107,4.101290539754993,3.6538213882078034,3.8304338606018526,6.771539558953332,7.560312817623318,3.6270855888921143,4.346099271223342,6.668829967973755,8.453961829025632,12.825066605028587
108,4.071476380409642,3.6094682813171852,3.8615425765229903,7.084045269635687,12.919698278386964,3.618696013569516,4.5285812154603855,6.252588849805392,8.110022117202854,12.243067542174304
109,4.049998251428132,3.563108243068797,3.8704882334215442,6.80764961942163,7.649017246588507,3.52558345965648,4.630086063294039,5.948249706854697,8.341942871614158,13.533860712285499
110,4.092465554677376,3.6151554221583146,3.9307428836575316,9.913459172016589,10.809912430130371,3.516945635066548,4.2217449156331455,7.078688986405583,8.987653849870785,12.585217593519202
111,4.063398320014568,3.6711360870260394,4.047569369628422,6.849576075230144,7.289365121183192,3.738932336695954,4.380954830577821,6.127287038007621,9.736913575965643,12.944387562367442
112,4.057078205355737,3.662217227317793,3.8684578673214998,7.3523707001566985,7.306010260174828,3.516945635066548,4.2100946906779395,5.576745825776961,8.199729911284484,12.531013699529245
113,4.0748016782505045,3.7664308824632506,3.837262511287533,6.823377242121707,7.241236918708473,3.7390760057666985,4.662067304373497,5.654348135793181,9.09170981619926,13.390555277030314
114,4.0389612970718645,3.570112285466707,4.0349524650927355,6.821646161483791,7.472847863831694,3.6584295621568668,4.185221960947094,5.504705561925738,8.365246218902817,12.365964877763226
115,4.012425658834388,3.703999226215476,3.8551627936316004,6.603282076787862,7.59195214008265,3.8599653387889443,4.95321912115359,5.678296425403864,11.423305995773195,12.608011982973796
116,4.050910587179003,3.408060538483628,3.9994029577433743,8.625667113975602,7.393659386451195,3.7058053216998705,4.275841997833313,6.489392403207383,9.56961217111488,11.691776169254382
117,4.033669401130424,3.439476291191188,3.948371601668658,7.000938601163658,7.558525884842076,3.6988200282807178,4.769887072171049,5.793383216196421,11.09688583412603,12.535540056096137
118,4.062062992165399,3.7318921195328327,3.8069677967062665,7.419891376339989,7.991331441542191,3.777524610047192,4.372647739419859,5.728185726489343,8.336266553607034,11.87037388102981
119,4.017181947230121,3.5849744475859193,3.832554588688275,6.7221531304164115,6.801310501939805,3.7684905512255567,4.404619602182781,5.501288230085301,8.761344456060085,12.462654312249667
120,4.012425658834388,3.3306805248183804,3.8202735108573496,6.515096394067038,6.824341207436343,3.532180408543743,4.85353944667334,6.380260529522434,7.802834153920221,12.445151619048035
121,4.044982256094765,3.4355530835772283,3.8099287645995963,6.732096726358594,9.187038650096005,3.492668402409822,4.392599263941586,5.536969985111984,9.616108117070208,13.267301764220782
122,4.0615043690797545,3.2953437841315725,3.9786623561651653,8.321123382871935,6.8834776707696355,3.496847277780496,4.4415872757575485,6.3408216410406695,8.553833872457789,12.095987223176746
123,4.0330170151362195,3.369107378405472,3.8593543990732893,6.4562083565293085,8.179444553261519,3.432480369621694,4.494892681783818,5.7205829509454365,9.859459186822077,12.871464876239944
124,4.045800435837537,3.38243077823216,3.9310750586427043,8.801714954916859,6.759909921882422,3.5334738463136084,3.980355551545318,6.218370562975406,8.321891861239628,12.516160967974246
125,4.047486116053455,3.4505070802123345,3.7627105485709746,10.536862001776772,7.853313558144471,3.4659151704643314,4.511006041396538,5.845396147236528,8.703818614219546,13.31284138054001
126,4.072089418878421,3.3711039348301624,3.828936799255724,7.29976651731174,7.363147437586784,3.6139012815827,3.951811116337085,5.978982220660048,8.252175173159074,11.933557650691034
127,4.001132895272419,3.444342093707319,3.8579921943124025,6.4562083565293085,7.0367922939292,3.5017816681963803,4.87834439554968,5.250816671565432,10.98045267299462,12.856765071315168
128,4.015967993111831,3.4033522194544914,3.7857819789216327,6.339623147585284,7.277273400833255,3.5207888979917015,4.2559934426060675,6.2407615121257045,8.611150695138889,11.929802009260873
129,4.060360458085662,3.3221044097317765,3.833374616973247,6.326711373981971,6.836070024005087,3.59379079242352,4.010425554921587,5.682603232670595,9.140870614117437,12.742500638654887
130,3.995877045305996,3.507710381274428,3.9187578541514654,6.670515528745261,7.634849078805828,3.426543688623405,4.050830027974206,5.227568939588868,7.683017938816771,12.515553611634136
131,4.0213721088852505,3.5238217563746437,3.7652339941047277,5.857387705206668,5.756768405653191,3.5251434189080046,4.0133972326735945,5.137672085906619,7.517224797057169,13.36227462157472
132,4.003540556326507,3.2883138918537047,3.8881804629334487,5.968697666742577,5.84603833980658,3.492364068890677,3.992774195921182,5.407171198432907,8.419209942236948,12.593491565171645
133,4.0160750124791065,3.4250637743549275,3.9878972578010097,5.78728457508731,5.709227418614622,3.3736857187858553,3.9302127739774115,5.138903538274234,7.775249272930002,12.016853476193065
134,4.050872573541221,3.429768444766239,3.8217022285647473,6.301435677648983,5.990951048405071,3.3565927059295357,3.830497785451439,5.488736528671519,8.418700411640764,12.297806785093986
135,4.022730799027936,3.2922781896385573,3.760957273347676,6.1564308218611306,5.700638083171875,3.406546141135388,3.882058874655811,5.123075533418331,7.674529193765179,11.706339498974769
136,4.007645422559359,3.277781932463582,3.824811593466325,5.683473198013581,5.702131064626442,3.4291703692793987,3.833369439646903,5.619643951712905,7.836345168117898,11.53508133585096
137,3.9981964355888113,3.339926070299783,3.9049207156509302,6.334916860921663,6.749934702189842,3.4361704609875603,3.8376816381096033,5.157698003258713,7.484585066705945,11.841076244940298
138,4.002977950508142,3.3826251465312014,3.7480538135148507,6.063306753015727,6.459935400175814,3.4024984723727023,3.9302178315475627,5.480356758385092,8.737910907621783,11.83399538488943
139,3.993879217787562,3.3748970403698,3.800938753913449,5.3885792409052495,5.940830268228022,3.41456089114345,3.903591103589073,5.126596665419921,7.607639417979516,11.58726973901551
140,4.045907438642475,3.3559808376288633,3.725139510585855,4.967934523335184,6.318478705773371,3.514010726769922,3.884073654964786,5.036907323850453,7.544601054458624,11.46415206565296
141,4.025186491726831,3.2776174251500807,3.7304655471306987,5.377532047251712,5.4658011912008595,3.456809125244222,3.844803749855858,5.055813587306198,7.397589438516554,11.377881970015235
142,4.038215652398143,3.2992282720643695,3.7771083910990124,4.416563159605941,5.686520979835719,3.404029892469217,4.144193768893493,5.641308652515488,7.691555458086377,11.78484056130762
143,4.006681345699393,3.4259800423820987,3.805227524777254,4.576569631466614,5.636438560985176,3.531754827023314,3.8710567233766637,5.445233026809806,7.364578178039409,11.568272748288283
144,4.0348316204546615,3.266809922440161,3.8668201810597047,5.106106285743427,5.788450311611862,3.512255477338924,3.9195525566315768,6.05089103200751,7.321255974797215,11.75678109818213
145,4.011955986548237,3.3802988608116262,3.857657139308521,4.443322807290662,5.389907574492501,3.508232875204773,4.001224780040833,4.948631808097996,7.52069089628032,11.370058930270028
146,4.034640722145155,3.3560959482592545,3.814003847895731,4.296084438803217,5.330788343019914,3.536086694805139,3.9318111879584587,5.368268741080126,8.362519866963044,12.622212165957091
147,,3.312064621658634,3.7386405084625136,4.145881024403207,5.6510482269426,3.480867779643113,3.9345481442397547,4.999528586565894,7.230759665817327,11.569966468989557
148,,3.34300825549557,3.7113589201929105,4.2502093306381274,5.376414618828406,3.483694563987057,4.076433892242946,5.297086802783144,8.175381192564059,11.983732356855931
149,,3.3884473908776123,3.7328658356632056,4.03053878646085,5.318612704373933,3.459564391067633,3.8241712649459028,4.8001740216697115,7.550272334173294,12.011300984425015
150,,3.3383411207911045,3.7517813682520442,4.2675522029379405,5.366598567645815,3.3606004091463366,3.789410303186204,5.143403607329181,7.447657298657059,11.810142405821042
151,,3.364855671622803,3.812146813925324,4.236646320724833,5.385517815330617,3.4705741592676786,3.8762872987045895,4.84374217154906,7.355891651321429,11.667373609537476
152,,3.408618194260734,3.872717665806037,4.284853613913445,5.165936768838954,3.5155187348736665,3.9394820125915886,5.0383798531797614,8.447998470360336,12.142362299344036
153,,3.420616937077843,3.723294497390293,4.166263847924316,5.270410932114378,3.485660344860268,3.796248958477527,4.979175510582528,7.6186936766221045,11.860775039706052
154,,3.3114809140310415,3.9218447026403487,4.48534439565119,5.602219044941621,3.44297844015134,3.9105005463331244,4.8787236387635575,8.475465824589238,11.470681698327436
155,,3.3557125945863033,3.658502333292559,4.248178738244896,5.882590108738619,3.437910706440574,4.012835243826393,5.230561146277977,7.282446149691117,11.656098351576825
156,,3.376112907595634,3.7727692956999848,5.0500213944038554,5.419534019536814,3.3566647400970693,3.759526925967278,5.933889238718336,6.502070373484466,11.868793227066714
157,,3.37780331640539,3.836981523951273,4.588604859686351,7.532920092787863,3.588821867103366,3.8901492778615743,5.03345078721755,6.776935821824394,11.859587121403713
158,,3.3724645645607367,3.825606159046802,4.160278467584709,5.118861397573023,3.4250248548801037,3.7703141196328187,5.53447619641678,6.7309903669274345,11.813763809516889
159,,3.341556501045645,3.792906802865668,4.03053878646085,6.5575668684710084,3.365457251861271,3.803592581808125,5.048641410211097,7.0180824843495415,11.579298119884193
160,,3.400400727123939,3.7485118154565287,4.241097429539892,5.430438232199475,3.5185998774681746,3.8564325063595244,5.438367478479207,7.1928422053280885,12.118419265364473
161,,3.2432367423613253,3.688631722972042,3.881964898682582,5.683809891484152,3.4363756069895834,3.769293929841779,5.1087250866722815,6.897659526991564,11.694205182059292
162,,3.363722588100606,3.759728642413436,3.8613761544414285,5.288429040373619,3.4537251783099077,3.942416966065351,5.92115994400921,6.618419638235038,11.979143121445587
163,,3.2269979470450236,3.793739135728939,4.169870807211823,6.351850864107561,3.5070234037915626,3.9535136688318016,4.881429215015727,6.522925571340108,11.54356595713833
164,,3.4098513941487956,3.7438732895866798,4.417031619152437,5.102672053126265,3.380428276350787,4.122781513402715,5.214235744688152,6.301992742213874,11.487127211784017
165,,3.412696437613797,3.732551924200917,3.943683255920422,6.312855207865155,3.539429117370042,3.8916208060254225,5.467438699684795,6.327625499854582,11.513035461430643
166,,3.4074320077183993,3.7570199312837294,3.8623663892117723,6.444411088239867,3.5226099323708695,4.067377060444085,4.513325540120476,7.374548130343639,11.594046606523351
167,,3.2313673059200645,3.8247438655193244,4.933446514860662,4.891567783415297,3.405493601507895,3.9336786446015304,4.645009089562091,6.294053560218721,11.940118993550493
168,,3.4082254368250773,3.8955160217353684,4.845117915839106,5.0918558113991885,3.487924975933027,3.773446180132957,5.099522029916785,6.428590719166159,12.299460098230421
169,,3.2834435572410468,3.7561414833084035,3.987927551574382,6.0989376223740885,3.4005486642528746,4.119639162545189,4.659229261331495,6.245015103249742,11.945999480794132
170,,3.354246309902684,3.7626178013558325,4.547407854754145,5.137673674773645,3.4593839929683794,4.0645704865138415,5.273963535355954,6.842750541211816,12.07058506257287
171,,3.3164721709260028,3.7636964829239705,4.070766935683937,5.817605055396336,3.4130660303346976,3.8518095940766552,4.495675180214825,6.146846497502189,11.503297389325857
172,,3.1835660970361124,3.5994665898437113,4.377839892280946,4.955732424427442,3.4566451147373796,3.9222560244807902,4.527049768590864,6.495653079833715,11.685211111998429
173,,3.2661666558872766,3.784384399182997,4.183635110115864,6.669323733268246,3.4332492118098297,3.9031164998859733,4.698750655601155,6.213172288473813,11.372920015917657
174,,3.278732197545933,3.8008738075188155,3.9622921286756467,4.9451153312343985,3.367970209615641,3.6225948097425182,5.371832725582513,6.996038639213156,11.46518422773817
175,,3.270522072544673,3.8245204419262886,3.9343162286109745,5.793219296133452,3.4150015101500504,3.661810393997524,5.050360536576745,6.331178146984212,11.513579539288246
176,,3.2931590426558564,3.6708042801178338,3.9543479962610597,4.857439955031567,3.4785796397113184,3.7762956461280965,4.358763894214913,6.336781969889298,11.57248616609926
177,,3.4028182282126966,3.74492223344185,3.793499825063729,6.026414222517927,3.323249075443638,3.798084316239269,4.706352048158186,6.351926210731902,11.391685794113823
178,,3.23420351849675,3.753730204662672,3.975817644291192,4.956012293342639,3.4579746950085277,3.6837444187176134,5.023035167968459,6.821230824246787,11.455678557606841
179,,3.3491506813015555,3.718134725852402,4.01553191023679,5.831216241193452,3.389008392330393,3.666207947261422,4.470853048082776,6.245210340364746,11.418437343505648
180,,3.287832431643054,3.7793779871978956,4.153646303779911,4.807137846894555,3.4721566695079806,3.674770352697028,4.90069113861014,6.999111785493977,11.481003415748388
181,,3.270569912130005,3.7500327711706163,4.0804829973354595,5.784822707695176,3.463029961028089,3.68295222225614,4.015669623194726,6.177092350401128,11.856945114156684
182,,3.3644170041210417,3.7291765696252117,3.9440938854883862,5.294166063906215,3.4138963417443993,3.5783684105741504,4.371371758438913,6.468211684008375,11.74023235805663
183,,3.2960478651749456,3.70220269763492,3.901933252840988,5.36258194370285,3.5377975525077154,3.675269561657751,4.132275424699539,6.226558303335403,11.883906622287187
184,,3.3011040844969717,3.835834756761015,4.119364794418965,4.8634040730235695,3.3823548343363212,3.6248754381815096,4.238628545372213,6.93603347857868,11.172419490169016
185,,3.228296541157675,3.6893272788724816,4.27419140831832,5.093823824221342,3.3730883648465215,3.621560466046206,4.098119421269134,6.183270720706084,10.91324674087847
186,,3.3514800626019947,3.832380777651401,3.910441927324811,4.819216582669564,3.442477096312619,3.5785996020689197,4.348417359200717,7.736172354239979,10.952192812517344
187,,3.205186760828161,3.658325359371955,3.97286900479005,4.846653075993975,3.455147835743016,3.6628775537201337,4.053293934862107,6.849357205691716,11.07866702887469
188,,3.3263500428622894,3.8011045322479684,4.180508916934278,4.763745190847493,3.4791418183993588,3.5459723391152105,4.987931849042438,7.2864081824289615,11.11317539377006
189,,3.314381053897607,3.687857034134683,3.8143250437789793,5.4701641328322586,3.5372061536938415,3.5705180776366903,4.097314895802192,6.441024946309717,11.286303447637792
190,,3.2519997656593347,3.748353200942997,3.9549283670368824,5.124065810258479,3.472206512321821,3.9286633753264693,4.38054533710486,6.56723242203192,11.700654872184142
191,,3.2784528680599676,3.6963825544438924,3.9733059965524453,6.652265950947065,3.3927872440881632,3.7406981061967257,4.230428276952321,6.195934667435922,11.143951407972244
192,,3.340967102720114,3.71650890081564,3.8063300806470766,5.274970598314151,3.3887608328051386,3.8224744261598036,4.383134287027841,6.325424313421982,11.99622083001558
193,,3.4280608962907158,3.6779854127940617,4.042685149112793,5.645871620608163,3.469056811887976,3.7818494796465405,3.863073148534708,6.174354389689437,11.149153093827882
194,,3.250543925186065,3.7948107346600177,4.20317862685553,5.201928212804401,3.4803971775920943,4.051959925018588,3.9837697935585883,6.350301821604177,11.013084247881238
195,,3.299676546894763,3.66065129512659,3.9098076891184603,6.062715240797221,3.342345518429672,3.574210375160046,3.915826345302442,6.500552029981182,11.3495548910807
196,,3.3054676966897265,3.6620393984810433,4.006163025662869,5.044869361770312,3.414400503632227,3.768660683189944,4.623362725082994,6.454470018871894,11.839006501710898
197,,3.217391678112228,3.7110869236202277,3.9174704535603704,5.00138598680665,3.458644871443672,3.7005547811273978,3.924468249341948,6.200274259691129,10.952160348153898
198,,3.305457657549108,3.711737526791571,3.934301124013163,4.908668422871251,3.4323163475265237,4.096018132263356,4.6198369123810314,6.6027005250366715,11.194403109570613
199,,3.247025705615421,3.6630566202816937,4.330041729906897,4.910731337510292,3.4573469382512503,3.748943233488169,3.959052253260849,6.4119399588804304,11.090636811307215
200,,3.2363218331717944,3.65799287758199,4.109713368252107,4.946637012825331,3.509364435942678,3.520012743164443,5.206964328076834,6.429053741581261,11.57504049285629
201,,3.1819965619667294,3.6399589097726546,3.6755530362809856,5.038349313231259,3.590184556946294,3.5692438082394906,4.002516266134547,6.206195601398045,11.22206281587001
202,,3.2057386700560806,3.6561738077899495,3.7705696511632847,4.856673564370072,3.4018883951842382,3.5527430813000165,4.2009306959152095,6.233621068429785,11.031398748024976
203,,3.302200115609094,3.7056121266997013,3.7130868452901833,5.127102703677696,3.456449707582722,3.4994279111611823,4.104330549978686,6.264030488981792,11.39676328285638
204,,3.261575230345532,3.6507491941372248,3.787827077227126,5.587666741452016,3.381603188971828,3.4728947646920196,4.553711979012363,6.439211676815884,11.00114777250687
205,,3.2433653033177112,3.7214204316608814,3.682302466641966,4.748060085051421,3.385457571203698,3.5212255470527882,4.21525245401744,6.043440324770331,11.083861794458015
206,,3.215410474478966,3.6353896824975944,3.7415679764637284,4.910116018985732,3.515849693176656,3.559206010940068,3.841476476105232,6.2346306591305725,11.50097725026446
207,,3.271011102843651,3.6708273664749407,3.8164483345786273,4.766153300412155,3.4577667472130487,3.59591605480731,4.013608378770185,6.189310616033311,11.162710873884288
208,,3.2705604321195483,3.6310584857325763,3.663640369871456,4.806786101722401,3.448467660525957,3.493790836536326,3.8497234842807564,6.6207795191364,11.9150729715318
209,,3.232870240382868,3.656343646713399,3.8125515859711685,4.8308284999571445,3.4428122537019106,3.5433279191329556,3.8154740320894827,6.070723404204371,11.150338501668054
210,,3.1950147571214833,3.6634259818644006,3.6933224256548387,5.462862280373021,3.4182747640139044,3.5911281737214718,3.8063249104086827,6.395730553495063,11.08910693273059
211,,3.2077433300151874,3.6652272044872825,3.836218912392322,4.850612340950422,3.3978217824393377,3.5452844716766303,3.89290276802181,6.379025710948431,10.826001418354634
212,,3.2617480904239993,3.621996730816195,3.764219093491235,4.774978840303392,3.3431427946062504,3.6111597836262757,3.8912295687117067,6.0368962944103295,10.921473382651364
213,,3.2425875091239615,3.6934633392379723,3.6925215887519203,4.926867350789216,3.4307074107999016,3.6669731897062103,3.807120640829921,6.450337404930323,10.807448607570157
214,,3.232943452929667,3.660010572302858,3.7255263086253243,5.1832363702595705,3.373494082175414,3.6071016506468814,4.043084044664685,6.067094593549024,11.335670485140586
215,,3.221230913912306,3.7030874351419736,3.6415436129942056,5.018374424836264,3.455660632817276,3.4647737568369017,4.197324144587045,6.312232332887169,10.94669946174646
216,,3.2756538813878806,3.6427460845778508,3.6957683642186434,4.943694367039299,3.3753101087234825,3.5456973845684505,3.8113953279280612,6.080830927051902,11.558877506898908
217,,3.2371883144143663,3.631386213542756,3.852281002503755,4.951339401554671,3.4772808891231217,3.5275463271060397,3.716371085421165,6.088366147022439,11.101588869362388
218,,3.235406568009694,3.6090100509899274,3.720164100948736,4.826947417118929,3.3088321325799006,3.512044608474684,3.724002105012403,6.190842815679558,10.617746678099119
219,,3.185125268448417,3.634923528450306,3.7914897509120764,5.088096401699526,3.4534878353995464,3.646035229991708,3.8863090454200013,5.9949087269092045,11.125576952951922
220,,3.1980798452175385,3.6675340148832047,3.6302751624493723,4.83242268505199,3.4705178978830244,3.597872050585095,3.795466755888422,6.000392911117371,11.34430925560268
221,,3.249046857876668,3.6043758827046917,3.7594934061616025,4.896375076577659,3.473046025363492,3.6361361448195577,4.099346957272188,6.083057234232415,11.015150732605184
222,,3.2566051289026383,3.6292394871152514,3.848487088166285,4.93787065829871,3.3762733296665166,3.4964343733152794,4.011263679544483,6.133582262716998,10.562764442146964
223,,3.1968264378750195,3.6341018355488286,3.7083374384499748,4.896711721038869,3.399743020795597,3.6274796865655903,3.848346122408745,5.998583911089534,10.571985185304952
224,,3.1851123045905982,3.6501910102888497,3.842335637154128,4.7329338876267455,3.380482630107645,3.601056579031647,3.885989788205925,5.897817192562662,10.60519579828673
225,,3.17971141681093,3.624949964053494,3.829586572656655,4.723526050969089,3.3652665799398562,3.4931080057392947,4.015135620738086,5.918042294570768,10.782523953980458
226,,3.1729460314170663,3.6742260841933,3.733520623225057,4.831249007622805,3.453238237224486,3.4845062060184824,3.7764145476527147,5.823279321152548,11.14567531216373
227,,3.179872971591712,3.637412330356545,3.652973776829092,4.611585410078123,3.3928465907358776,3.63543326562197,4.066072258236759,5.886723367994694,10.314375192502101
228,,3.18541185729162,3.6321410812125503,3.763118382521403,4.560732972911905,3.4766113684507824,3.5186638339549585,3.7499506480849796,5.910799550051987,11.100028097040921
229,,3.1804429529877694,3.6563359418476455,3.670219197370262,4.735157266913582,3.4038913541236093,3.4882316038494894,4.070225860188091,5.864645883561751,11.06756668238724
230,,3.196324666980915,3.654422517858209,3.7171112200364163,4.718739686884023,3.394542729695126,3.5975510491551033,3.7867182093861786,5.651218859830865,9.95142035843351
231,,3.213711026371134,3.631825202446997,3.608905084912092,4.618770170664255,3.3504677417976736,3.5721385221598845,3.9870301969152018,5.874527095054818,10.431909813778601
232,,3.217434547134936,3.5881631287286906,3.8333379300056865,4.712450948329565,3.4021941926307226,3.5720353985764586,3.938727763634309,5.693187347035559,10.261536988621637
233,,3.2312344204079952,3.632016533742484,3.6819395185439543,4.931187615882023,3.424275312146391,3.4582627851547443,4.093924694011832,5.491334800882715,10.165019151463701
234,,3.206114326890747,3.611885207530763,3.767177088565774,4.806483318793784,3.395062418649531,3.539502018544987,3.7328053454992065,5.243450473296764,10.623659418386305
235,,3.203346480618593,3.6318331650276026,3.7421746137555068,5.052545102401816,3.346288412803932,3.364317253313376,3.9892536780874117,5.120982793555363,9.9736810857413
236,,3.2366708947743184,3.6523673454061694,3.6218008689467927,4.633850445956056,3.3376275184216606,3.4740848410178127,3.8262512551367682,5.25262638626461,10.39191338426554
237,,3.173404315945163,3.6286405557686052,3.704269071888582,4.840812403664722,3.360300929756278,3.4458310040356452,3.8508890945649825,5.04926126052152,10.384061441809651
238,,3.232409204648127,3.6170278306452897,3.6031142509025926,4.641933843332238,3.3856367157661014,3.4921030831309183,3.9192200835245337,5.134645892658878,10.407334391717887
239,,3.186447703055192,3.597984047357837,3.7276984741111585,4.650226218656107,3.40460322605878,3.4607974948529265,3.983349319786008,5.195767598114282,10.059910059853097
240,,3.2237637880838426,3.639077748578385,3.6696694897080855,4.726461138501878,3.4078097465461195,3.461296461185452,3.8558819246928424,5.161972289311608,10.254012430498532
241,,3.1940776452785133,3.6113658008069507,3.725836223120654,4.694954155485524,3.3760638179198463,3.51519436162754,4.048748828090368,4.8336149112731235,10.361653964584681
242,,3.2674045492508657,3.629893932658494,3.6135046149820305,4.776665631604353,3.4124757631570564,3.4612692430698204,3.7706109625474675,5.036140465722322,10.297164959464771
243,,3.1815636667461145,3.6339539768240567,3.62025383521977,4.496702420964584,3.361734414194825,3.587347890537533,3.689268223244932,4.995642996803911,10.073134334171657
244,,3.1704940505998005,3.6484333802266105,3.641374878993657,4.438375919191,3.3471642084132918,3.5116057638352647,3.7209439666009727,5.103576105665117,11.066339764348657
245,,3.1903417597791313,3.6317734262634325,3.6500332775789976,4.3996306031978465,3.401186026549781,3.6377499579849544,3.728743753924047,4.880959761344204,10.37493303329422
246,,3.181342044054402,3.6159887103626533,3.6280143095899104,4.43456606410329,3.432928443204166,3.520473878212774,3.7202085619033762,4.8752367251370625,10.501007436595104
247,,3.1996293962217126,3.6168754805043233,3.6617578582655126,4.423368358004257,3.3591376254442262,3.4013869488047686,4.121015672184425,5.02658521429782,10.313425633249015
248,,3.1862051157147295,3.64288314123002,3.6662005732917082,4.402434844856923,3.3515242924404354,3.472611444501913,3.773230720650059,5.060677327239473,10.797210880018994
249,,3.1734405630350833,3.63761755431212,3.6626730134444085,4.434347353912377,3.399244342512002,3.511875947796153,3.7218798237658537,5.026536475654061,9.995356056040878
250,,3.1950285386406603,3.627230652224243,3.6363528371464366,4.469147544233045,3.326208687141947,3.478343352024741,3.7833243313382696,5.054154716209702,11.201355490563325
251,,3.1827335086167707,3.640086738480354,3.7477585509534928,4.201454218888676,3.3660251429975023,3.5287288673660138,3.687499547615706,4.7160239781351345,10.170687694827306
252,,3.193871599764956,3.6190994470685958,3.7243107410060796,4.1728342030893355,3.3198707875609985,3.4055104132053913,3.828491523824217,4.704716670864694,11.030133385330645
253,,3.187313220976133,3.6420081168422924,3.7164707686612726,3.9688642370494995,3.3695504086482435,3.394733860875515,3.7874428941727927,5.2116528585477075,10.280728234109391
254,,3.178831302440364,3.634227504169604,3.635896935608947,3.985174980827228,3.350423845073248,3.4342431267177926,3.748300470244846,4.882239340235221,9.90807237768538
255,,3.195361268937533,3.660023466157322,3.7780992710029833,3.9252162330403833,3.3850255781971397,3.4315756925223333,3.7044249283848454,4.581196432452764,10.067531743398067
256,,3.1889593525252136,3.6166271468850293,3.6225573948630476,3.899958258279323,3.3223818708856996,3.38215592195383,3.781654038848296,4.556495072957054,11.047431904530542
257,,3.173784850230237,3.6218842330407277,3.7205673084465203,4.0012419416532845,3.3341644520155413,3.4226287661569734,3.92393555391921,4.612944953496551,9.797567461954952
258,,3.1938434496731176,3.6194071039197184,3.716545727534866,3.949565921117458,3.3140219873108565,3.5511776329983076,3.7499907452438936,4.684234080289548,9.886733390699458
259,,3.181949029838743,3.600683312173345,3.6712094513279436,4.024015994202848,3.3727549874719043,3.3652339443929433,3.7579415402807013,4.515094100761076,9.822203406683663
260,,3.2000238349574865,3.594097941561074,3.662901678177113,4.05904559257305,3.3603650842813235,3.410995519532012,3.817650870890739,4.510080901303206,10.23559943626915
261,,3.1780231107394163,3.613457469850844,3.746838259845328,4.063637599107372,3.30563674444901,3.4074542279715456,3.6174984450322953,4.5141748569181965,9.881749405602307
262,,3.194689215773545,3.6074853317165863,3.629121175453746,4.07046208123631,3.327281602940843,3.512117026229964,3.8931763563543695,4.327638268789697,9.9259902918305
263,,3.177849176108157,3.603170968582744,3.714515808975758,4.109333307421064,3.342290149062282,3.3393585140521833,3.7083993087276856,4.389294729811901,9.960468441322963
264,,3.199482207601419,3.591819490567834,3.647286701098939,4.102755276306914,3.3932214520268267,3.4977730250937484,3.7659127434646433,4.3849535667756925,10.123869300975011
265,,3.185636280421318,3.5981716080052735,3.6958377809779224,4.030706112685776,3.3219828514250396,3.432703609544016,3.73566705812631,4.303182120615926,10.226862566306572
266,,3.1900651390368817,3.5838257527896005,3.6995557852140974,4.101478852226032,3.311945544002246,3.4015178729532627,3.6910815736267835,4.251227428665546,10.190197611505049
267,,3.1794361809460225,3.601604246145794,3.6537339014460555,4.144421531811863,3.3265133280156642,3.484670595801236,3.6661758467363375,4.2284374196875,9.969288756654972
268,,3.1956776382306775,3.6074814471548997,3.67980987533668,4.0666651851310185,3.3558523893084446,3.3845488658806406,3.700377849798225,4.186442627634636,10.89708493405087
269,,3.184997244233558,3.590483301866574,3.7297638775300594,4.2102944974853855,3.325597714835748,3.3411158765151723,3.5802999320463944,4.4612407058187715,9.831837562447058
270,,3.1902059535806484,3.589069486198648,3.6469985733530565,4.072228117659115,3.3251241357455235,3.4337666862469542,3.6462115709025342,4.294146526149675,10.2229581270815
271,,3.1731304674491785,3.593936910170547,3.6505302156238475,4.099264486898331,3.3454907674080427,3.4056887163701735,3.554859108761243,4.582927371183235,10.083243661687684
272,,3.1763017904706676,3.5847502703232945,3.6772785809543693,4.0062095105445055,3.342271506815223,3.4510873311711694,3.622272018709689,4.257290478952683,9.964730661176493
273,,3.174611658628336,3.6110989636835593,3.6886344849131447,4.004629907399715,3.321184358761067,3.415002850544806,3.880693279887449,4.408208636400797,9.922758733261242
274,,3.1951214800131367,3.5957182975278292,3.621717738614092,4.043726400747918,3.3165893374479487,3.5154365440762794,3.5780080945024952,4.356255046027884,9.845760986390186
275,,3.1714770886465726,3.625078446254691,3.626109719821456,3.926362052166276,3.307951586375557,3.4730352794055204,3.5737180433704396,4.2581959832136915,9.856713683097695
276,,3.195218843050419,3.596029131639079,3.621382171520687,4.06273031985006,3.3149825994091966,3.4314450284874836,3.4920487474816624,4.2491718253073705,10.152735818724057
277,,3.179750239503889,3.6197668993900716,3.60400038475783,3.971344834385107,3.336545910456579,3.468973833889043,3.45170363108788,4.388900637643885,10.09547466804986
278,,3.174571278937339,3.591807370610554,3.6176892567590127,4.031620215625624,3.3069504914206167,3.329530987584505,3.557003114877797,4.302971914478309,10.12390854074135
279,,,3.6258572209949955,3.628934221933689,4.210263326394908,3.338971363218594,3.429093737049145,3.7847132677168105,4.502056898172325,10.254203457993134
280,,,3.6161311185625213,3.6421573128044122,4.048924497168649,3.311701808184485,3.4593899139393187,3.4938697329181636,4.409757103612897,9.87083005420752
281,,,3.5904211504142447,3.6879096972480214,4.078854088606493,3.340881958396842,3.451005064459745,3.7551847620159844,4.058453592680512,9.530790646747734
282,,,3.6006573701713958,3.6581487454180674,4.164231243250021,3.3191060395778713,3.382160318648599,3.5300716884243966,4.1762627670472705,9.639952767309097
283,,,3.603292411481621,3.6758306955512587,3.9986012882383677,3.289933321536437,3.4544325890628316,3.8336510730911812,4.316251002373185,10.0739221206543
284,,,,3.5610522260975612,4.1386834826355265,3.3050931726926667,3.337694063378943,3.5789041549371357,4.388134650599187,10.185369449438149
285,,,,3.6260351980191707,4.212512757597097,3.3066574376812246,3.531084359197874,4.06691976628,4.125957963730396,9.773334275981497
286,,,,3.6777014713903746,4.1430353003822535,3.304000980237693,3.434134567943229,3.6021972909675792,4.151999807354684,10.786867562739243
287,,,,3.712468831749234,4.161717571476821,3.3123329207195313,3.430908233174674,3.718634369121924,4.135578031043064,9.857938664208234
288,,,,3.6308514812194113,3.961487966782946,3.297799331323387,3.4382381263961976,3.5326633427893883,4.215344752383384,10.258988470050832
289,,,,3.6211060525461973,4.02252526303483,3.320533088114351,3.4769502951838085,3.8232975901770825,4.3052324378286455,9.778102028608572
290,,,,3.6067947072418427,4.0212692529497645,3.30153823898526,3.4097550230430507,3.57683547082203,4.286674150696601,10.447608285475354
291,,,,3.5260206984583817,4.006665408090385,3.320544638251961,3.464473908141837,3.5519584267938282,4.5999583304808755,9.31328579748337
292,,,,3.688238768484404,4.026521509012684,3.303576955589829,3.389285227853048,3.589844827290491,4.334818494931663,9.626871273921788
293,,,,3.639859486068247,4.034777885339097,3.3487201737272625,3.349954085969415,3.6016909089751405,4.439526969338774,9.836409898114463
294,,,,3.6298864462111866,4.144380123571684,3.303451026389261,3.4600504043048,3.597330854216639,4.150704594157134,9.643009502705798
295,,,,3.5398185642116555,4.104292286278599,3.324576770150155,3.4008470717895714,3.9370791485476513,4.475452805031947,9.692298318771249
296,,,,3.6871491191803187,4.126883205688221,3.335586245162382,3.481802860001047,3.690872415041129,4.315206405758843,9.779887368307635
297,,,,3.591166403206306,4.138830491843855,3.3225871500573283,3.4885422604319434,3.9130693387313684,4.145064187719986,9.782795696502626
298,,,,3.660678067535011,4.074391724326376,3.3158515111336406,3.393474919819379,3.602912793555888,4.058482046854501,9.505811817942
299,,,,3.592115943085318,4.006928412166744,3.2977687702239056,3.4234095434827445,3.656371839514405,4.1281654972148285,9.574699427791906
300,,,,3.586576766665484,4.036347469882324,3.3171347896439687,3.3890391745628414,3.5392140680720403,4.033405332375061,10.136775521986532
301,,,,3.572044843165729,3.9910265315861637,3.3017331731722477,3.458756433004492,3.621682254026904,4.231044171784267,9.875239459649507
302,,,,3.564120486354961,3.9923728392439384,3.3197063239422695,3.2896113957416984,3.6356209953056777,4.239010908399568,9.970934792573011
303,,,,3.5833191378472242,3.9915048728835574,3.3082518103321474,3.398742837986349,3.7404737809304893,4.22745415827627,9.961898718811804
304,,,,3.5439461520969036,3.9176019635155663,3.303267096751547,3.348671055728614,3.7327037492389086,4.241249787689857,9.844504891285887
305,,,,3.5606476442379797,4.043255966078013,3.2999334241021057,3.4329572597310203,3.8120725590427127,3.902236084954242,9.457885860122053
306,,,,3.6237786390462094,3.9744567657853334,3.3168663953915423,3.4504965087180035,3.674263436942954,4.040364375008034,10.268577740339346
307,,,,3.5811044343369844,3.9562328950597236,3.3070917089209546,3.472752052675975,4.262703677987417,4.348969905549254,9.475443673853501
308,,,,3.70569415490924,3.9957528091604764,3.320306615346359,3.5371782381450485,3.6036058576025427,3.796310881224989,10.180614815080249
309,,,,3.5779833459749093,4.054796659920499,3.297683354543249,3.2769045836602704,3.5748300875270713,3.969485735871853,9.606877092487162
310,,,,3.5579616053336887,4.004414579423104,3.318196198893026,3.3240954313118687,3.658628511677359,3.897692915032821,9.761834504343643
311,,,,3.55895051464139,3.9104429674646095,3.294479984952802,3.2966597570806133,3.8043925895560564,4.035132626941178,9.705691023833369
312,,,,3.676636892413017,3.988047086989243,3.3092570221220523,3.4231093293720445,3.684726673077973,3.9386242618082132,9.536041271458345
313,,,,3.679272655895623,4.011533679503047,3.3076201202290187,3.356908381729038,3.638592725849288,4.259352489661791,9.616929004724115
314,,,,3.539732895194863,3.957107058085707,3.3136692260059335,3.3765059760891813,3.545558679060679,4.048902623983448,9.264237627442112
315,,,,3.560062794113753,3.9452121249052414,3.3107941272254244,3.317157545896029,3.501432117857428,4.096444481518754,9.435297819520502
316,,,,3.6110311746632187,4.095527928541473,3.304894299214615,3.3844441732877444,3.6250745432205607,4.098819151685167,9.56040311084304
317,,,,3.647829887042971,3.939081217489976,3.304516536450061,3.358401910150817,3.5501773550058084,4.183948304541105,9.588451803844624
318,,,,3.5418248270810913,3.993331824373852,3.302145047971705,3.425703139850061,3.5668127372432132,4.002017701848592,9.65952293295903
319,,,,3.622595598283602,3.9784798235451317,3.3038129739439452,3.419345259222843,3.544114996814624,4.059720812246123,9.367530826021103
320,,,,3.571418259113995,4.028852446433404,3.308769519332189,3.4216567424027464,3.542766931913368,3.9626682829890654,9.557104447563594
321,,,,3.623237369877059,3.9582690176831306,3.302299058725982,3.4827053094554627,3.549957191508317,3.978889967048254,9.640179245026458
322,,,,3.5179419924762065,4.033492047542555,3.3172887453928634,3.322886575741471,3.6328662664183637,3.9640277070440377,9.521919678833422
323,,,,3.565289548694207,3.9394367687394793,,3.37453577886678,3.58319435368405,3.857505276370253,9.47794523777099
324,,,,3.549467075387467,4.000383222764362,,3.488431408025354,3.5379499650032056,4.046129474872024,9.436599970715472
325,,,,3.578612602061173,3.946228249370659,,3.3728895227640456,3.5529251359522767,3.921309388280432,9.322907257200976
326,,,,3.612612175153277,3.948948284795837,,3.388279391897129,3.7509462491298,3.987166839965985,9.449835820737908
327,,,,3.5026341921183155,3.9391001658143936,,3.365717231812819,3.5447429034439937,4.088082919797425,9.841381559452724
328,,,,3.6006918258600233,3.9657771855264126,,3.425411178984385,3.694444043326746,3.9898494364018458,9.561955877219878
329,,,,3.5100950682774177,3.9273502155203612,,3.436703952916202,3.588425733192601,3.8683449403695747,9.447868170093695
330,,,,3.565729232917949,3.9231771209139956,,3.361846114323308,3.5749193885229023,3.9885845492652567,9.5428686035174
331,,,,3.5338732665750907,3.9368231440878643,,3.3737679876325344,3.6000275194108515,3.8071747683948307,9.522529981103563
332,,,,3.595174844213559,4.037080881047899,,3.362462248220658,3.611361677606903,4.022153174248009,9.49089696401422
333,,,,3.5316940815480025,3.9342310217407293,,3.4012415953818165,3.6575760157091404,4.034223718591038,9.67091131994423
334,,,,3.5702515403423916,4.012993241042912,,3.4234871434087095,3.5376605080729897,4.00800988735407,9.325337245779968
335,,,,3.561685781678303,3.8786935933590674,,3.3216099959279584,3.525902692717986,3.9941343067414516,9.526286119366029
336,,,,3.5597217611140777,4.0491450564578155,,3.4253095839458125,3.546163504356182,4.007410780563098,9.411523349621877
337,,,,3.5313802837865826,3.8858932618437976,,3.3286632518967507,3.5432581665285086,3.9460308234422854,9.60922448514663
338,,,,3.593903526575014,3.9254057452118243,,3.3722977504454477,3.6112770397427245,3.966069777608415,9.740855259030283
339,,,,3.5576721224731522,4.061563414779444,,3.4039591341866036,3.5618973965799854,3.8917366833228977,9.692723312950827
340,,,,3.5766527202971945,3.9066395621413377,,3.2898730920537704,3.6120061193176816,4.061573504960931,9.480559582749587
341,,,,3.5112919091413177,3.9312238379102635,,3.4288166569326077,3.602558483439664,3.9645333998329613,9.983241668053287
342,,,,3.5216834343667123,3.933728187434412,,3.322769227402292,3.574835819794289,4.021367431111306,9.195063101730753
343,,,,3.528302175021925,3.921402736298058,,3.318169135466542,3.5346125632023453,3.927587370850086,9.68786853714722
344,,,,3.5412975312666273,4.021841112012574,,3.343177198852263,3.5947245106250763,4.102107106477118,9.190208630754093
345,,,,3.5154041537772884,4.110473314860498,,3.3090037342341154,3.6214715862422295,3.9051267665422498,9.449840808625115
346,,,,3.5318510223468604,3.9143879708246954,,3.3935319851824755,3.482484661517656,4.072401243886725,9.591184861973849
347,,,,3.5227053623408406,3.9289572732991616,,3.3601056512795195,3.471809851615303,3.834480949431176,9.967682491784345
348,,,,3.5676460329066515,3.8913471676018383,,3.4073754585280156,3.5175840366866695,3.959501714376404,9.693204634314945
349,,,,3.5244181188556336,3.9625242855784837,,3.2937228710841175,3.518605665833677,3.899078484813831,9.586604910974042
350,,,,3.6212684014827494,3.912566202072137,,3.291343947519772,3.674259042746037,3.9148282807454358,9.308653360725804
351,,,,3.529514666372813,3.90372013151437,,3.367491295990058,3.5581014190531906,4.011285459826292,9.313901306127946
352,,,,3.5287174198118914,3.900822350504112,,3.3534604534631476,3.5707641323680788,3.9037304795017254,9.357359700897959
353,,,,3.521487811760894,3.9409494761945294,,3.360691488222657,3.4771089288939927,3.9667823915857556,9.554163329229935
354,,,,3.5174929286916616,3.8847270462867822,,3.4779225767566864,3.525348869916373,4.206622796551194,9.55795926589561
355,,,,3.5241050480416827,4.029904704005081,,3.3487033900840077,3.5293948485166022,3.9836688763297547,9.573552813635112
356,,,,3.5107984583530265,3.9141682077901554,,3.3562380140772,3.5289862441047095,4.016736760107946,9.411053482572031
357,,,,3.5945996802968954,3.956450972643064,,3.322731945446185,3.5155698266818556,4.048841058722325,9.325586400605943
358,,,,3.53947518086463,3.9710015081457364,,3.398808559960101,3.567699158272362,3.9674091384142756,9.469802959807211
359,,,,3.5280312403327723,4.076632822481711,,3.390919605855548,3.56091752256155,3.983098428079755,9.427633044690365
360,,,,3.5396603055489897,3.9221678346491307,,3.349134715649192,3.462741550400395,4.079986179322946,9.782206502212913
361,,,,3.539721616087432,4.059762875689495,,3.3394419235489163,3.5779281617709757,3.8528133833805103,9.221400397218316
362,,,,3.516459174465804,3.937358313536939,,3.412841399865594,3.629492333224935,4.073253973669536,9.313473712306768
363,,,,3.5129978828381385,3.9084744029978222,,3.3532646377736754,3.621131488419438,3.9407278995216153,9.316165120771341
364,,,,3.5286956207917126,3.8887088558438783,,3.300679598802734,3.651264833706887,4.039650715580182,9.824572369184441
365,,,,3.5389470041618427,3.913565808679286,,3.2960880720114507,3.540100554001561,3.896954936522623,9.548426309661528
366,,,,3.5175329888522207,3.910707475225728,,3.315084532621073,3.5524805425650694,4.1001496159279975,9.488215896634548
367,,,,3.545564420385549,3.9407110484895864,,3.293682262669982,3.479993722653593,4.108691213599568,9.411320643751422
368,,,,3.5514470507759275,3.8841177856843667,,3.389459181321167,3.478605064987353,3.862193769288432,9.447805597330477
369,,,,3.5127259085553866,4.026966817823935,,3.2679737860818334,3.5716627583120264,3.8433365563547612,9.424908988873575
370,,,,3.521944529146515,3.9855844127609794,,3.3176307267508434,3.475538487598159,3.950822852201078,9.417761251340353
371,,,,3.521482600678041,3.88718238540628,,3.3306202358552945,3.522716207276497,3.9596029052514106,9.252452243013318
372,,,,3.5156009603027982,3.852720513273792,,3.272653831954718,3.589422083792403,3.8987216227685946,9.464921084215934
373,,,,3.5151517042302585,3.9203610114347467,,3.3776645739209585,3.5442744423542245,3.893822663378471,9.452250100377013
374,,,,3.5178825348218234,3.9472407370284643,,3.2781399945886154,3.5494348522383095,3.9432866981396684,9.346187795981287
375,,,,3.5401028910015837,3.901247794514192,,3.3241398220370915,3.453321345400449,3.9184010564164393,9.309154291117455
376,,,,3.507885429420281,3.881037977554569,,3.27990900272012,3.4759924600465046,3.992047344298445,9.681636905121385
377,,,,3.5244811127850926,3.900350554468792,,3.3399628725137673,3.5034388986358738,3.9539008454258204,9.589988372269383
378,,,,3.522665452522335,3.8897531531361107,,3.304560553010457,3.5265115847947026,3.8566751481908135,9.441479857006533
379,,,,3.5616412122378893,3.8930342237903686,,3.3007643550587664,3.4449813726099006,3.8611704007647556,9.298174263582226
380,,,,3.557622335596751,3.9162923917373207,,3.270353517168861,3.4134385544278882,3.9231388997631904,9.505955550916713
381,,,,3.526790335045396,3.9360468761594003,,3.3385467290140136,3.5661179982260753,3.975873912820918,9.329493662416052
382,,,,3.5170821366743956,3.9404699622620347,,3.2899936533223606,3.4728909494723093,3.948157407170466,9.515353967174486
383,,,,3.50631256175365,3.92888634154488,,3.284275011000584,3.5030186512963795,3.9629672965463385,9.195739805794085
384,,,,3.5141392608897424,4.073298086366822,,3.262206783241475,3.6279795954266243,3.912039741977506,9.416187669351064
385,,,,3.519185396135609,3.918205702065086,,3.3224686050198757,3.4959895259687337,3.9532222814572693,9.37351548108089
386,,,,3.5279567894923862,3.942031128879323,,3.370096815009778,3.4784415190093707,3.9500143232270735,9.323048876647748
387,,,,3.5028153970730345,3.9259017026647434,,3.3638245788735865,3.4918376586954563,3.946813036314451,9.410484960996056
388,,,,3.5032188470932017,3.914041391365691,,3.3425259003373733,3.488130133295841,3.857661828486099,9.656219511761874
389,,,,3.511647165289502,3.930480078440393,,3.323404315806131,3.517854614735566,4.021185749110893,9.324692070146556
390,,,,3.506368400941939,3.8994955001166187,,3.2802358368233,3.467520709569507,3.93533753927058,9.555828659923925
391,,,,3.503370569109906,3.901296541056596,,3.3223339500787157,3.445117862352386,3.9682539210711316,9.362189798518694
392,,,,3.501184023394588,3.9984273605088867,,3.31912632812388,3.542112730221234,3.945979218239257,9.435950640394976
393,,,,3.541076053766056,3.8559625950058787,,3.3364555507282976,3.520657381618791,3.8945605004968322,9.474237420750077
394,,,,3.5189945044244486,3.9110042852528655,,3.2831214886414526,3.504805308992857,3.9763372688981833,9.370070111088712
395,,,,3.502432220634709,3.9133589495279373,,3.2446189113516826,3.4465432441784802,3.8974116965316306,9.424881334536323
396,,,,3.497675548027349,3.9213522665637885,,3.26820911789285,3.5124601938150475,4.02740954471501,9.45807877915675
397,,,,3.502953963865453,3.917723088667504,,3.2528560440718524,3.4584398743301894,3.877898281062544,9.336478714014818
398,,,,3.5020118179519772,3.9308609053473806,,3.2930943315322843,3.4914130035062794,3.8996290489194942,9.348106700505888
399,,,,3.503628383648208,3.890078763331722,,3.3066620641979783,3.437668893437954,3.982387415484798,9.495551256563424
400,,,,3.512435240307454,3.87993869229085,,3.3180386980141128,3.4740469314145406,3.881446128699013,9.53600239318734
401,,,,3.4979012896845547,3.9132943700357186,,3.3314787337118643,3.4754732853710655,3.853465261788503,9.430427349105155
402,,,,3.513371490683596,3.8800084614260237,,3.3633345125608423,3.516907457956293,3.9708248903293732,9.451497846312522
403,,,,3.518601810240017,3.868856335680402,,3.368091033047262,3.4587694891632856,3.9752097529193433,9.417889805452962
404,,,,3.5100173856501096,3.9212993692848728,,3.3327275438413473,3.5080827200602225,3.9721653394234173,9.27523220546357
405,,,,3.513035807125063,3.910052195614859,,3.3585571191928305,3.4279885678783963,3.9735344371438837,9.252660789780732
406,,,,3.517395073170546,3.8904982010946108,,3.2928683729211805,3.4848048532779314,3.841482107383961,9.457716851342104
407,,,,3.5160976908869768,3.8967490636824125,,3.2929487392359897,3.438746965008019,3.909521774727816,9.430234557359942
408,,,,3.5102100291167586,3.89032603992323,,3.286743365382457,3.4732682881677097,3.9689873309201884,9.321567142174874
409,,,,3.5079838189519363,3.8790823980213185,,3.2811940633054335,3.4564765162586397,3.9406825483706505,9.254127489265066
410,,,,3.520423834815761,3.872271217530245,,3.2938959011585984,3.5401344609712924,3.8853199263693003,9.293819790066795
411,,,,3.507507017007536,3.9095273838761573,,3.2704616936509465,3.463769283064368,3.983204477688266,9.33389880444835
412,,,,3.5183960006314243,3.8755602884359774,,3.2729775049280314,3.5296342410290866,3.926477953417371,9.351622779169809
413,,,,3.5124233807938046,3.931061587918035,,3.278283615513449,3.473375913485122,3.863760572439259,9.503814966505646
414,,,,,3.8859373134503024,,3.3137476727347157,3.556578601425067,3.970785378835242,9.410706470097454
415,,,,,3.914761188248298,,3.282288649721976,3.560631593361631,3.930031533854475,9.38226609631514
416,,,,,3.905257906345618,,3.257120818437016,3.476850192634749,3.8666410770521775,9.326403169402962
417,,,,,3.918444830038464,,3.2724850876729126,3.4586067861582683,3.8525742808760324,9.338476955097937
418,,,,,3.8831547962410524,,3.2807577600290783,3.4748839678532155,3.945845997470744,9.427125264238411
419,,,,,3.8807588482081274,,3.2522533792694417,3.4610997984112393,3.889865188815852,9.41814949689773
420,,,,,3.908949867999511,,3.3339515370072954,3.5036098239422286,3.900969597947884,9.267859212810125
421,,,,,3.922262594954492,,3.2674554184632667,3.444120128154595,3.780744735626325,9.331092200106701
422,,,,,3.879837804156,,3.2668216834533084,3.488477088170202,3.8735128618269403,9.308787529876057
423,,,,,3.8931178541225133,,3.256138170834504,3.477084089034799,3.858203750742659,9.326325237038816
424,,,,,3.9114402382336744,,3.309991346698541,3.4028717134176234,3.98384479178215,9.485086710058761
425,,,,,3.8624239441811787,,3.259909593332944,3.456281439854251,3.9179965458217283,9.19309235590521
426,,,,,3.895516793393728,,3.355315035603815,3.4611187736093076,3.9677484238060576,9.342245970654774
427,,,,,3.9205874796867612,,3.2684933992124052,3.4986943185949873,3.8234358221727502,9.489066231297386
428,,,,,3.8925146213673067,,3.261594956711832,3.515093074994698,3.9197166421400764,9.298709297030241
429,,,,,3.872560622335458,,3.255465499829514,3.480865573545256,3.929892700362712,9.368848421891272
430,,,,,3.8831398536728474,,3.2675215405957103,3.3945781426499484,3.853764933027236,9.462875641663533
431,,,,,3.8670570293857343,,3.2706458689258335,3.4282412995599723,3.932383491537647,9.383090650243386
432,,,,,3.8829878358557877,,3.35299894663086,3.5062063725802415,3.9446608331912354,9.15785269035061
433,,,,,3.892944941948575,,3.266546981077687,3.476134995928584,3.8201395142622268,9.430389111581313
434,,,,,3.8774623484903197,,3.3268981938467377,3.452607337588,3.8813987950539315,9.364787215125661
435,,,,,3.865448106018055,,3.266351260635716,3.472588378879458,3.8831691752500728,9.278858686170926
436,,,,,3.8814022230237852,,3.2754549311617875,3.4931475552756304,3.830881893402032,9.314954499297258
437,,,,,3.8742859978406043,,3.269301809568292,3.432482673831889,3.94788680161976,9.368202092568948
438,,,,,3.867591923093088,,3.36706017040371,3.4302916904384935,3.982332493042866,9.402230423450852
439,,,,,3.8645243905810887,,3.282262403021196,3.4552054923139788,3.835471499373454,9.228005035635698
440,,,,,3.8858105103975533,,3.2468340802549167,3.5117261345536694,3.9428040482083855,9.445352767513757
441,,,,,3.8900789664422915,,3.267473299789198,3.4501966945916314,3.848741467804759,9.332643758540131
442,,,,,3.8929627261903517,,3.275857123770928,3.4152658599661225,3.839561047722739,9.396589530651962
443,,,,,3.8722818403030685,,3.281064157238557,3.508641121204771,3.8819314770827,9.31416391332357
444,,,,,3.8567933037166657,,3.2551766457532363,3.486625438949764,3.8434457510562194,9.469957767911344
445,,,,,3.8732673097594295,,3.2688793707352275,3.4764703547806333,3.8227408238922713,9.308952063517273
446,,,,,3.893616913058739,,3.2499156834343736,3.463875172941809,3.8655891099071793,9.388040666790141
447,,,,,3.8785232228610353,,3.2723692056779856,3.5004900590647776,3.885303901377463,9.336326446609904
448,,,,,3.8764527969859874,,3.2620507923310194,3.5129814371199237,3.8340448113728605,9.390808156319657
449,,,,,3.8515547420947263,,3.258865061976454,3.4690725401332503,3.8557653321273504,9.435520716682655
450,,,,,3.849982704041291,,3.2816354853370884,3.4533762633659704,3.909501831307004,9.34803162457144
451,,,,,3.831422853421991,,3.257663445528056,3.484215417159465,3.896248228417806,9.24182955080647
452,,,,,3.8629934212068857,,3.264846550595567,3.4889616531889693,3.8738416255229837,9.36279188629626
453,,,,,3.867333866959809,,3.262900020078099,3.4595176633106703,3.881685555975655,9.472299505517583
454,,,,,3.8564270641037086,,3.2608522228055974,3.487014483226357,3.874515148576596,9.261753760544632
455,,,,,3.849807453525372,,3.2590453592072124,3.449847952677484,3.8503969546623553,9.214561082769642
456,,,,,3.8643236825131444,,3.2812953416847033,3.5235489504083426,3.793316585067911,9.506437050496697
457,,,,,3.8610421229122203,,3.267905115160003,3.4630293088559543,3.9190309113676367,9.427807876275958
458,,,,,3.8421644198406635,,3.2570577326928523,3.5466825051592523,3.936304824066611,9.451687670061336
459,,,,,3.8546933059346045,,3.2602543962747634,3.4208061098580544,3.745336435831519,9.337759080537392
460,,,,,3.8548775667634025,,3.2540693091111628,3.4798064672366276,3.87972850853757,9.30448199658471
461,,,,,3.865549320174728,,3.269029316350745,3.4020755736298645,3.8145872689752456,9.416880658853541
462,,,,,3.8537321385721137,,3.2561213410848358,3.4873476929980445,3.9139014050311864,9.507020660233303
463,,,,,3.8578235069063167,,3.24800571591767,3.4473385958057516,3.8995978799751776,9.286128907439963
464,,,,,3.8404292495421575,,3.2562464452043303,3.475148924455115,3.7608333110506944,9.276188574559983
465,,,,,3.907011126474253,,3.2448944146186705,3.4238859754243554,3.8239822736110862,9.179042563517138
466,,,,,3.8441807141951836,,3.255443157628624,3.440268832362649,3.8657576642478304,9.383289481006004
467,,,,,3.860030247966871,,3.2661377914939513,3.4453185307186196,3.814657241579986,9.401565571376716
468,,,,,3.8535221536605357,,3.2609281439551623,3.4954226909925556,3.7643881676861426,9.262882203499204
469,,,,,3.887813763901125,,3.2487319371735444,3.468897915694602,3.7947473852069353,9.354906355558692
470,,,,,3.8395369259719745,,3.24941414602414,3.4948848101809595,3.83235619613759,9.252766905994065
471,,,,,3.88278864659376,,3.2450655763222254,3.5075419649758444,3.7841750468987154,9.196942848077354
472,,,,,3.8575208718310807,,3.2525838082507645,3.487857946166184,3.8193369941198685,9.438970256986968
473,,,,,3.8557861338489916,,3.2545883830916282,3.432585003435718,3.9227943182909497,9.438332329073711
474,,,,,3.8559398405567458,,3.249950464700797,3.4135335676502065,3.861961987084489,9.359143957696473
475,,,,,3.872331746988648,,3.2659298036071873,3.422522068439895,3.903395468004375,9.327519823183778
476,,,,,3.8643401489396103,,3.2717200792388637,3.4670042831745063,3.8064101653200084,9.429220438511532
477,,,,,3.851629504414889,,3.25124076077884,3.4605908566206387,3.8054173297208767,9.263551838515978
478,,,,,3.866700345590034,,3.2659954392845383,3.428234951876019,3.812422727195219,9.354669311463201
479,,,,,3.8622761010863655,,3.2483501374508936,3.444380330915272,3.7610783276186392,9.334403550219292
480,,,,,3.8563295443226173,,3.24727341080311,3.437683796538354,3.8526180142358357,9.39029511915544
481,,,,,3.8810207047031424,,3.247601170386413,3.409051890905825,3.9007036273753406,9.45563231577029
482,,,,,3.865176843769431,,3.259091381431878,3.4301298661773107,3.8121420979215315,9.271770478362901
483,,,,,3.850868294921305,,3.266494236115778,3.4547501593470287,3.8998238478332308,9.439328087214076
484,,,,,3.8677089560975015,,3.2695630371355344,3.4640641217484793,3.815499575319078,9.425689293984163
485,,,,,3.847541197967293,,3.2437513488666943,3.422545951146968,3.7991370909565982,9.362770642632231
486,,,,,3.869874611077603,,3.2535113807089187,3.5033407769706217,3.8797982407616236,9.42056388467864
487,,,,,3.856220419745022,,3.257539577322866,3.4177785966535326,3.8080335997873656,9.211966220050329
488,,,,,3.8519231667213885,,3.255821331173787,3.4278911496317717,3.887491626975922,9.467422514888655
489,,,,,3.8653460147351355,,3.2636617624672533,3.4393685195542707,3.821286939411089,9.42047710729453
490,,,,,3.855714371034651,,3.245328298056978,3.450415577582467,3.84340003416993,9.453187015912816
491,,,,,3.84160987328006,,3.2545546491358923,3.4250421156156845,3.7955335842851516,9.403468717965373
492,,,,,3.8560334381757633,,3.255551539831222,3.4870249076241233,3.8607196630067095,9.318376346039148
493,,,,,3.8428791625428507,,3.265482846510632,3.420897678648907,3.771512171509965,9.438604669313015
494,,,,,3.84656775091596,,3.266357559616287,3.421022028386205,3.8636978828861204,9.363612142104001
495,,,,,3.839900529714799,,3.2496417085756266,3.4451997809805595,3.804403801846877,9.335071821448617
496,,,,,3.840218665257408,,3.2515677934850773,3.391481685426708,3.771333579491527,9.24867460912291
497,,,,,3.839933513738651,,,3.4173119378610335,3.7900853168103112,9.343382392815423
498,,,,,3.8539397474916415,,,3.420845538488257,3.8199169676593603,9.280764776830566
499,,,,,3.84706277403007,,,3.4364451005138723,3.8021062961359835,9.21909526823392
500,,,,,3.873330014626267,,,3.395452257094101,3.850437828993128,9.311752984121647
501,,,,,3.8669197084011335,,,3.4922459620769537,3.8416892846391413,9.31207499541405
502,,,,,3.853169336561831,,,3.431319544640235,3.82952447004572,9.317815943170515
503,,,,,3.841097855370874,,,3.452687439330776,3.8354432740085,9.314398378166239
504,,,,,3.8777364824675304,,,3.383075943355627,3.8156382856866986,9.319214237945085
505,,,,,3.865054092970129,,,3.4198752594568957,3.840332468573607,9.419638930987656
506,,,,,3.8787704732786876,,,3.3900505651655584,3.847656908970349,9.284426844784445
507,,,,,3.855575162406212,,,3.4357821390089693,3.8143176108461745,9.171014504429532
508,,,,,3.842697137323089,,,3.382973658351349,3.8539120306791603,9.234103206106964
509,,,,,3.857489494549012,,,3.4008931364711272,3.731009339680847,9.406916867718799
510,,,,,3.87003669381373,,,3.4166457145106035,3.7801139526486303,9.383148424461005
511,,,,,,,,3.4532380501693423,3.769524169575492,9.46002627064096
512,,,,,,,,3.385004320109307,3.8657947835115474,9.267156624894298
513,,,,,,,,3.3966489440963725,3.777890967067682,9.332997264595596
514,,,,,,,,3.3910889696035613,3.852980171730673,9.321997797283547
515,,,,,,,,3.468431549436218,3.8200692002755217,9.243940982366066
516,,,,,,,,3.400477150761996,3.7840152795974618,9.32214604879676
517,,,,,,,,3.4432603291356827,3.808441286206472,9.372910604856564
518,,,,,,,,3.3946411763764903,3.7926717859273733,9.237217927661277
519,,,,,,,,3.413107774150826,3.8393397507022398,9.274584903306858
520,,,,,,,,3.3949800811832045,3.826750620146277,9.307542749148487
521,,,,,,,,3.426706704530561,3.763668391862572,9.256937747498727
522,,,,,,,,3.4276527507748495,3.7661618676740183,9.250093631970618
523,,,,,,,,3.454671099908426,3.7681456702870495,9.269112643073127
524,,,,,,,,3.4034021680891757,3.7900209576797907,9.403916096187563
525,,,,,,,,3.4178436330927626,3.836915532729605,9.31918917313174
526,,,,,,,,3.4108223290881696,3.7282783921968075,9.164311254894251
527,,,,,,,,3.4128903442859184,3.8034508905299225,9.2392090868812
528,,,,,,,,3.4110396776860497,3.774934293428064,9.238185953276345
529,,,,,,,,3.460901008772505,3.773945529078177,9.282270419319964
530,,,,,,,,3.4580998103429708,3.8023771163475812,9.171834037574547
531,,,,,,,,3.4058862900679796,3.786608848742536,9.327923363997726
532,,,,,,,,3.3853125847874894,3.747967141877346,9.319931760985993
533,,,,,,,,3.39403322176221,3.8198036927934265,9.282501671007868
534,,,,,,,,3.4246366178157186,3.767934976729378,9.375887848171097
535,,,,,,,,3.4107181165981455,3.8085857263459584,9.282604131618614
536,,,,,,,,3.401788956187947,3.783960427324508,9.279608685436326
537,,,,,,,,3.395737624740842,3.803176773809452,9.268699069928982
538,,,,,,,,3.4011918060725175,3.7649487016624916,9.190393948316963
539,,,,,,,,3.4051222367552714,3.8144523311137037,9.232137156008202
540,,,,,,,,3.391564006589794,3.7872039672699747,9.23665122280372
541,,,,,,,,3.401268348279373,3.8406890953294934,9.236721675412984
542,,,,,,,,3.393284754436282,3.779392091628038,9.196414419227928
543,,,,,,,,3.4575632108106955,3.800641751741362,9.199107630623796
544,,,,,,,,3.441434806339795,3.7808623450550174,9.340688868133576
545,,,,,,,,3.3877148592721222,3.7406474559768355,9.317247694256745
546,,,,,,,,3.452816072657886,3.732314122297426,9.406154277263278
547,,,,,,,,3.4119396551009524,3.8023772093890047,9.26478143104593
548,,,,,,,,3.4112008657588366,3.8140182701574448,9.163313448199503
549,,,,,,,,3.3963785008015077,3.8290001712241293,9.191685224627365
550,,,,,,,,3.4276104618890337,3.776675332317029,9.288400650570225
551,,,,,,,,3.3881774807778187,3.7919846202816685,9.225556201613482
552,,,,,,,,3.4297973525124177,3.772114968677707,9.337379532727155
553,,,,,,,,3.3933329305302746,3.7721388939508187,9.32935071988269
554,,,,,,,,3.405376691986538,3.797422186556664,9.236767745160448
555,,,,,,,,3.3979624462907836,3.8089867772599066,9.26897361851508
556,,,,,,,,3.407342841374825,3.7603344127392577,9.291696417475707
557,,,,,,,,3.389350701825905,3.8263533073000495,9.212499879836528
558,,,,,,,,3.3841343607454735,3.7763174330967666,9.195448052539428
559,,,,,,,,3.3945814648997548,3.828929709015321,9.2637915408234
560,,,,,,,,3.389252092362022,3.803785061576788,9.302293390849364
561,,,,,,,,3.396268622371894,3.776833243984992,9.223345436166023
562,,,,,,,,3.416844617088712,3.7397188697459187,9.192735506699258
563,,,,,,,,3.3892092757404693,3.7519809554965238,9.22512366946714
564,,,,,,,,3.4019668425358813,3.7843458757128157,9.29183456745014
565,,,,,,,,3.397618906876239,3.7799519230702345,9.16555276263283
566,,,,,,,,3.37651767643449,3.736390950642115,9.27059757241792
567,,,,,,,,3.3852451505724903,3.7516305500023357,9.18664661525701
568,,,,,,,,3.385483436839,3.7895525484822294,9.313261121104006
569,,,,,,,,3.385860472106598,3.7487089922920718,9.210678161353256
570,,,,,,,,3.3968087092995423,3.833937186075635,9.230256820412
571,,,,,,,,3.3847990875485796,3.744285573963066,9.173310084975718
572,,,,,,,,3.3963818922089866,3.803974027375269,9.25300344476667
573,,,,,,,,3.408132209202352,3.7640104322106622,9.15579773852383
574,,,,,,,,3.400177563834327,3.7528702798301707,9.255201804202514
575,,,,,,,,3.3939681283175815,3.7492801361292223,9.22350575190646
576,,,,,,,,3.3821169595751224,3.77805374329448,9.284945649029527
577,,,,,,,,3.3901901621031953,3.7819981945654626,9.179810770414374
578,,,,,,,,3.390738118030917,3.795919660911509,9.2339518207041
579,,,,,,,,3.3988683653124023,3.753026207796954,9.173385930186605
580,,,,,,,,3.4083736574841335,3.756822849776342,9.294579644360017
581,,,,,,,,3.394819325372573,3.7847447167982433,9.268154012194266
582,,,,,,,,3.3885230582415193,3.777312504549141,9.225861828853217
583,,,,,,,,3.3926304056198786,3.7452998235285873,9.204975368944384
584,,,,,,,,3.40030362675788,3.8182234122733782,9.250661539407602
585,,,,,,,,3.3885819901450662,3.78237027015036,9.27938103795754
586,,,,,,,,3.400418694319148,3.7466628476987043,9.30111821128056
587,,,,,,,,3.3812937068501765,3.765776644182202,9.241023321900203
588,,,,,,,,3.394822068907998,3.727692380396381,9.21526906930851
589,,,,,,,,3.3935028520930937,3.776278134578199,9.296485702048628
590,,,,,,,,3.4267460151965308,3.7653071288627022,9.262924782959455
591,,,,,,,,3.380619486097746,3.7809938545958626,9.183282551788434
592,,,,,,,,3.394771420312272,3.7964233072320246,9.222460432376506
593,,,,,,,,3.39299285941556,3.761337517703918,9.32879063302138
594,,,,,,,,3.4098788965915716,3.738089844059244,9.28064390595152
595,,,,,,,,3.3907592717508006,3.763016125427182,9.296590397123612
596,,,,,,,,3.4069878668112428,3.776925478532849,9.24275316582209
597,,,,,,,,3.3917588766862865,3.748793456764719,9.205747655267238
598,,,,,,,,3.384661492406373,3.7765627141624853,9.167961175662027
599,,,,,,,,3.390652653347376,3.743197917009266,9.265837355496986
600,,,,,,,,3.4099690931362203,3.744037221506457,9.1499702219942
601,,,,,,,,3.398594330968779,3.777666739386826,9.306222950986893
602,,,,,,,,3.3939915771376357,3.8261317108323913,9.16405208127788
603,,,,,,,,3.394322364044367,3.7621723776426945,9.262389350381527
604,,,,,,,,3.3988702264550597,3.793168231080889,9.283527082098741
605,,,,,,,,3.3972053380513976,3.7704120732721176,9.173919412281267
606,,,,,,,,3.3797012268265876,3.7575360930150343,9.14306786861197
607,,,,,,,,3.390393575919815,3.7598850386967864,9.31857429739222
608,,,,,,,,3.3769812744742325,3.7769520108056036,9.14552707094237
609,,,,,,,,3.387232637798592,3.744445324746788,9.231121594039246
610,,,,,,,,3.392536075462904,3.781450292443946,9.176754762497348
611,,,,,,,,3.380986470219655,3.772250117149247,9.261335623469455
612,,,,,,,,3.397378458917386,3.7299030256949055,9.152689931262586
613,,,,,,,,3.40918242225237,3.7730805009720596,9.230725601128418
614,,,,,,,,3.388779444243125,3.7432435875270746,9.230876438775343
615,,,,,,,,3.3853305097487385,3.7942767581904375,9.174187658647563
616,,,,,,,,3.3747815653354447,3.734251981088247,9.164131103508558
617,,,,,,,,3.3801700203062497,3.7862738432345933,9.25774641074246
618,,,,,,,,3.389564694307358,3.75510461427887,9.149680591066522
619,,,,,,,,3.3840643066492926,3.784713967156696,9.154661869446274
620,,,,,,,,3.3900446137447457,3.7483093643468752,9.125123160271807
621,,,,,,,,3.390803025666028,3.7518251940673766,9.169249876069145
622,,,,,,,,3.3918797966232686,3.738513549574819,9.179352471262415
623,,,,,,,,3.39609843952381,3.76515308232223,9.261178322485943
624,,,,,,,,3.3982653139253336,3.7725230195022683,9.178386856576605
625,,,,,,,,3.3918992777863353,3.770844003526452,9.239723232917736
626,,,,,,,,3.384930227035775,3.7360559463144596,9.166830953213218
627,,,,,,,,3.404442164898154,3.752096755021198,9.166102998160385
628,,,,,,,,3.3964014885024594,3.7645089220680723,9.131050881076069
629,,,,,,,,3.4007620349391927,3.7603679772735337,9.257887734358915
630,,,,,,,,3.383061451386942,3.748153171021294,9.206739707343935
631,,,,,,,,3.38845580331008,3.747795147764855,9.19081301020054
632,,,,,,,,3.3974745252652188,3.757572068022997,9.188617630291514
633,,,,,,,,3.393975232847496,3.777377904461457,9.23560667881808
634,,,,,,,,3.3855395042975256,3.7523946463226463,9.203795647724723
635,,,,,,,,3.3950797703367006,3.7811476090270006,9.183718424404502
636,,,,,,,,3.3992627717459074,3.7545597834386144,9.20864314570697
637,,,,,,,,3.381576628793728,3.776303437861778,9.157322060819885
638,,,,,,,,3.3840701969630245,3.7374402386941856,9.226022253938652
639,,,,,,,,3.391172892403955,3.7767862852248326,9.26160665371465
640,,,,,,,,,3.716064188841934,9.12492046479598
641,,,,,,,,,3.770381198518577,9.283333137164727
642,,,,,,,,,3.7777835229972885,9.189392556224957
643,,,,,,,,,3.770435466368867,9.213758043250106
644,,,,,,,,,3.753940721325018,9.140807090567224
645,,,,,,,,,3.7408612660345995,9.229644962085198
646,,,,,,,,,3.736027639968736,9.297009192417686
647,,,,,,,,,3.776021860294121,9.150298934816863
648,,,,,,,,,3.7370122918456246,9.116501921206385
649,,,,,,,,,3.770423370982688,9.201205451607095
