,ev_op_Hp15_2f_s170,ev_op_Hp15_2f_s225,ev_op_Hp15_2f_s128,ev_op_Hp15_2f_s88,ev_op_Hp15_2f_s28,ev_op_Hp15_2f_s11,ev_op_Hp15_2f_s34
0,22.424222495270268,19.856143887829962,26.925625447336692,14.773091676622467,29.0298724148376,19.055551212415647,33.84098807169725
1,23.013568366684343,23.769699371120563,22.1118441745258,17.68508361580464,31.9554533332471,23.065636095996236,34.93471304687218
2,22.529315240547287,19.057380226119122,21.300008551081582,14.131954975541607,32.04181061525206,21.668556745211283,32.389822665704074
3,22.509990897781993,20.28187148729823,24.84507849537347,16.63429034025291,33.214218002729424,21.407679461867716,33.08919216560662
4,22.424222495270268,19.057380226119122,21.300008551081582,14.131954975541607,29.0298724148376,19.055551212415647,32.389822665704074
5,22.424222495270268,19.057380226119122,21.300008551081582,14.131954975541607,29.0298724148376,19.055551212415647,32.389822665704074
6,22.424222495270268,19.057380226119122,21.300008551081582,14.131954975541607,29.0298724148376,19.055551212415647,32.389822665704074
7,22.424222495270268,19.057380226119122,21.300008551081582,14.131954975541607,29.0298724148376,19.055551212415647,32.389822665704074
8,22.424222495270268,19.057380226119122,21.300008551081582,14.131954975541607,29.0298724148376,19.055551212415647,32.389822665704074
9,22.424222495270268,19.057380226119122,21.300008551081582,14.131954975541607,29.0298724148376,19.055551212415647,32.389822665704074
10,28.27568610800673,20.494477074264726,19.078198478355528,14.98292720453952,25.777305740034276,20.69970079366296,31.170457360168268
11,20.7880715519322,26.282058845791497,17.101158657305497,16.08739532184042,26.415524289056883,19.203007966495925,29.967866496669792
12,22.58100106045917,23.921510182492657,12.413956232770795,14.657115741963015,29.199274393971944,24.206622183741455,24.44669825153865
13,16.67830258984083,15.504988480963847,15.671418334699466,18.059666153183738,26.687393999434157,16.40169282292591,20.06606420545311
14,16.866893308870676,14.049125863777906,13.040228605274374,15.586131804253782,28.628589057583646,12.989951989236346,21.74992142985964
15,18.71601732188921,14.84260247260674,13.786625710058566,16.764281532221677,23.25948333660778,16.313762859228113,20.785299064183462
16,17.15866954050486,18.648443477174464,14.85931210800509,16.164555387986095,24.40267783252087,17.35900377546551,14.450031993831074
17,15.248999698125793,18.981821243479704,15.903426596799884,13.837096501522465,25.886089717878864,16.562206376552464,19.714988631204626
18,15.698110856779127,15.423723816660567,14.12621702330811,17.546427545453483,24.24688502995257,16.0808295349283,19.35398868253471
19,20.032522502520045,19.027135658088074,18.81374813068458,14.117457060955585,19.585708218032526,12.499382349245725,14.532920410504842
20,16.707783125012767,17.66893936808887,17.344452604175068,18.504901924455602,22.679067819550873,12.43284660005552,15.131854866773276
21,13.190996709645574,16.144591439274066,11.398211288031623,17.186306729744476,17.189740247807684,13.630683501703114,15.098876543850588
22,15.572554609152686,14.142924978512244,13.83639332780804,15.179808354103526,14.612802267082959,11.69960987462098,12.383222337889897
23,15.878728789699535,17.658503375434538,11.285705346996755,14.719964303102293,18.886080970035632,12.09285871841924,12.489036797166357
24,15.84602417905708,11.243885300862342,12.409206889044148,11.96633676656531,13.522315411029608,11.567171931074983,13.526122384457855
25,14.831743261001705,12.529761550315097,15.371054432912677,14.928577608967306,14.346440426741307,12.54854115834307,15.690694977837277
26,15.698056460572815,15.038448680816403,13.061673045855796,11.356336031788727,14.395767748496544,12.838390788979448,14.16207441729201
27,16.928789507364264,11.740386595215355,14.729600531698226,10.604680030508652,16.543575699973207,12.126753747147317,17.706850714831603
28,16.96868770845891,12.670920704002922,12.489646824663494,10.952005733701482,13.911791487163889,15.212473056076874,16.467354093591837
29,11.444903769080618,12.927544152929434,9.891002855284961,9.884192701714202,16.538777303737927,12.63088531213439,10.148020907619454
30,11.05564305381418,11.097329709538709,13.871825918531526,12.004638330305097,16.862479614590814,15.57669006264154,7.509892158804288
31,11.65130770304729,9.733947436459292,9.309867777087968,15.401053483192662,13.65293871245886,11.246244180769628,9.901515043020094
32,9.06649956413138,11.14268323380119,12.124595267782182,12.318591176475957,13.716112678359446,12.760188240437998,10.786694115100447
33,10.992602836381861,11.32928760609112,8.77835697584227,11.834512310493107,12.751484100134023,16.48758323978398,8.99262023079827
34,10.90231776619756,8.861168592675137,9.912854592154751,9.884192701714202,12.751484100134023,16.184278729622466,9.756712053663588
35,10.971160067230254,12.710276248003957,9.845542823983118,12.115297144574882,14.256459812175057,12.392672423052844,11.39979113439443
36,10.333294576195877,10.729312497715839,8.77835697584227,9.884192701714202,12.751484100134023,10.67427328429603,7.509892158804288
37,8.964113360638445,8.577365917316182,8.918043400715831,12.893110156018588,15.188221200829917,10.724465521678004,6.995112514912195
38,8.964113360638445,8.577365917316182,8.77835697584227,9.884192701714202,12.751484100134023,10.67427328429603,6.995112514912195
39,9.213889471220174,10.940899040075854,11.399303740919628,14.045348016139751,12.97493116733752,9.50549638036589,7.5903238176828784
40,8.964113360638445,8.577365917316182,8.77835697584227,9.884192701714202,12.751484100134023,9.50549638036589,6.995112514912195
41,9.52614544956444,10.069546932518051,9.71739395426009,14.926403131060297,12.402860736312428,9.296994334111035,8.77786619313639
42,8.964113360638445,8.577365917316182,8.77835697584227,9.884192701714202,12.883773586613868,9.296994334111035,8.180764893289046
43,10.650632800419983,11.017815247953376,9.983115759496547,13.609417494184763,17.019461726140847,10.522324586876044,8.595043792199773
44,10.144845995480729,9.938677985352383,9.461332580803344,9.884192701714202,12.354055006565304,10.451005371086053,7.957236399750354
45,9.846320436785678,12.700818995531598,10.460383162345883,12.158938536513645,16.12323585545426,14.277891166403466,8.54034768739078
46,8.300833738732258,10.348823781834582,9.457719826658195,11.706088644749334,13.70857042253403,9.596858298558546,7.473004413893151
47,9.826611727929171,7.523501652089271,12.624302364938108,10.181128184566663,14.09701000245505,12.459328912519657,9.964467938842258
48,9.962624330532496,8.936045600168077,8.183673220727808,12.136280029068685,11.276354281247194,10.225622311487129,10.773131368384487
49,8.283320414652351,9.043233756754361,7.887962967416291,11.485502175875396,12.69671784088714,8.24962387039238,9.768962795863299
50,10.109829435304704,7.994645062788388,9.470178379791422,10.429235447990377,11.28535297501936,9.75537404859956,7.353905733515929
51,14.362570354613151,6.1714750262571245,10.442528323851064,10.319065935960811,13.367446463782997,9.104498778897241,7.123138647935927
52,9.603072918503267,6.208956859262559,7.182182951219581,9.807255256842135,11.608845029096978,9.6858334208921,8.360185203290223
53,10.804540331647498,13.114948394906289,8.995852085010698,8.763212922688496,11.933015408616296,10.776064674101619,8.347092007876142
54,7.311514233578287,6.960168236469126,8.22952594503916,8.60861875158537,10.469367718458354,10.39197533977049,7.338277220809522
55,6.523239594473059,10.505206536685565,15.88061294686373,11.251786311666667,9.90746258005043,12.918689166506988,8.388694065102381
56,8.397276700734608,6.223018761034776,8.638383423552245,11.449608517858568,10.496669032260355,9.733929788479854,7.469404940905342
57,11.164764718645548,8.143808917261936,10.947809608609107,9.167617719467236,11.362788297976346,14.825158717311883,6.905300722143869
58,7.376957361990604,7.59622509343426,7.545138972124271,9.114908723813672,11.633311318933433,9.443698490432363,7.2462277251897955
59,8.05333716394112,12.304930492842125,9.304273167174943,8.470528084481602,11.35235198446857,11.246258169480534,6.6842681064875356
60,8.005129620803203,7.5249131764318316,9.357284011505646,10.029209282503597,12.881195295127096,8.795428731117289,6.594389805637685
61,9.33557833379642,9.555432748791315,11.0366319771858,9.664415925741615,11.017947969571317,12.326096339185824,6.486737527129892
62,6.440536954908272,7.7310756087390775,7.6317801300675105,10.994921905901782,12.120383284656409,9.90723859954386,6.210664880232086
63,9.590703147373564,10.029269858519497,7.425373059012408,9.130484717584439,7.8275255682763785,11.282635776522145,6.8049217286699095
64,8.12162711155658,7.335238226299439,9.226050797126783,9.755904079298602,7.420514335659415,7.678745930948163,8.293978734769432
65,7.285110555869845,7.427501495641538,8.044405278907435,8.465786178212568,11.095899236158422,7.540086859102939,7.687627028396976
66,7.42005554487446,8.037037179692186,7.866422976763867,8.890923109406305,7.839189998029163,9.88013912542251,6.214200019060983
67,9.212097114239,6.786686191088369,8.030692252346574,8.275606409255452,13.44056687173442,12.161384631382287,6.030560438971671
68,6.357633473876228,6.282924402639665,8.946889169319496,9.124876349270362,7.420514335659415,9.132378463319013,7.8194113157721015
69,7.689441285503651,6.870749201144805,7.792266898013725,8.026218779799038,10.32268677701492,9.74563856162535,6.564614210604517
70,6.7348482771979,6.291227780286939,8.397712947795217,8.774145082557107,7.420514335659415,7.540086859102939,5.441305453210272
71,10.136309206685246,6.249998395208507,7.447512694038607,8.00204941146998,6.682453998701371,7.808074765462726,5.708270667035078
72,5.675169725307757,6.64673900803254,8.438520338472461,8.22742762208618,6.682453998701371,6.744807964110403,5.0049211714764095
73,10.927842442841163,7.041635656517582,8.48985733504688,9.021968135456751,9.220254225249617,12.030252647548123,5.075537360349996
74,6.516423790476343,6.621656446817561,7.815632842837696,10.905585718574828,6.682453998701371,7.9896474303719165,6.344271784822109
75,10.01360292276548,6.391534279458527,7.368874700959588,9.478369865344286,10.394166999246663,9.715071421818505,5.034752495545774
76,8.362552911530793,6.610445669430746,7.959619328286521,9.300165264886646,6.503419762926691,10.724519153258154,5.393155871605831
77,8.405202848223334,6.362726475437135,7.948072663760785,8.172029103392536,11.209986220571507,7.939353596601586,4.879421752958398
78,7.839883342506984,5.78565279983501,9.584585499921804,8.535428744309394,5.837201524513065,6.744807964110403,5.434232768647968
79,10.217666968852992,6.439453579064995,7.182182951219581,8.143810127747571,9.502551193952268,7.6056669497245055,5.264876076016533
80,7.736208851368117,7.187771419256428,5.74109564981337,6.596499322663571,5.346610513431329,6.9414021511884485,5.507256891955191
81,6.6566988371399916,6.607549145887343,5.631230608328664,7.103251023914337,8.49866313758508,8.323955086191319,5.6505879678662625
82,6.138148562378847,7.325223450216692,6.517222918747659,7.299028781489178,6.594453467794513,7.198637237251218,6.131594001054112
83,6.235029725166482,6.7148167054018675,5.5484734217272935,6.596499322663571,9.960779131179333,8.11000140780259,4.938482940371674
84,8.243321055506888,7.565392833095375,5.261644206944819,6.406449581963413,5.9556319914119245,7.500726573503376,5.791581567175026
85,5.675169725307757,6.741255637139433,5.607367347927537,6.406449581963413,7.362910515256254,9.48607677143112,4.879421752958398
86,7.796363514475229,6.869736684646678,5.376366821837377,6.064277098765564,5.17057437381695,7.367728405215466,4.626299988630502
87,5.675169725307757,7.547605937673874,5.491057038546526,5.629439869152044,9.869487771109428,5.848413962229763,4.626299988630502
88,7.244009913776689,5.929552310604645,5.7963755348861286,6.380328310535411,6.268340316367556,6.8954149900718,4.754120863668861
89,5.675169725307757,5.889904056824539,6.024392305551134,5.60541503142094,10.547617633791834,7.457187083389408,4.698216542977933
90,6.58530858468851,5.195589699550606,6.101894183224288,6.625774678929535,7.472616466908761,7.720767109162311,4.70647381408065
91,5.519651174660344,6.169659628084684,5.691989336880217,5.457486484505952,6.422063560462181,7.2585274212714275,4.730294326408031
92,5.282641282851855,5.710569128258621,5.7268319981016145,6.863319455251278,7.223909429338618,7.0266713058918375,7.073064115624331
93,5.109499090602816,5.80826565883139,5.340465016216882,5.967764491548534,6.715951261066515,5.975253088047743,4.872553152883029
94,5.817610178899556,5.355236858912408,5.642511091439,6.041841418437705,7.200581175331925,6.372067057515702,5.006751657329492
95,4.634678267748582,5.43224912112667,5.466196935957444,5.45884942241436,7.830383357641616,7.457756345161964,4.997021560409418
96,6.089776073332048,5.3703095364669,5.544944982333271,6.71961961339283,5.4090764286367685,7.027747730913821,6.650460339173422
97,5.224926054071974,5.28035291967979,5.249118107147018,5.902814039020419,7.378701305994591,6.691406718961458,5.679340619850171
98,5.5292703711452535,5.098641614754616,5.206488511046888,5.90651747514689,7.080866641670464,5.924723810065722,5.4443858639497025
99,4.985859448445266,5.140852980885838,4.454976316341393,5.657989356890679,6.073355494834602,6.694055587836033,4.9881599555126686
100,6.229720282731442,5.336594634281116,4.846882559635038,7.934825001256109,6.2218076817546075,6.983681795218826,4.735687040323513
101,5.149413614511121,5.635815016423955,5.014322432236537,5.229071380199964,5.426982558507235,7.5218923059976035,5.533781103970662
102,5.283794761406448,4.769629380142099,4.819347053999659,6.1733845648139,6.4851663331918274,5.986909538675324,5.1715044193410185
103,4.724338080038457,4.918043571495389,5.108939698804961,6.353407675970752,5.28418769828042,7.1818482918408995,4.66242785175737
104,5.352078988729258,5.275789962304088,4.927586669465596,6.151975912631239,5.98266246859853,6.23350382440202,4.136083070293673
105,5.128578175826737,5.292997404437593,5.083397016721476,6.082981665955599,5.187495744249539,6.037420130881363,4.802473901488892
106,5.04881972161254,5.049138150384783,4.894622513369654,5.4654819930648415,5.7123098334752305,6.428446534692934,4.35060568204647
107,5.189386400719611,5.0014670235600525,4.6858601936049915,5.857199853973298,5.17057437381695,6.71253699238098,4.98083975329979
108,4.491855839092844,5.345396424642476,4.492805394226666,7.7494513100906195,6.670312298455345,6.7756522664887235,4.34726514207666
109,5.155733351931249,4.748779343218703,4.611286653208219,5.373907099188274,5.17057437381695,5.941232369871922,4.329879516842639
110,5.275308052874462,4.899782854460074,4.36109731220093,5.652327142004342,5.709343115803892,5.987268141109044,4.900187310930779
111,5.4780043984632165,5.244956485587456,4.97114745947049,5.610274670119357,5.699072084060285,5.906268130870263,4.229847338181079
112,4.7298901765870855,4.734377998832467,5.107506961016394,5.367138853161843,6.384819967675446,6.824082585096091,4.768603897895317
113,5.143788824134855,5.441018344545438,5.022309023683889,5.693912159820805,4.954805678557935,6.145457873821198,5.217602669211924
114,4.953895465125649,5.019831473537813,4.818065487272803,5.229071380199964,4.964448670528748,6.279385173807901,4.8428868285711495
115,5.39121993498873,5.6602431063411744,5.718218346509387,5.860613712715777,5.314420658944126,7.158703517742015,4.5076893849792565
116,4.815295498754077,5.317123147713116,4.9506476791818965,5.425802584216092,5.520675378044109,6.583099097611768,4.17783530745145
117,5.047287517891886,5.16223649437755,4.146215118044627,5.894401350285612,4.785336732093553,6.529380378179034,4.383632084178034
118,5.101651362815901,5.0914546679362696,4.715410661493645,5.229071380199964,4.517417799926258,6.535508745362568,4.182029287429971
119,4.298706357760852,4.685499998669971,4.864228866652676,5.580876745677319,4.933316304590947,6.126999102964397,5.270732386205198
120,4.547787777077288,5.865370438908475,4.623996647916863,5.912900773698724,4.869538297475597,5.725176831836134,4.428285163988274
121,4.790595439066146,5.65160639603058,5.0181969814497265,5.855809984673091,5.269281403819306,6.167844178907606,4.089314201721626
122,5.283556551865915,5.250955643607987,4.847498632153151,4.671860711007719,5.326599612083878,6.552814961068612,4.779149259832359
123,5.588385418706779,5.303968497439138,5.504637711459169,4.578356557740849,4.810697913986836,6.321452319178114,4.156410449133827
124,4.786382881924876,5.454110108748117,4.783818255032953,5.670891302106476,5.467469729894946,6.208463553718045,4.637482042109239
125,4.704578284790794,5.33363760325853,4.507097843595286,4.963093017661275,4.730119840456945,6.508301007951464,4.696270229502141
126,4.893949502069632,4.974154650533933,4.956397442639598,5.367949411442581,5.127449178704604,6.278163353952815,5.047735703260592
127,5.235193386640834,5.883871416718704,4.684530479183688,5.541710492020915,5.173308504137494,5.9710194164559,4.393718239560654
128,4.756362413739137,5.084359235989975,4.360489261949027,4.822275026772698,4.7569662718489925,5.998730072455296,4.336152510204578
129,4.6274757695522775,5.75527021938741,4.197802025488354,5.306360157862525,4.691474757955068,5.926396225276874,4.418999564855671
130,4.7576902723248145,5.465136727349905,4.246282885282909,4.764185685542442,4.90366481842755,6.277856534419556,4.512076120239551
131,5.151024367136397,5.398172424292546,4.494106048786604,4.766245277917171,5.272827644718799,5.957597425749478,4.519101161396151
132,4.782256498797232,5.652322692724537,4.483137781707804,5.197808200577511,4.886059658538843,6.4775714804200035,4.342980676371623
133,5.048386894531877,4.786030337595248,4.819988591615992,4.874110015216579,4.976698393953598,5.836174639955219,3.9407668987760607
134,4.785269290206495,5.694376239102751,4.8628077786127255,5.1331571426544755,4.805012612376838,6.520425374961005,4.187511008292152
135,4.845313500976798,4.861003331991458,4.34821542776642,5.178173525596099,4.865123359141186,5.82205358095204,4.589398709397694
136,5.063337574480446,5.088381425690428,4.767600744777028,5.300983284910906,5.10918585667509,6.402109427386514,4.7225673445616785
137,5.156881391240984,5.170307637003982,4.548147136043862,5.072099921455122,5.275078563385862,6.236783879139083,4.907154004995192
138,5.479327584942834,5.01770931767479,4.796923663514346,5.304236031861767,4.81322468507528,6.539398283328824,4.391098080886788
139,5.576455243998452,5.152932984350403,4.757805887971423,4.962734255820581,4.719267731821343,6.1451487995953205,5.0814252760847065
140,5.041829508463186,4.956563557823569,4.83322733375569,5.272704020076536,5.092065986615681,6.048987970854903,4.915833898624543
141,5.149243792278954,5.000907908300747,4.360509512998043,5.164602386002219,4.929486981385784,6.048586782907061,4.427389927320534
142,4.858927221800834,5.29054686601521,4.296243274818856,4.523534178276152,5.291904127836309,5.86159032235713,4.469972308362341
143,4.883749841191012,5.578878369061672,4.578487360671394,5.194833399009969,5.055316931620991,5.659893028414018,4.629567851016062
144,4.841439478190806,5.321663220426575,4.956118077290313,5.576132873758625,4.371044714496593,6.333575652432553,4.534156637227907
145,4.672242853265907,4.989448967819699,4.796049614389376,4.772333695036057,4.502884630178265,5.735032953655577,4.772520736086521
146,5.5315751400252395,5.510913288252967,4.388574974999368,5.013564248183641,5.021423035256171,6.197059273948165,5.388976764623667
147,4.712604822559528,5.15055783151179,4.4987112926280535,5.242493541080624,4.371044714496593,6.227839643520422,4.015255610046617
148,4.642774672231123,5.3566516292163895,4.428850887320398,5.103184977753475,5.060753210221612,5.862364748726813,4.421656752876079
149,4.863211211948159,4.874104116928232,4.469753218299922,4.839588187612235,4.371044714496593,6.294641513784298,4.349396103281252
150,4.744023734179814,5.068366026834347,4.655518135543476,4.723311237611291,4.8829223537384445,6.352395476991895,4.208259865878925
151,4.880846487572311,4.995634354608644,4.598005005509578,5.106104318064544,4.577515716616172,6.222428858041401,4.462578880330867
152,5.25011514657487,5.471461039402773,4.500270455824046,4.913924577063893,4.857904163809579,6.170076014548565,4.837197186432259
153,5.016382027578054,5.150113747995272,4.607785006863844,4.94825207021207,4.39109219520672,6.659535279589454,4.701627735482767
154,4.595058092914658,5.401074981055317,4.530488497761027,4.9834525510156515,4.761302706027688,5.999747580051315,5.137081838521725
155,4.644706110726129,5.3221331194944375,4.066410093078437,4.704532025133706,4.557446831137886,5.630869060864513,4.547185556783034
156,4.994503093555063,5.281239574144737,4.432172567731441,4.640252183911121,4.167082291490586,6.1576439937108365,4.263350444745179
157,4.894204923357763,5.354879356471527,4.205684650783181,5.079855828360659,4.544404669092703,6.452502451494966,3.937138115888246
158,4.828361510728858,4.77157773848159,4.465695581589944,5.151797086791359,4.245673894444129,6.019912439607315,4.459819584760216
159,4.928700257224008,4.878402030183985,4.4728401153468536,4.735612658270201,3.824881507160548,6.321304770845887,4.800128274767238
160,4.655231496878488,5.06668439940541,4.536128319412445,5.406299634349518,4.676335308409117,6.379973918311943,4.682847138302429
161,5.016471259441599,5.077344482465755,4.310664382527194,5.003296096635163,4.7493907764736205,6.5628736623708654,4.331270232917653
162,4.80575602488063,5.154008702014282,3.9774542395791133,5.296127622572057,4.1193730661360215,6.198692958268154,5.137295862059521
163,4.304926837847021,5.130720936249838,4.616948825707244,5.067710809722158,4.628021257577705,6.289758304454156,4.7066111422848245
164,5.2032144312071695,5.119002721100246,4.452347253078678,4.939032755693127,4.962807083752906,6.230128180093446,4.882573492585803
165,4.914084411316281,4.961995635880442,4.343199101847321,4.653050269961292,4.880771587247982,6.712310189760519,4.9734255396503295
166,4.725491566571537,4.86562324981606,4.661823990562504,5.093094193033914,4.383187129372883,6.071897736037954,4.537503782307708
167,4.396475832094661,5.311811054305949,4.365789770475254,5.104423411056289,4.969136148243875,6.171571517805216,4.727559972886457
168,4.6674598503118565,4.951734173574441,4.823069421211576,4.745179257576506,4.467696924967183,6.129561687093883,4.335874407362066
169,4.947708904193257,5.009067608827815,4.639490076404407,4.630847703750106,4.469029232268125,6.33743184573994,3.9809230891071743
170,4.632921479623929,5.076794077054615,4.169351476699103,4.839484073291635,4.5363274908732505,5.804521230459179,4.26109991063293
171,5.273032180436715,5.3259191684153535,4.426818866301367,5.046315730238842,5.082634718478897,6.524880839123589,4.940664168257806
172,4.995843424696643,4.884118402906,4.691550378267002,4.6916381063640245,4.501180955151566,5.899426882558487,4.739153548137181
173,5.072218100680759,5.109791432989859,4.438667823374594,5.01885085235557,4.202553243607471,6.130870299068978,4.193059495470521
174,4.95408602695813,5.033345035335756,4.2320748291610775,4.844946253640035,4.501390800533877,6.056051487883582,4.443318614794901
175,4.519962000447552,5.060132492757744,4.356334632594183,4.660031607658839,4.0918259247233815,6.296087998604319,4.0617505973749175
176,4.834439522064779,5.145995298435857,4.361649864949514,4.943537027643128,4.212473662915575,6.420499808645236,4.478733375845034
177,4.5458085144325375,4.659859045469562,4.659634149939541,4.9568494728657,4.860454117412755,5.645822237253558,4.087954938934039
178,4.945422839615888,5.0873305796479045,4.539351480476206,4.846248654166299,4.34052453323932,5.745967832163147,4.400189571458731
179,4.808209909858352,4.993590575641349,4.661686424210162,4.678631936665868,4.662602992489282,5.924000290305961,4.067536134125297
180,4.7414392588361,5.086002065323479,4.848588287696295,4.731710856959552,4.941458197474912,6.045571192492107,4.53600873698617
181,4.7237204575918925,5.069844454526665,4.332188362740479,5.061564397246498,5.055121575876383,5.8823592120676755,4.207056127193886
182,4.7679610639674515,5.255676710485042,4.760423266314098,4.679872005181469,4.627370013226049,5.911156903806643,4.12212900961341
183,4.674645681673899,4.6343436013768216,4.252772191178234,4.65677431417417,4.126225747535326,5.825380471082085,4.00832553792219
184,4.660603855077499,5.036467435146029,4.708781962106661,5.055122220000939,4.285838593879503,6.158865951487069,4.161905109462109
185,4.9252758137641335,4.791847318418948,4.592095609528381,4.808990677979448,4.110804210038756,5.8019774965003315,4.180347339211453
186,5.013355930079813,4.5959907017582236,4.747192612937055,4.953067336887562,4.264205717347576,6.281512040169142,4.5307427670121685
187,4.680898200637545,4.790002462866327,4.517641823161822,4.945864580617055,4.343065297021404,6.0591299978218744,4.2540804062761195
188,4.627329068609075,4.918297254698325,4.533345868813313,4.624331887813335,3.7949549934109905,5.730923718693264,4.0850454555741615
189,4.640509410257308,5.0162555156080195,4.551547781793371,4.805867621250918,4.2039389747296925,5.91723698286319,5.03652142786021
190,4.693985664386525,5.150210393514211,4.163272201118872,4.338825430462993,4.467294132145301,6.06770916213969,4.3132878551967675
191,4.608382850055612,4.894730334245623,4.316143220349479,4.8135191487242395,4.248016111764911,5.9561001123911215,4.1471004171000505
192,4.232838392554522,5.229371065015151,4.222740835995762,5.031080477612833,4.4287416442476975,5.866281556136391,4.3097241979558225
193,4.500498902275375,4.876436803245735,4.619994816258892,4.920413146460148,4.27027037850841,5.688636847038599,3.9978744367848478
194,4.322462160117857,4.942637790424806,4.479078327529818,4.750094573471726,4.668440270414303,5.724008592029872,4.718986774198267
195,4.950967168813964,5.033944544801181,4.501939900109429,5.03035518977121,4.741908523975398,6.00082759248376,4.45101821149578
196,5.074819829594727,4.886526138878496,4.521032251344051,4.676925800651788,4.748786006359638,5.922130363830575,4.44620465724449
197,4.675755284307875,4.898420971269484,3.808943281230521,4.792050937092629,4.163930968912515,5.67826087343072,3.873086045636682
198,4.6955533541966785,4.765640839977096,4.459455321039152,4.724305481554667,4.6094621954135615,5.83403398533326,4.43475567398006
199,4.592412911192653,5.04869058352965,4.225554224252681,5.325942515251807,4.419558734126415,6.007673229347485,3.8066387995037685
200,4.380525377761248,5.237281881068324,4.391453845951729,4.820080546539393,4.401112426099378,5.7206768021092165,4.220165200663481
201,4.569571557390551,5.192209947901938,4.084594428944694,5.112010840202687,4.286687497231519,5.593154197508496,4.12583240803577
202,4.700163728362566,4.8612591294720975,4.506324813303266,4.516056295553487,4.664650465498787,5.863078859375806,4.173885331475681
203,4.405331114297618,4.988976307418203,3.8096871563859334,4.396783189439745,4.377159106594779,5.864710634825963,4.018133463812318
204,4.7491800837447045,4.885774564770754,4.205913422965031,4.625017662668774,4.405065750209495,5.69959284566711,4.167106227142436
205,4.83854441246403,5.073351841424858,4.371327574664627,4.806345437539751,3.9762688063976133,5.841628209189111,3.9042480416028433
206,4.96441044856803,4.752516391001599,4.280777632854099,4.872837098486385,4.137062497640822,5.885266879323018,4.146674320715856
207,4.321558704233965,4.825539062772882,4.545075684936637,4.601507173664831,4.591189528188066,5.938413947285941,4.047170080716337
208,4.499550452055283,4.8392682286674225,4.0450046176862555,4.772607503305018,4.270358611212846,5.6016030025000845,3.9187357672422976
209,4.379512524732812,4.9809291541309015,4.4509139694273125,4.573513652601606,4.440153304683941,5.802834312475482,4.240632003371885
210,4.385462632889531,5.000315070587763,4.150105565506633,4.650346165681648,3.899667670468516,5.4868248606194445,4.3159730018530915
211,4.477800151054727,4.904650980269864,4.086247852080417,4.693515787258266,4.937235175592152,5.690057931500931,4.181523903013553
212,4.6356911372628495,4.70429308095332,4.135480578506561,4.685396275361139,4.408324420544346,5.541826688376214,4.6400713374803715
213,4.238687924983406,4.99042344395695,4.173217759630182,4.759645330733167,3.995736398640805,5.887297291392688,4.070319594281522
214,4.73647870213303,4.684783384556464,4.06593509266073,4.842669698793004,4.403337556255956,5.787504744791919,4.2270708318175645
215,4.414765656533071,5.0735413968681335,4.320717231622274,4.688589702233136,4.204619104802163,5.7981338137770475,4.015250230563841
216,4.773110709073053,4.7610443300383185,4.1832162152816945,4.6739549398208435,3.737809897359382,5.694659917888034,4.141703439638223
217,4.35507455537925,5.022416409952956,4.025255371699621,4.615471931290215,4.462749264051641,5.95810472067288,4.340721236947311
218,4.4169361673097995,4.866305790429988,4.01077295518607,4.568202137878593,4.051482211063583,5.617873885215547,4.48098020144985
219,4.493721119423426,4.908704045825155,4.252363193220828,4.8523115034768205,4.555091269445923,5.852169958418512,3.9259463847203055
220,4.697128876888271,4.882507636349242,4.21753735878681,4.504319920046661,4.547237973280584,5.733062186617922,4.288517336522328
221,4.529851782185489,5.218435219922853,4.330919489693524,5.023227960554972,4.072944947493929,5.9236018629377565,3.9629211054679625
222,4.618902109669069,4.761341589790171,4.098571412061474,4.375604349298628,4.293108844535247,5.405808578090318,4.21757335405636
223,4.405974516967021,4.696357623197047,4.014482207537456,4.486078803159656,4.241961824521231,5.94611111979735,3.925660425724628
224,4.75840986375116,4.990004437895391,3.8886709625447335,4.528110009990332,4.061100872799811,6.102326000431723,4.037973076889895
225,4.266192087401321,4.924138790412737,4.326379302059075,4.2448273967862935,4.0656941081480005,5.942704991349907,4.040342714947781
226,4.37352810580397,4.881560078633467,4.3076366712471135,4.3274592496021835,4.124466887621711,5.940071936987076,4.205675133227524
227,4.759471380382899,4.761461983506171,4.232055851709387,4.3294942593303665,3.9250543079591806,5.7260763569981865,4.127596727505369
228,4.368161862477646,4.702192697426994,4.378713026549564,4.405067629978793,4.135825750590002,5.6882043002886205,4.16254305872139
229,4.327579860045005,4.664090375339055,3.9056848229197865,4.5027859784776485,4.175474468288485,5.6475008654442345,3.945180836140807
230,4.153424587527027,4.729537446498932,3.8978397031829504,4.914817697590679,4.0032557608224515,5.730027150230024,4.049934435869272
231,4.284807401118642,4.892171631684541,3.9619802976082554,4.76965492861452,4.009151858376925,5.652124424215126,3.9765425158351286
232,4.341081389018524,4.796309832449872,3.8734512396124257,4.278955332158687,3.977577849735959,5.767965111378899,3.9909780641641937
233,4.291960100028116,4.885202273057254,4.039564797368228,4.327303835033272,4.014308294540034,5.718668246370186,3.9232304916850222
234,4.411627000549797,5.065271099972497,3.970858715483569,4.472310136639319,4.3569142926338404,5.914053228905198,3.8781984294993963
235,4.05538283086664,4.696824342175483,3.852435069968858,4.243258686748234,3.8031813035001543,5.5839453535504635,3.9218215012832474
236,4.139181889721977,4.587611458296601,4.188683280785874,4.296559939195366,4.274471000803879,5.719986890589598,4.1034398672411125
237,4.199037425570436,4.908297012343029,3.8340671628513268,4.604932838562626,3.8651543548143446,6.04933555882893,3.799032756529448
238,4.533809726898591,4.891508380735939,4.052308213372191,4.331706551921501,4.424759888687825,5.826299643823717,3.9171041698853766
239,4.113825998227205,4.881216937365467,3.832446309220459,4.423662277310342,4.200038579028404,5.61181631105294,4.0722189744323956
240,4.341671120102051,4.9460600287757215,4.200336108418914,4.4802113925220155,4.017459040256675,5.815108552860526,4.098177981359147
241,4.237082507836018,4.905363495208077,3.9326324473842362,4.318415186609483,4.039029331226668,5.660879609331618,4.122390758589364
242,4.344189519665162,4.975001251031217,3.897391679707839,4.214448720578749,4.043969291880893,5.8324744627127965,4.019239301551983
243,4.320138447776548,4.705441016666049,3.8232392091196745,4.446907777934145,3.7466205551635037,5.6963853703192155,3.8492821019391124
244,4.44104774340297,5.033933593220964,4.224039362854592,4.1528353345231555,4.313339008307952,5.79479341339424,3.991292810335287
245,4.257732953332944,4.55847545170518,4.1423730298722035,4.286210553790183,4.2442418795415,5.689826688584727,3.892311728918838
246,4.461540042255042,4.841768333102644,4.031154465763196,4.147122525219202,3.877473326932816,5.646762693471973,3.962090914144486
247,4.104678973766891,4.709939473534631,3.936227381449683,4.176385318456704,3.9544250736837068,5.634067404105956,3.7982305417009696
248,4.226105984457303,4.624287025420204,4.034543813572328,4.278118390509366,3.834898336316117,5.530572045202086,3.928342103426053
249,4.127126581161801,4.673521333530225,3.8323743589241177,4.486067724822606,4.052571050823539,5.722357071391245,4.080801810899675
250,4.238175048283836,4.666927132306326,3.83678343855057,4.34968918013112,3.778662277374232,5.586142716875429,3.6411694263460346
251,4.196380332767547,4.533539634736893,3.8290049990512895,4.455355425315891,4.119506871871562,5.639469763746136,4.084954655847998
252,4.345082580595861,4.486010585638602,3.8599163465314175,4.1314531030318165,3.763463577862062,5.59247404831646,4.261283228641942
253,4.145228328966411,4.921822305058884,3.810203647933428,4.396107180189121,4.164624761965945,5.596713194817902,3.6689438388642546
254,4.272656461196208,4.647548102161674,3.802715618206607,4.155948619619155,3.884277789359299,5.58501876175233,3.785405988999626
255,4.233426846560165,4.88824251737852,3.8265413959366295,4.605807857129784,4.001206782040483,5.708335307686162,3.872199354569372
256,4.473859049049177,4.790999227526732,4.080806992928533,4.151204655166144,3.957181327175401,5.467623654539306,3.8403765385308892
257,4.202444169557838,4.805017918281514,3.837447105391822,4.227708343528592,4.122233421677234,5.6776523035298005,3.992613011107208
258,4.29985615483919,4.649824678568416,3.8528377487127448,4.19230706820291,3.6475020748624,5.508106812724492,3.9410185245346727
259,4.173034228978972,4.7195326272743,3.8242751924112914,4.465826498454277,3.8716560686792385,5.74443554544328,3.9636646852986672
260,4.339184558213553,4.503603356600372,3.789068935455737,4.297012801254538,4.041479365658093,5.883016612854136,3.860034714053926
261,4.239252072415182,4.815232965097713,3.790558629787973,4.255915967336583,3.862127998014983,5.581130586846641,3.8163426765461814
262,4.115813786547246,4.591415433453753,3.867098136455931,4.355087213455403,3.8922459841214336,5.809009553639938,3.996356823756582
263,4.218878508226398,4.664039245580462,3.986358934545059,4.412382684321852,3.798609525239094,5.601615208389467,3.960210750644018
264,4.204012388172343,4.47465924544072,3.829604110122038,4.20820645242557,3.692004254729203,5.482658047232757,4.000950187274099
265,4.186573392833881,4.827644137791039,3.8319731125893357,4.455232961681753,3.9091344268939343,5.620001380619953,4.121211974248104
266,4.199497503965445,4.409874010839729,4.059409156134107,4.178708440651543,3.765545296127001,5.663633245340423,4.018559510356966
267,4.190418661515162,4.536446031188698,3.8414139892538928,4.301534552185247,3.7937024515365225,5.485011184715945,4.052942011021082
268,4.168418241626981,4.548455669208476,3.9392939095022106,4.189172708781874,3.930210760617254,5.600574299318496,3.9629560564859814
269,4.216000975207441,4.540173612239321,3.8172409190281305,4.345009712458322,3.8364709580583543,5.727051646296312,3.6767290945878166
270,4.052093257600538,4.511316077856644,4.006258852761912,4.193870199827491,3.874884278213439,5.52897723030819,3.728000768431377
271,4.166437404327794,4.779405504332814,3.8476190875699157,4.358863411504155,3.7428131664224806,5.395570678850864,3.8905910919395565
272,4.0607609539395195,4.669262585659613,3.8734351167462555,4.274484164305763,3.955303224282629,5.540389789269462,3.7683660185925807
273,4.145277129758224,4.49996409778922,3.8292393996224505,4.072000201029275,3.7665881895443776,5.478396958519587,3.9911525000576678
274,4.109868622006528,4.476201561279289,3.8780111015585823,4.352982094912563,3.83094748229502,5.523302221915796,3.7323611500123945
275,4.155840013337678,4.63804772631941,4.032365581481916,4.271089664203381,3.7744119686550524,5.48005677801819,3.792653836991123
276,4.080645854366829,4.445569587860805,3.9834529508084495,4.233133597893655,3.7998780318115206,5.458542555891385,3.937715273859307
277,4.15924842327244,4.757611980453268,3.868888915980101,4.2437098583614805,3.9282182035191773,5.40896770590105,4.094854524458676
278,4.124335482741936,4.673817252126081,3.82740360384151,4.067904614698334,3.683374463522595,5.470099804592513,3.7962470341709134
279,4.144007161128848,4.948191537596267,3.792951871321341,4.2951287696512335,3.6790647819122775,5.606364337727207,3.8228510842599186
280,4.082158710960513,4.769069733458194,3.8106927422956227,4.332955624684472,3.853878051286938,5.404158912557895,3.882754696335223
281,4.188126098038135,4.693063167674438,3.926627748909078,4.2884425962516906,3.7800699904958655,5.4718995420681855,3.617315324236828
282,4.063359085641506,4.439295073321574,3.802213960576029,4.336986062730133,3.8540334307384465,5.500917685222663,3.839653781563432
283,4.0921832018011415,4.653547214348595,4.00100963507175,4.3215718919547585,3.6684882997375055,5.444950883361602,3.9129598695928127
284,4.149378390269806,4.456901336010635,3.7960340471875345,4.126803935160762,3.980799244648261,5.5005588887523995,3.675068278901029
285,4.031480642418358,4.585195500973209,3.7871374553768278,4.309886436658225,3.708190699450694,5.501775944656171,3.795826688522313
286,4.103934586419144,4.502501831562587,3.8972137344839557,4.052974287872946,3.6603326598890087,5.414380067653674,3.668236794371619
287,4.054971529273785,4.5249421150361595,3.8249273250633937,4.227372707823343,3.756199777588292,5.4830671911758015,3.7841813795733086
288,4.078114213910245,4.628633738276748,3.9139776159496273,4.044079644664688,3.6293679589994885,5.410008999906734,3.545821200498159
289,4.031361788577171,4.398797955737532,3.861875888970726,4.2794742705902475,3.666924664919972,5.458679157104119,3.9251671867712927
290,4.004018105955542,4.780121760001308,3.80816979844469,4.292434888380649,3.6189600686547174,5.442994514270565,3.5984908965460107
291,4.032249610071223,4.465895002625472,3.9956687621128353,4.315965709237038,3.6265819816433904,5.5199333444506395,3.914373975212568
292,4.127806025433,4.619250609515192,3.8049105402989882,4.435388679004062,3.6528347878372713,5.458249147620691,3.713908919207434
293,4.0565002811148645,4.417723995222317,3.835831994643293,4.214274388043137,3.6518320870247227,5.507833811517701,3.900563687875461
294,4.060418850322298,4.623601874062519,3.865781962140086,4.200349647137367,3.770668175501901,5.424933064446796,3.742135627168596
295,4.033445631703729,4.5018500324649535,3.87307383415613,4.043725980395658,3.88323287430873,5.4907629900610235,3.639844407809199
296,4.0598284750195885,4.44551555957453,3.7822401522548064,4.070353573418784,3.7886353817850407,5.412395293280985,3.706148545496136
297,4.097354925296126,4.4836462377409285,3.8196190722444094,4.137675537764206,3.5934109828156444,5.546554930853647,3.8030079126700698
298,4.034789544337089,4.440580372597012,3.7876290828883574,4.228663043565247,3.6634432681444085,5.455263934683118,3.7783099316436917
299,4.026149514948603,4.447610199629974,3.807208773909536,4.098888773591047,3.6508901922276853,5.506580068046189,3.7222534001150795
300,4.083982038084305,4.436480763098826,3.8601960993662034,4.069279174656065,3.860045891432611,5.4353760950084276,3.578762387527933
301,4.095098703316408,4.484856653368211,3.9960999673018747,4.004413535642052,3.6511595022456276,5.507530436277888,3.737273005530813
302,4.0605075947552125,4.457042391679722,3.8684378021569845,4.161137662635451,3.819499813728056,5.448940660679408,3.7318558882511903
303,4.040217481180316,4.41420736456194,3.867119246504311,4.015344561988747,3.708091811090418,5.545127975498968,3.730528073029487
304,4.12421478544871,4.406116606000522,3.844334483338024,4.0915041279852895,3.6868338720173095,5.459758917387372,3.6128839357449034
305,4.065421229725884,4.4294904095926615,3.818200682347251,4.036668148409927,3.6648689916947776,5.442323732937515,4.026149762055494
306,4.142688371153815,4.417161468693143,3.8610474125398357,4.149989599529982,3.7896299618570626,5.441831605511943,3.7097905615544198
307,4.011274880131142,4.429223246757863,3.8203427057016888,4.045427026519767,3.682262514560228,5.549203320591208,3.782634407723607
308,4.221202890403518,4.373229785367216,3.7622919098242327,4.264098972587026,3.71002342081477,5.416641072626794,3.7608619024200167
309,4.093029223130539,4.349701479681742,3.784226091865589,4.127885772800513,3.7289666976050024,5.512912837865582,3.691919050912199
310,4.103081943647376,4.3843858607742465,3.8359861436468305,4.173280135138571,3.7935825179898632,,3.691490365362465
311,,4.576766041934225,3.762833307838304,4.040049462555461,3.663366388234522,,3.6177233150095764
312,,4.399671868970882,3.8117245768994943,4.20214493086231,3.6572441693439535,,3.7264371523875144
313,,4.548281053743519,3.810026481123635,4.122089170708284,3.6338406866417263,,3.657389891570799
314,,4.397529254904754,3.8684927649337064,4.434042450026695,3.680897760256356,,3.6432477798720426
315,,4.4503599340733935,3.808895591067426,4.155420031223499,3.7017623060099436,,3.618223962076309
316,,4.481895266657085,3.815794251707873,4.221055277724202,3.617691382469574,,3.700423034840675
317,,4.451057810681621,3.88319463378627,4.010127201869216,3.6787984735255614,,3.68963361257939
318,,4.328673767698624,3.9011964238330705,4.181501956577755,3.700708188544136,,3.5651748251329614
319,,4.438820437203662,3.7766857172188915,4.08521117217009,3.6949297122878035,,3.657809862964281
320,,4.399300968823549,3.835629198559685,4.290138565775602,3.705800993419653,,3.576315422681679
321,,4.424305831433101,3.857852914071543,4.06172725739644,3.7199422120838435,,3.7211716771370313
322,,4.4291802729800045,3.821695857296037,4.421009877568806,3.651201955209545,,3.589775805274326
323,,4.476717554933162,3.780209172433307,3.9738060686151226,3.717883919958243,,3.7311560813022693
324,,4.406452791568474,3.784043777742282,4.0028247923127385,3.598647158479056,,3.6135350340649794
325,,4.438308148457333,3.7984672587391803,4.323401446561797,3.6883826689333836,,3.6863573418516937
326,,4.457309394428571,3.8454755187325484,4.076181563242999,3.68828258634973,,3.589458465043739
327,,4.465833927470132,3.8089578940823525,3.992356445993068,3.6575802443975824,,3.6854208723010053
328,,4.431760925170584,3.7956600927032773,3.9604882073049166,3.609233119845997,,3.6857911350624715
329,,4.341825395980329,,4.067052138895598,3.6190073194952053,,3.6869970624030457
330,,4.383737232821,,3.972106691870855,3.6596368274624864,,3.612943069241327
331,,4.351777634080558,,4.176827727563739,3.6416601065037932,,3.6777296781233466
332,,4.352101741252277,,4.008069566842018,3.6027880144491364,,3.542368433521338
333,,4.346703855538911,,4.1663465694442054,3.6259756667819105,,3.664870835248791
334,,4.392772890370997,,4.139927963371074,3.693953215694773,,3.589109852287487
335,,4.378060467481632,,4.122481341997798,3.6388521887228404,,3.6915938875353698
336,,4.419141337832673,,4.022158570352661,3.701310679595827,,3.565244756476517
337,,4.365715404788668,,4.1786533188973065,3.665028182813046,,3.5904390528457375
338,,4.461243839373109,,4.001493567773603,3.662906198604481,,3.528297582163333
339,,4.380741134615091,,4.012595561629249,3.6299942879175835,,3.640934510130554
340,,4.44455809180348,,3.9881204922436706,3.661033514548144,,3.564207180349347
341,,4.315424915340301,,4.012883709577464,3.6092052081041825,,3.621371176569151
342,,4.433471787910939,,4.023213782852159,3.7052527552963346,,3.550007299613419
343,,4.345354114314103,,4.087976723009425,3.671633560349168,,3.6311989605773407
344,,4.407800164520024,,4.019726255932466,3.6757655535106344,,3.5585780873869424
345,,4.376490815723248,,4.284688119519961,3.640605803783553,,3.7514698760282674
346,,4.443227646137557,,4.077775750878359,3.6330949715054883,,3.56419504064641
347,,4.419482870152635,,4.024540169214772,3.631503223057538,,3.5737422812461976
348,,4.422095433267012,,4.049235544537578,3.582435795100169,,
349,,4.301497540275915,,3.977360333869458,3.612628570683159,,
350,,4.446451496176801,,4.034053691888307,3.6462832711050637,,
351,,4.3157272370196935,,3.963675587637388,3.5953387135632693,,
352,,4.390647819304128,,4.007627000750729,3.652331693450087,,
353,,4.383889822410287,,3.9796613994477124,,,
354,,4.396044767796862,,3.989491039213395,,,
355,,,,3.990992625604056,,,
356,,,,4.119250863566088,,,
357,,,,4.006117986991128,,,
358,,,,3.996446101008923,,,
359,,,,3.9585837931149155,,,
360,,,,4.123075857289248,,,
361,,,,3.944712861073144,,,
362,,,,4.089808979986375,,,
363,,,,4.003811306650375,,,
364,,,,4.026221797030602,,,
365,,,,3.9957917292613234,,,
366,,,,4.022144344798321,,,
367,,,,3.9839455632374023,,,
368,,,,4.029680047108475,,,
