,ev_op_r,ev_op_r3,ev_op_H,ev_op_H_2f,ev_op_H_3f,ev_op_Hp,ev_op_Hp2,ev_op_Hp3,ev_op_Hp4
0,5.67431640625,3.931640625,6.54638671875,4.8974609375,5.3623046875,5.6455078125,6.646484375,4.1982421875,6.36083984375
1,5.67431640625,3.931640625,6.662109375,4.8974609375,5.3623046875,5.6455078125,7.1708984375,5.29638671875,6.36083984375
2,5.67431640625,3.931640625,7.1259765625,4.8974609375,5.3623046875,5.6455078125,6.90625,4.51220703125,6.36083984375
3,3.38037109375,4.6748046875,6.38916015625,4.8974609375,5.3623046875,7.310546875,7.1240234375,6.9736328125,5.19775390625
4,5.35791015625,3.40673828125,6.03759765625,4.8974609375,5.3623046875,5.64306640625,6.72216796875,6.27490234375,6.83935546875
5,3.94580078125,3.99365234375,7.22998046875,6.14892578125,6.6650390625,4.21728515625,7.07861328125,4.69677734375,7.2265625
6,3.38037109375,5.2265625,6.57275390625,4.96044921875,6.3876953125,6.05078125,6.423828125,5.97119140625,6.375
7,3.52392578125,5.37451171875,6.69921875,6.80322265625,5.98681640625,5.99365234375,7.1708984375,5.9150390625,6.4423828125
8,4.06005859375,5.37451171875,7.107421875,7.2822265625,6.537109375,4.21728515625,7.25146484375,5.43359375,6.7294921875
9,3.47998046875,5.28466796875,6.60400390625,5.548828125,5.50830078125,4.02978515625,6.7822265625,5.94970703125,5.26904296875
10,3.39501953125,6.03271484375,6.6572265625,5.27978515625,6.1904296875,4.02978515625,7.3896484375,4.94921875,4.861328125
11,3.46240234375,4.5478515625,6.56982421875,4.99609375,7.1298828125,3.53369140625,6.4755859375,6.79248046875,4.70849609375
12,3.37158203125,3.40673828125,6.82861328125,5.548828125,5.50830078125,4.19189453125,7.16845703125,4.81201171875,4.61474609375
13,3.38037109375,3.77099609375,6.626953125,5.27978515625,6.1904296875,3.8486328125,7.13623046875,5.34033203125,6.14306640625
14,3.37158203125,3.40673828125,6.45751953125,6.24609375,6.9755859375,3.62353515625,7.017578125,4.17626953125,4.59033203125
15,3.37451171875,4.41357421875,6.955078125,5.22412109375,6.14111328125,3.53369140625,6.75048828125,6.39208984375,4.55029296875
16,3.37451171875,3.4228515625,7.0986328125,6.48681640625,7.2333984375,3.798828125,6.2744140625,5.39306640625,4.2578125
17,3.37158203125,4.23291015625,6.59326171875,7.3974609375,6.05078125,3.53369140625,7.3056640625,7.02587890625,6.70166015625
18,3.37451171875,3.5478515625,7.21533203125,5.021484375,5.45947265625,3.38427734375,7.17822265625,6.0146484375,6.82666015625
19,3.37451171875,3.4052734375,5.57275390625,5.7412109375,4.97900390625,3.48876953125,7.14306640625,5.6982421875,4.13525390625
20,3.37158203125,3.74951171875,6.376953125,4.49365234375,6.33544921875,3.3837890625,6.8837890625,4.37255859375,5.29931640625
21,3.37451171875,3.548828125,6.96337890625,5.5888671875,5.82177734375,3.458984375,7.11572265625,6.05712890625,5.1064453125
22,3.37451171875,3.3828125,7.21630859375,5.12255859375,5.3740234375,3.3837890625,6.853515625,5.66455078125,4.13525390625
23,3.37158203125,3.38720703125,5.3447265625,4.94482421875,5.521484375,3.37548828125,7.15380859375,6.04833984375,6.3271484375
24,3.37158203125,3.4091796875,7.193359375,4.99951171875,4.81689453125,3.4111328125,7.35400390625,5.1875,4.13525390625
25,3.37158203125,3.390625,6.39501953125,4.32421875,6.6064453125,3.3837890625,5.994140625,6.05859375,6.3876953125
26,3.37158203125,3.39013671875,6.09033203125,4.4208984375,5.19189453125,3.38330078125,6.21435546875,6.013671875,5.22265625
27,3.37158203125,3.3828125,7.0693359375,4.55859375,4.9287109375,3.3837890625,7.2822265625,5.72021484375,6.38232421875
28,3.37158203125,3.4033203125,7.193359375,4.22705078125,6.78271484375,3.37548828125,7.091796875,6.25146484375,4.71826171875
29,3.37158203125,3.3828125,6.39501953125,4.40625,6.05126953125,3.38232421875,6.111328125,5.2919921875,6.63037109375
30,3.37158203125,3.560546875,7.02685546875,4.41796875,5.74853515625,3.37548828125,7.23974609375,4.30126953125,4.1513671875
31,3.37158203125,3.44921875,6.6845703125,4.17138671875,4.791015625,3.375,6.7197265625,6.6748046875,6.00634765625
32,,3.38916015625,7.21337890625,4.11865234375,4.9560546875,3.375,6.09716796875,6.42626953125,3.7138671875
33,,3.38232421875,5.41064453125,4.033203125,4.330078125,3.37548828125,7.33056640625,6.52978515625,5.646484375
34,,3.38134765625,6.57080078125,4.17822265625,4.42919921875,3.375,6.76513671875,6.0556640625,4.61083984375
35,,3.3818359375,7.01318359375,4.76123046875,5.4638671875,3.37451171875,7.23681640625,4.8271484375,6.6669921875
36,,3.388671875,6.88818359375,4.046875,4.70166015625,3.37841796875,7.3486328125,5.65380859375,3.89404296875
37,,3.3740234375,6.53857421875,3.6630859375,4.97119140625,3.37451171875,5.63330078125,6.2900390625,6.5029296875
38,,3.3740234375,7.103515625,3.67333984375,4.18994140625,3.37451171875,6.0244140625,6.4462890625,4.96142578125
39,,3.37451171875,6.0625,3.6630859375,4.220703125,3.37451171875,7.31103515625,6.498046875,4.4404296875
40,,3.3779296875,6.76708984375,3.46337890625,4.103515625,3.37451171875,7.13623046875,5.47314453125,4.2216796875
41,,3.3740234375,6.57763671875,3.46337890625,5.1416015625,3.37451171875,7.16845703125,6.49853515625,3.603515625
42,,3.380859375,5.47509765625,4.10791015625,4.0234375,3.37451171875,6.79638671875,6.31787109375,3.95556640625
43,,3.3740234375,6.85498046875,3.990234375,3.8974609375,3.37451171875,6.60546875,5.181640625,3.6865234375
44,,3.37451171875,6.8994140625,4.0205078125,3.74072265625,3.37451171875,6.85400390625,5.13134765625,4.1376953125
45,,3.38134765625,6.5615234375,3.828125,4.36962890625,3.37451171875,6.142578125,5.5517578125,3.84423828125
46,,3.38330078125,6.57763671875,4.58642578125,3.76171875,3.37451171875,6.853515625,5.8671875,4.41015625
47,,3.373046875,6.76708984375,3.50732421875,4.1748046875,3.37451171875,7.15380859375,4.44677734375,3.80810546875
48,,3.3740234375,5.5087890625,3.8876953125,3.615234375,3.37451171875,7.11865234375,5.18701171875,4.14599609375
49,,3.373046875,6.79736328125,3.56201171875,4.14208984375,3.37451171875,7.162109375,5.13623046875,3.96484375
50,,3.3759765625,5.5166015625,4.14599609375,3.615234375,3.37451171875,7.19970703125,6.77685546875,3.70654296875
51,,3.373046875,7.197265625,4.66845703125,4.25048828125,3.37451171875,6.99462890625,4.31103515625,3.67822265625
52,,3.373046875,6.03173828125,3.91064453125,3.81298828125,3.37451171875,7.400390625,7.22119140625,3.775390625
53,,3.373046875,6.712890625,3.50537109375,3.70654296875,,6.5087890625,5.220703125,3.82373046875
54,,3.373046875,5.71484375,3.48291015625,3.88037109375,,6.99169921875,5.93017578125,3.60302734375
55,,3.3740234375,3.8037109375,3.5166015625,4.17333984375,,7.205078125,6.4404296875,3.85107421875
56,,3.373046875,6.96630859375,3.4697265625,3.55029296875,,6.869140625,4.8203125,3.58349609375
57,,3.373046875,6.677734375,3.4873046875,4.2041015625,,6.93994140625,7.12744140625,3.91259765625
58,,3.3740234375,6.85791015625,3.55322265625,3.5537109375,,6.9130859375,5.876953125,3.65234375
59,,3.373046875,5.8984375,3.46337890625,4.48095703125,,7.06787109375,6.53857421875,3.8154296875
60,,3.3779296875,4.4482421875,3.8994140625,3.5478515625,,6.24560546875,6.03076171875,3.833984375
61,,3.3740234375,5.64404296875,3.45654296875,4.55859375,,7.19775390625,5.9248046875,3.6513671875
62,,3.373046875,4.52685546875,3.4521484375,3.845703125,,4.06494140625,5.8076171875,3.79443359375
63,,3.373046875,4.5810546875,3.57763671875,4.060546875,,6.20458984375,6.36279296875,3.591796875
64,,3.373046875,4.34423828125,3.46142578125,3.841796875,,6.873046875,4.66015625,3.53271484375
65,,3.373046875,4.7685546875,3.48876953125,4.318359375,,5.4306640625,6.810546875,3.61376953125
66,,3.373046875,4.02099609375,3.451171875,3.7705078125,,7.0791015625,4.57177734375,3.5595703125
67,,3.373046875,5.03173828125,3.63330078125,4.158203125,,4.77490234375,5.95458984375,3.5302734375
68,,3.373046875,5.173828125,3.5029296875,3.48974609375,,6.0859375,4.263671875,3.587890625
69,,3.373046875,3.71435546875,3.6044921875,3.6005859375,,5.046875,4.57958984375,3.46630859375
70,,3.373046875,4.39990234375,3.4326171875,3.6552734375,,5.36328125,5.41162109375,3.47021484375
71,,3.373046875,4.51953125,3.3896484375,3.68701171875,,4.623046875,3.67236328125,3.5166015625
72,,3.373046875,4.43115234375,3.3916015625,3.599609375,,4.03662109375,4.1953125,3.49560546875
73,,3.373046875,4.447265625,3.42529296875,3.587890625,,5.87158203125,5.02294921875,3.6279296875
74,,3.373046875,4.9345703125,3.412109375,3.4677734375,,5.27099609375,5.13525390625,3.43798828125
75,,3.373046875,3.72119140625,3.50537109375,3.57958984375,,6.47705078125,3.669921875,3.4619140625
76,,3.373046875,3.6318359375,3.3896484375,3.5390625,,3.89306640625,5.48779296875,3.44677734375
77,,3.373046875,4.3955078125,3.40576171875,3.55712890625,,4.390625,3.5595703125,3.44384765625
78,,3.373046875,4.2900390625,3.3935546875,3.5771484375,,3.53759765625,4.728515625,3.4853515625
79,,3.373046875,3.60498046875,3.396484375,3.4775390625,,4.68212890625,4.68505859375,3.41552734375
80,,3.373046875,4.3984375,3.46923828125,3.65478515625,,3.5595703125,5.73681640625,3.4697265625
81,,3.373046875,3.5673828125,3.38818359375,3.4326171875,,3.7373046875,4.607421875,3.3984375
82,,3.373046875,3.77685546875,3.38818359375,3.5771484375,,3.5947265625,5.11962890625,3.408203125
83,,3.373046875,3.92919921875,3.38232421875,3.48095703125,,3.5078125,4.81494140625,3.45947265625
84,,,3.46240234375,3.38134765625,3.5546875,,3.4775390625,5.25146484375,3.4443359375
85,,,4.27490234375,3.390625,3.50537109375,,4.1865234375,5.798828125,3.39697265625
86,,,3.55126953125,3.3828125,3.66943359375,,3.791015625,5.5380859375,3.43115234375
87,,,3.83447265625,3.408203125,3.45849609375,,4.54541015625,3.833984375,3.404296875
88,,,3.9052734375,3.38232421875,3.814453125,,3.998046875,4.4150390625,3.44140625
89,,,3.47119140625,3.40966796875,3.5517578125,,4.31982421875,3.83251953125,3.4130859375
90,,,3.77392578125,3.3837890625,3.49560546875,,4.03955078125,4.24755859375,3.4501953125
91,,,3.56494140625,3.39453125,3.4482421875,,3.7607421875,3.60546875,3.3994140625
92,,,3.53125,3.39208984375,3.8388671875,,4.97119140625,4.4931640625,3.39892578125
93,,,3.78076171875,3.4052734375,3.4951171875,,3.4365234375,4.451171875,3.43896484375
94,,,3.66650390625,3.3837890625,3.443359375,,3.5625,4.02783203125,3.47998046875
95,,,3.6318359375,3.38427734375,3.5361328125,,4.6982421875,3.76416015625,3.42626953125
96,,,3.74658203125,3.38671875,3.68701171875,,4.2685546875,3.7216796875,3.458984375
97,,,3.58056640625,3.38232421875,3.45556640625,,3.673828125,4.15283203125,3.41650390625
98,,,3.7138671875,3.38720703125,3.43359375,,3.96533203125,4.11767578125,3.40576171875
99,,,3.61767578125,3.38134765625,3.51806640625,,3.50732421875,4.30712890625,3.431640625
100,,,3.58349609375,3.3818359375,3.4560546875,,3.5302734375,5.52734375,3.396484375
101,,,3.6875,3.38134765625,3.4443359375,,3.9833984375,4.41748046875,3.4169921875
102,,,3.685546875,3.3828125,3.47607421875,,3.57861328125,4.72509765625,3.39599609375
103,,,3.60009765625,3.3828125,3.43115234375,,3.4794921875,4.52783203125,3.39990234375
104,,,3.630859375,3.38671875,3.43115234375,,4.10791015625,3.8662109375,3.3857421875
105,,,3.6005859375,3.38134765625,3.46728515625,,3.5703125,5.3017578125,3.4150390625
106,,,3.64013671875,3.39306640625,3.439453125,,3.62255859375,3.90966796875,3.390625
107,,,3.60302734375,3.376953125,3.498046875,,3.82080078125,4.873046875,3.38818359375
108,,,3.6240234375,3.37841796875,3.42431640625,,3.78515625,4.40380859375,3.38525390625
109,,,3.607421875,3.38232421875,3.50341796875,,3.8896484375,4.7255859375,3.4111328125
110,,,3.67724609375,3.37890625,3.40771484375,,3.501953125,3.59521484375,3.38671875
111,,,3.63232421875,3.376953125,3.38818359375,,3.470703125,4.8232421875,3.40234375
112,,,3.67236328125,3.3798828125,3.38623046875,,4.39501953125,3.6572265625,3.38427734375
113,,,3.57373046875,3.3798828125,3.41259765625,,3.7099609375,3.94189453125,3.3857421875
114,,,3.67919921875,3.37890625,3.38623046875,,4.3583984375,4.0693359375,3.40625
115,,,3.58984375,3.3779296875,3.4296875,,3.4599609375,3.8984375,3.4208984375
116,,,3.70947265625,3.37890625,3.4013671875,,3.57373046875,3.9697265625,3.39794921875
117,,,3.5693359375,3.37841796875,3.47314453125,,3.814453125,3.794921875,3.40185546875
118,,,3.63525390625,3.37841796875,3.4111328125,,3.54443359375,4.28369140625,3.38330078125
119,,,3.58740234375,3.38037109375,3.40625,,4.23291015625,3.44287109375,3.3818359375
120,,,3.669921875,3.380859375,3.4033203125,,3.6669921875,3.751953125,3.37646484375
121,,,3.5927734375,3.376953125,3.3916015625,,3.42578125,3.69921875,3.376953125
122,,,3.66259765625,3.38232421875,3.38623046875,,3.9755859375,4.06591796875,3.38330078125
123,,,3.591796875,3.380859375,3.392578125,,3.91943359375,3.97802734375,3.38232421875
124,,,3.65234375,3.37841796875,3.38134765625,,3.45703125,3.560546875,3.37548828125
125,,,3.61962890625,3.376953125,3.3828125,,3.7802734375,3.6630859375,3.376953125
126,,,3.61181640625,3.37890625,3.396484375,,3.6416015625,3.90478515625,3.3818359375
127,,,3.59912109375,3.380859375,3.3818359375,,3.42822265625,4.40478515625,3.3740234375
128,,,3.587890625,3.376953125,3.3896484375,,3.67529296875,3.6240234375,3.3759765625
129,,,3.62841796875,3.37841796875,3.3818359375,,4.212890625,3.48779296875,3.3779296875
130,,,3.634765625,3.380859375,3.3857421875,,4.53515625,4.05322265625,3.37890625
131,,,3.62890625,3.37841796875,3.38330078125,,3.55908203125,3.931640625,3.3759765625
132,,,3.6572265625,3.380859375,3.38916015625,,4.138671875,3.73046875,3.3779296875
133,,,3.5498046875,3.37841796875,3.3818359375,,3.5439453125,3.70263671875,3.376953125
134,,,3.61083984375,3.37744140625,3.38232421875,,3.71337890625,4.2333984375,3.3740234375
135,,,3.64892578125,3.3798828125,3.376953125,,3.78271484375,4.09716796875,3.373046875
136,,,3.59423828125,3.376953125,3.3916015625,,3.51123046875,3.9130859375,3.38037109375
137,,,3.5986328125,3.37841796875,3.37890625,,3.7734375,3.4443359375,3.375
138,,,3.63134765625,3.380859375,3.38720703125,,4.1396484375,3.9482421875,3.38427734375
139,,,3.56298828125,3.37841796875,3.38623046875,,3.4423828125,3.91259765625,3.375
140,,,3.65087890625,3.37841796875,3.388671875,,3.630859375,3.6328125,3.37744140625
141,,,3.55859375,3.37841796875,3.376953125,,3.57958984375,3.5986328125,3.3740234375
142,,,3.6181640625,3.37744140625,3.37744140625,,3.82958984375,3.74169921875,3.37353515625
143,,,3.58544921875,3.376953125,3.38623046875,,3.74267578125,3.55517578125,3.37548828125
144,,,3.66943359375,3.38134765625,3.3798828125,,3.45947265625,3.50146484375,3.3720703125
145,,,3.5732421875,3.376953125,3.38720703125,,3.908203125,3.693359375,3.37451171875
146,,,3.630859375,3.3779296875,3.38037109375,,3.8896484375,3.546875,3.37255859375
147,,,3.5986328125,3.376953125,3.38037109375,,3.86083984375,3.62109375,3.37744140625
148,,,3.59375,3.37744140625,3.37939453125,,3.84326171875,3.607421875,3.373046875
149,,,3.6552734375,3.37744140625,3.37646484375,,3.923828125,3.7568359375,3.376953125
150,,,3.6220703125,3.376953125,3.38623046875,,3.640625,3.931640625,3.37451171875
151,,,3.56201171875,3.3779296875,3.39111328125,,3.51904296875,3.931640625,3.37451171875
152,,,3.64501953125,3.380859375,3.37646484375,,3.869140625,3.58203125,3.37353515625
153,,,3.5986328125,3.376953125,3.3798828125,,3.7177734375,3.5283203125,3.37451171875
154,,,3.65869140625,3.376953125,3.37939453125,,3.78271484375,3.57763671875,3.3759765625
155,,,3.59326171875,3.37744140625,3.3818359375,,3.908203125,3.61572265625,3.373046875
156,,,3.5869140625,3.37744140625,3.37890625,,3.9931640625,4.07763671875,3.37109375
157,,,3.580078125,3.376953125,3.38037109375,,3.84375,3.8984375,3.37158203125
158,,,3.6220703125,3.37744140625,3.38623046875,,3.939453125,3.6015625,3.37109375
159,,,3.599609375,3.376953125,3.3798828125,,3.748046875,3.49853515625,3.37255859375
160,,,3.619140625,3.37744140625,3.384765625,,3.8720703125,3.62646484375,3.37255859375
161,,,3.62109375,3.376953125,3.376953125,,3.9306640625,3.46484375,3.37109375
162,,,3.64990234375,3.376953125,3.3837890625,,3.80322265625,3.7041015625,3.37255859375
163,,,3.58642578125,3.376953125,3.3779296875,,3.4541015625,3.4306640625,3.37109375
164,,,3.6796875,3.37744140625,3.384765625,,3.58740234375,3.69140625,3.375
165,,,3.5712890625,3.376953125,3.38720703125,,3.4931640625,3.47412109375,3.37109375
166,,,3.6337890625,3.376953125,3.38525390625,,3.69482421875,3.97412109375,3.37158203125
167,,,3.60595703125,3.376953125,3.37890625,,3.90283203125,3.716796875,3.37109375
168,,,3.58837890625,3.376953125,3.38330078125,,4.0,3.5087890625,3.373046875
169,,,3.59423828125,3.376953125,3.38330078125,,3.73876953125,3.67236328125,3.37109375
170,,,3.59912109375,3.376953125,3.37841796875,,3.65625,4.06591796875,3.37255859375
171,,,3.57080078125,3.376953125,3.37744140625,,3.52294921875,3.72314453125,3.37109375
172,,,3.6181640625,3.376953125,3.376953125,,3.51220703125,3.63232421875,3.37109375
173,,,3.60986328125,3.376953125,3.38232421875,,3.61083984375,3.58203125,3.37109375
174,,,3.66650390625,3.376953125,3.37548828125,,3.62548828125,3.6376953125,3.37158203125
175,,,3.5908203125,3.376953125,3.375,,3.95556640625,3.5048828125,3.37158203125
176,,,3.58203125,3.376953125,3.37646484375,,3.79638671875,3.9443359375,3.37109375
177,,,3.599609375,3.376953125,3.37841796875,,3.7744140625,4.02001953125,3.37255859375
178,,,3.6552734375,3.376953125,3.3779296875,,3.796875,3.45458984375,3.37109375
179,,,3.57177734375,3.376953125,3.37646484375,,3.76806640625,3.53369140625,3.37158203125
180,,,3.6044921875,3.376953125,3.37646484375,,3.8740234375,3.62890625,3.37109375
181,,,3.57568359375,3.376953125,3.37451171875,,3.4423828125,3.482421875,3.37109375
182,,,3.63525390625,3.376953125,3.3779296875,,3.630859375,3.509765625,3.37158203125
183,,,3.576171875,3.376953125,3.3740234375,,3.4794921875,3.76025390625,3.37109375
184,,,3.60888671875,3.376953125,3.37548828125,,3.44091796875,3.55126953125,3.37109375
185,,,3.5576171875,3.376953125,3.37939453125,,3.67236328125,3.63525390625,3.37158203125
186,,,3.64697265625,3.376953125,3.375,,3.4873046875,3.46533203125,3.37109375
187,,,3.55126953125,3.376953125,3.37353515625,,3.66552734375,3.916015625,3.37109375
188,,,3.6357421875,3.376953125,3.3779296875,,3.673828125,3.55810546875,3.37109375
189,,,3.57275390625,,3.3740234375,,3.8466796875,3.4501953125,3.37109375
190,,,3.6279296875,,3.37451171875,,3.6533203125,3.5458984375,3.37109375
191,,,3.5927734375,,3.37353515625,,3.47705078125,3.58447265625,3.37109375
192,,,3.6416015625,,3.3740234375,,3.86376953125,4.177734375,3.37158203125
193,,,3.5302734375,,3.3740234375,,3.66357421875,4.0322265625,3.37109375
194,,,3.60205078125,,3.37744140625,,3.59765625,4.2421875,3.37158203125
195,,,3.5830078125,,3.37646484375,,3.56884765625,3.93408203125,3.37109375
196,,,3.611328125,,3.37353515625,,3.64892578125,3.7392578125,3.37109375
197,,,3.56201171875,,3.37841796875,,3.548828125,3.52099609375,3.37109375
198,,,3.625,,3.3740234375,,4.056640625,3.529296875,3.37109375
199,,,3.52734375,,3.37353515625,,3.56201171875,3.5009765625,3.37109375
200,,,3.6005859375,,3.3740234375,,3.78125,4.13525390625,3.37109375
201,,,3.56884765625,,3.37353515625,,3.8857421875,4.02001953125,3.37109375
202,,,3.58349609375,,3.3740234375,,3.5849609375,3.45703125,3.37109375
203,,,3.57373046875,,3.38134765625,,3.39111328125,3.58251953125,3.37109375
204,,,3.572265625,,3.37353515625,,3.71484375,3.515625,3.37109375
205,,,3.59326171875,,3.37646484375,,3.8798828125,3.91650390625,3.37109375
206,,,3.619140625,,3.37353515625,,3.87744140625,4.45849609375,3.37109375
207,,,3.58447265625,,3.37548828125,,3.72802734375,4.34130859375,3.37109375
208,,,3.611328125,,3.37353515625,,3.70361328125,3.90771484375,3.37109375
209,,,3.54443359375,,3.3740234375,,3.9208984375,3.5478515625,3.37109375
210,,,3.65673828125,,3.3740234375,,3.80712890625,3.94482421875,3.37109375
211,,,3.56396484375,,3.376953125,,3.81005859375,3.9541015625,3.37109375
212,,,3.6318359375,,3.3740234375,,3.90087890625,4.00146484375,3.37109375
213,,,3.58447265625,,3.37451171875,,3.70947265625,3.78564453125,3.37109375
214,,,3.6103515625,,3.3740234375,,3.58251953125,3.5576171875,3.37109375
215,,,3.556640625,,3.38037109375,,3.42919921875,3.4404296875,3.37109375
216,,,3.599609375,,3.37353515625,,3.95751953125,4.0380859375,3.37109375
217,,,3.58544921875,,3.3740234375,,3.68798828125,3.98876953125,3.37109375
218,,,3.58056640625,,3.37353515625,,3.76904296875,3.66796875,3.37109375
219,,,3.580078125,,3.37744140625,,3.880859375,3.61474609375,3.37109375
220,,,3.595703125,,3.37353515625,,3.7666015625,3.60107421875,3.37109375
221,,,3.59130859375,,3.3740234375,,3.7197265625,3.59521484375,3.37109375
222,,,3.57861328125,,3.3740234375,,3.71875,3.9150390625,3.37109375
223,,,3.5576171875,,3.37353515625,,3.763671875,3.87255859375,3.37109375
224,,,3.57958984375,,3.37353515625,,3.8896484375,3.50244140625,3.37109375
225,,,3.5732421875,,3.37353515625,,3.66748046875,3.640625,3.37109375
226,,,3.64794921875,,3.3740234375,,3.8125,3.48876953125,3.37109375
227,,,3.5263671875,,3.37353515625,,3.71923828125,3.53515625,3.37109375
228,,,3.6318359375,,3.37353515625,,3.458984375,3.5986328125,3.37109375
229,,,3.56982421875,,3.37353515625,,3.4990234375,3.59619140625,3.37109375
230,,,3.59912109375,,3.37744140625,,3.82421875,3.62451171875,3.37109375
231,,,3.56005859375,,3.3740234375,,3.75732421875,3.57275390625,3.37109375
232,,,3.583984375,,3.3740234375,,3.8193359375,3.544921875,
233,,,3.6083984375,,3.37353515625,,3.67626953125,3.4560546875,
234,,,3.6103515625,,3.3740234375,,3.89794921875,3.546875,
235,,,3.54443359375,,3.37353515625,,3.7080078125,3.650390625,
236,,,3.576171875,,3.37353515625,,3.71044921875,3.59521484375,
237,,,3.5830078125,,3.37353515625,,3.74072265625,3.5576171875,
238,,,3.59521484375,,3.37353515625,,3.58251953125,3.56005859375,
239,,,3.57421875,,3.37353515625,,3.53271484375,3.62841796875,
240,,,3.58154296875,,3.37744140625,,3.48974609375,3.64599609375,
241,,,3.5576171875,,3.3740234375,,3.4609375,3.5712890625,
242,,,3.55712890625,,3.37353515625,,3.92431640625,3.99755859375,
243,,,3.57177734375,,3.37353515625,,3.70263671875,3.79150390625,
244,,,3.595703125,,3.37353515625,,3.833984375,4.02783203125,
245,,,3.5517578125,,3.37353515625,,3.80712890625,3.81396484375,
246,,,3.58642578125,,3.37353515625,,3.91845703125,4.3681640625,
247,,,3.587890625,,3.37353515625,,3.7138671875,3.802734375,
248,,,3.6015625,,3.37353515625,,3.560546875,3.8134765625,
249,,,3.5908203125,,3.37353515625,,3.61181640625,4.11376953125,
250,,,3.568359375,,3.37353515625,,3.84375,4.03564453125,
251,,,3.58154296875,,3.3740234375,,3.82958984375,3.81884765625,
252,,,3.5869140625,,3.37353515625,,4.0400390625,4.111328125,
253,,,3.580078125,,3.37353515625,,3.6513671875,3.9462890625,
254,,,3.626953125,,3.37353515625,,3.49658203125,3.91650390625,
255,,,3.56640625,,3.37353515625,,3.61767578125,3.48779296875,
256,,,3.61181640625,,3.37353515625,,3.57666015625,4.05859375,
257,,,3.5087890625,,3.37353515625,,3.54150390625,3.751953125,
258,,,3.60791015625,,3.37353515625,,3.95703125,4.10009765625,
259,,,3.5810546875,,3.37353515625,,3.59814453125,3.8994140625,
260,,,3.5966796875,,3.37353515625,,3.912109375,3.5859375,
261,,,3.57275390625,,3.37353515625,,3.66845703125,3.6279296875,
262,,,3.5869140625,,3.37353515625,,3.587890625,3.568359375,
263,,,3.57275390625,,3.37353515625,,3.48486328125,3.58203125,
264,,,3.5849609375,,3.37353515625,,3.583984375,3.72216796875,
265,,,3.53369140625,,3.37353515625,,3.43701171875,3.3994140625,
266,,,3.65185546875,,3.37353515625,,3.625,4.271484375,
267,,,3.544921875,,3.37353515625,,3.48876953125,3.76416015625,
268,,,3.6455078125,,3.37353515625,,4.0009765625,3.58154296875,
269,,,3.54248046875,,3.37353515625,,3.63134765625,3.54052734375,
270,,,3.6083984375,,3.37353515625,,3.48486328125,3.74560546875,
271,,,3.56787109375,,3.37353515625,,3.4892578125,3.453125,
272,,,3.634765625,,3.37353515625,,3.521484375,3.5634765625,
273,,,3.55126953125,,3.37353515625,,3.57421875,3.50732421875,
274,,,3.58203125,,3.37353515625,,3.89453125,3.642578125,
275,,,3.548828125,,3.37353515625,,3.65966796875,3.5869140625,
276,,,3.572265625,,3.37353515625,,3.7119140625,4.07470703125,
277,,,3.59765625,,3.37353515625,,3.72900390625,3.79443359375,
278,,,3.615234375,,3.37353515625,,3.5986328125,3.943359375,
279,,,3.5341796875,,3.37353515625,,3.48828125,3.50634765625,
280,,,3.5693359375,,3.37353515625,,3.43212890625,3.71240234375,
281,,,3.57958984375,,3.37353515625,,3.58935546875,3.46923828125,
282,,,3.55859375,,3.37353515625,,3.51708984375,3.93359375,
283,,,3.55810546875,,3.37353515625,,3.5869140625,3.8515625,
284,,,3.5859375,,3.37353515625,,3.5927734375,3.6025390625,
285,,,3.5498046875,,3.37353515625,,3.484375,3.53955078125,
286,,,3.59033203125,,3.37353515625,,3.52734375,4.11865234375,
287,,,3.53955078125,,3.37353515625,,3.48876953125,3.9130859375,
288,,,3.5791015625,,3.37353515625,,3.4833984375,3.9404296875,
289,,,3.541015625,,,,3.5439453125,3.9208984375,
290,,,3.60302734375,,,,3.4736328125,4.01025390625,
291,,,3.58544921875,,,,3.62158203125,3.98876953125,
292,,,3.5986328125,,,,3.4384765625,3.5751953125,
293,,,3.5126953125,,,,3.52294921875,3.81201171875,
294,,,3.595703125,,,,3.6591796875,4.2841796875,
295,,,3.5791015625,,,,3.83056640625,4.12841796875,
296,,,3.61279296875,,,,3.728515625,3.62841796875,
297,,,3.568359375,,,,3.75927734375,3.49267578125,
298,,,3.576171875,,,,3.68017578125,3.83154296875,
299,,,3.55615234375,,,,3.76318359375,3.9697265625,
300,,,3.583984375,,,,3.4765625,3.49755859375,
301,,,3.58837890625,,,,3.490234375,3.55810546875,
302,,,3.58984375,,,,3.4775390625,3.978515625,
303,,,3.54248046875,,,,3.5654296875,3.92333984375,
304,,,3.5595703125,,,,3.720703125,3.58349609375,
305,,,3.5751953125,,,,3.6884765625,3.47900390625,
306,,,3.5830078125,,,,3.5859375,3.63134765625,
307,,,3.587890625,,,,3.42724609375,3.60107421875,
308,,,3.59814453125,,,,3.74658203125,3.6044921875,
309,,,3.52001953125,,,,3.671875,3.5244140625,
310,,,3.60693359375,,,,3.54931640625,3.63037109375,
311,,,3.5302734375,,,,3.55224609375,3.53515625,
312,,,3.59423828125,,,,3.564453125,3.57421875,
313,,,3.5263671875,,,,3.44384765625,3.42529296875,
314,,,3.57421875,,,,3.77001953125,3.98974609375,
315,,,3.59033203125,,,,3.72998046875,3.81298828125,
316,,,3.59765625,,,,3.521484375,4.0107421875,
317,,,3.56103515625,,,,3.50048828125,3.923828125,
318,,,3.57177734375,,,,3.5078125,4.28515625,
319,,,3.560546875,,,,3.4541015625,4.23779296875,
320,,,3.60302734375,,,,3.748046875,4.03076171875,
321,,,3.5537109375,,,,3.6611328125,3.8037109375,
322,,,3.572265625,,,,3.5927734375,3.634765625,
323,,,3.5595703125,,,,3.51416015625,3.61669921875,
324,,,3.56689453125,,,,3.49755859375,3.54345703125,
325,,,3.53466796875,,,,3.53369140625,3.57177734375,
326,,,3.603515625,,,,3.5537109375,4.1806640625,
327,,,3.5556640625,,,,3.5341796875,3.8056640625,
328,,,3.568359375,,,,3.50537109375,3.6162109375,
329,,,3.5634765625,,,,3.61865234375,3.46728515625,
330,,,3.56689453125,,,,3.4970703125,3.60693359375,
331,,,3.53857421875,,,,3.576171875,3.53857421875,
332,,,3.5966796875,,,,3.75537109375,3.91357421875,
333,,,3.5537109375,,,,3.6279296875,3.81005859375,
334,,,3.59033203125,,,,3.52392578125,3.54345703125,
335,,,3.53662109375,,,,3.5927734375,3.5927734375,
336,,,3.5966796875,,,,3.44482421875,3.5810546875,
337,,,3.55810546875,,,,3.47802734375,3.6201171875,
338,,,3.56884765625,,,,3.90673828125,3.80615234375,
339,,,3.5380859375,,,,3.5830078125,3.78564453125,
340,,,3.5810546875,,,,3.75927734375,3.8779296875,
341,,,3.578125,,,,3.80712890625,3.80908203125,
342,,,3.59423828125,,,,3.552734375,3.97509765625,
343,,,3.5693359375,,,,3.521484375,3.86083984375,
344,,,3.5810546875,,,,3.82177734375,4.09521484375,
345,,,3.57763671875,,,,3.650390625,3.87890625,
346,,,3.60400390625,,,,3.51904296875,3.951171875,
347,,,3.55322265625,,,,3.521484375,3.82763671875,
348,,,3.59375,,,,3.46826171875,3.60009765625,
349,,,3.55224609375,,,,3.462890625,3.4189453125,
350,,,3.58154296875,,,,3.72509765625,3.59765625,
351,,,3.57177734375,,,,3.73828125,3.50927734375,
352,,,3.5927734375,,,,3.658203125,3.595703125,
353,,,3.53515625,,,,3.68115234375,3.4990234375,
354,,,3.58154296875,,,,3.47900390625,3.88427734375,
355,,,3.583984375,,,,3.4794921875,4.08349609375,
356,,,3.6279296875,,,,3.72607421875,3.544921875,
357,,,3.5341796875,,,,3.69580078125,3.544921875,
358,,,3.5869140625,,,,3.6767578125,3.5888671875,
359,,,3.501953125,,,,3.6904296875,3.5947265625,
360,,,3.552734375,,,,3.806640625,3.4931640625,
361,,,3.552734375,,,,3.69091796875,3.4755859375,
362,,,3.59765625,,,,3.83251953125,3.96435546875,
363,,,3.54736328125,,,,3.6748046875,3.814453125,
364,,,3.6025390625,,,,3.9580078125,3.50048828125,
365,,,3.5478515625,,,,3.666015625,3.58935546875,
366,,,3.5888671875,,,,3.47265625,3.94482421875,
367,,,3.57666015625,,,,3.49169921875,3.8955078125,
368,,,3.5927734375,,,,3.54736328125,4.0390625,
369,,,3.560546875,,,,3.59033203125,3.833984375,
370,,,3.578125,,,,3.583984375,3.5654296875,
371,,,3.54345703125,,,,3.39453125,3.52197265625,
372,,,3.61572265625,,,,3.43310546875,3.5166015625,
373,,,3.529296875,,,,3.4970703125,3.52783203125,
374,,,3.6025390625,,,,3.48193359375,3.99267578125,
375,,,3.5556640625,,,,3.451171875,3.9140625,
376,,,3.58544921875,,,,3.53369140625,4.02734375,
377,,,3.548828125,,,,3.55859375,3.76708984375,
378,,,3.572265625,,,,3.6171875,3.5859375,
379,,,3.572265625,,,,3.72021484375,3.53515625,
380,,,3.6328125,,,,3.646484375,3.47412109375,
381,,,3.52490234375,,,,3.4384765625,3.6591796875,
382,,,3.60009765625,,,,3.6484375,3.5693359375,
383,,,3.5546875,,,,3.67919921875,3.529296875,
384,,,3.54296875,,,,3.72509765625,3.67041015625,
385,,,3.56884765625,,,,3.61279296875,3.4873046875,
386,,,3.61279296875,,,,3.5263671875,4.0703125,
387,,,3.53369140625,,,,3.47021484375,3.6748046875,
388,,,3.57861328125,,,,3.54443359375,3.50439453125,
389,,,3.52490234375,,,,3.53271484375,3.5859375,
390,,,3.56689453125,,,,3.697265625,3.55419921875,
391,,,3.525390625,,,,3.73779296875,3.4423828125,
392,,,3.6015625,,,,3.73486328125,4.40185546875,
393,,,3.56640625,,,,3.75244140625,4.1494140625,
394,,,3.578125,,,,3.81884765625,4.11083984375,
395,,,3.5361328125,,,,3.7265625,3.80810546875,
396,,,3.5869140625,,,,3.85400390625,3.640625,
397,,,3.548828125,,,,3.703125,3.45458984375,
398,,,3.60302734375,,,,3.6796875,3.81689453125,
399,,,3.541015625,,,,3.654296875,3.486328125,
400,,,3.58642578125,,,,3.7744140625,3.533203125,
401,,,3.55712890625,,,,3.7060546875,3.49560546875,
402,,,3.58935546875,,,,3.5078125,3.478515625,
403,,,3.5498046875,,,,3.408203125,3.47705078125,
404,,,3.5576171875,,,,3.6435546875,3.888671875,
405,,,3.541015625,,,,3.43896484375,3.86767578125,
406,,,3.54541015625,,,,3.45654296875,3.9716796875,
407,,,3.537109375,,,,3.447265625,3.8623046875,
408,,,3.59765625,,,,3.52587890625,3.556640625,
409,,,3.5478515625,,,,3.431640625,3.53173828125,
410,,,3.59716796875,,,,3.72021484375,4.1826171875,
411,,,3.5556640625,,,,3.6943359375,3.77587890625,
412,,,3.599609375,,,,3.69287109375,3.94482421875,
413,,,3.5380859375,,,,3.66162109375,3.857421875,
414,,,3.5517578125,,,,3.85693359375,3.60009765625,
415,,,3.5439453125,,,,3.65771484375,3.48291015625,
416,,,3.5732421875,,,,3.5107421875,3.7919921875,
417,,,3.52294921875,,,,3.4814453125,3.45849609375,
418,,,3.58740234375,,,,3.60302734375,4.11669921875,
419,,,3.55859375,,,,3.40869140625,3.7783203125,
420,,,3.5771484375,,,,3.833984375,3.88330078125,
421,,,3.54248046875,,,,3.70263671875,3.97021484375,
422,,,3.5439453125,,,,3.84423828125,3.560546875,
423,,,3.53271484375,,,,3.6982421875,3.43212890625,
424,,,3.55419921875,,,,3.5263671875,3.60595703125,
425,,,3.5927734375,,,,3.56591796875,3.55908203125,
426,,,3.57568359375,,,,3.50048828125,3.908203125,
427,,,3.51708984375,,,,3.61767578125,3.99609375,
428,,,3.5859375,,,,3.50732421875,3.55908203125,
429,,,3.55908203125,,,,3.447265625,3.43994140625,
430,,,3.6015625,,,,3.470703125,3.97900390625,
431,,,3.56201171875,,,,3.45703125,3.84033203125,
432,,,3.62060546875,,,,3.556640625,3.51904296875,
433,,,3.5185546875,,,,3.5146484375,3.4267578125,
434,,,3.576171875,,,,3.59375,4.04931640625,
435,,,3.515625,,,,3.4521484375,3.818359375,
436,,,3.60400390625,,,,3.4345703125,3.78515625,
437,,,3.52880859375,,,,3.49853515625,3.87939453125,
438,,,3.58349609375,,,,3.4951171875,3.95654296875,
439,,,3.544921875,,,,3.4482421875,3.7783203125,
440,,,3.56005859375,,,,3.52099609375,4.0498046875,
441,,,3.55859375,,,,3.404296875,3.80419921875,
442,,,3.61669921875,,,,3.51611328125,3.9326171875,
443,,,3.52490234375,,,,3.474609375,4.01953125,
444,,,3.59814453125,,,,3.49072265625,3.4814453125,
445,,,3.52734375,,,,3.48583984375,3.55712890625,
446,,,3.5947265625,,,,3.70849609375,3.5263671875,
447,,,3.541015625,,,,3.67724609375,3.6220703125,
448,,,3.5888671875,,,,3.5068359375,3.59765625,
449,,,3.5419921875,,,,3.4375,3.501953125,
450,,,3.5419921875,,,,3.67822265625,4.22509765625,
451,,,3.552734375,,,,3.7421875,4.19384765625,
452,,,3.59716796875,,,,3.7509765625,3.80029296875,
453,,,3.5224609375,,,,3.673828125,3.8583984375,
454,,,3.55419921875,,,,3.49609375,3.59765625,
455,,,3.53466796875,,,,3.4658203125,3.50537109375,
456,,,3.576171875,,,,3.505859375,3.54638671875,
457,,,3.52294921875,,,,3.490234375,3.6435546875,
458,,,3.599609375,,,,3.69580078125,3.5595703125,
459,,,3.5400390625,,,,3.712890625,3.55419921875,
460,,,3.5849609375,,,,3.875,3.49951171875,
461,,,3.54443359375,,,,3.65283203125,3.56591796875,
462,,,3.58349609375,,,,3.59619140625,3.5068359375,
463,,,3.4912109375,,,,3.46826171875,3.56689453125,
464,,,3.5546875,,,,3.6181640625,3.51953125,
465,,,3.56787109375,,,,3.7744140625,3.45849609375,
466,,,3.58642578125,,,,3.595703125,3.98046875,
467,,,3.54052734375,,,,3.45263671875,3.8251953125,
468,,,3.580078125,,,,3.74365234375,3.54150390625,
469,,,3.52783203125,,,,3.63525390625,3.470703125,
470,,,3.552734375,,,,3.5908203125,3.5849609375,
471,,,3.52392578125,,,,3.474609375,3.498046875,
472,,,3.55615234375,,,,3.8193359375,3.85205078125,
473,,,3.51708984375,,,,3.69384765625,3.8583984375,
474,,,3.5849609375,,,,3.74072265625,3.96533203125,
475,,,3.53857421875,,,,3.7275390625,3.84814453125,
476,,,3.56689453125,,,,3.4765625,3.912109375,
477,,,3.509765625,,,,3.4580078125,3.95654296875,
478,,,3.5498046875,,,,3.55419921875,4.0244140625,
479,,,3.52392578125,,,,3.5068359375,3.75048828125,
480,,,3.55859375,,,,3.748046875,3.54443359375,
481,,,3.5234375,,,,3.73486328125,3.4814453125,
482,,,3.5673828125,,,,3.43798828125,3.865234375,
483,,,3.5224609375,,,,3.509765625,3.86767578125,
484,,,3.556640625,,,,3.7373046875,3.5458984375,
485,,,3.5244140625,,,,3.5634765625,3.46923828125,
486,,,3.54345703125,,,,3.5146484375,3.87841796875,
487,,,3.54052734375,,,,3.56494140625,3.8896484375,
488,,,3.55712890625,,,,3.7041015625,3.89892578125,
489,,,3.53173828125,,,,3.70166015625,3.884765625,
490,,,3.5810546875,,,,3.50390625,3.5537109375,
491,,,3.5078125,,,,3.4521484375,3.47802734375,
492,,,3.56787109375,,,,3.587890625,3.53466796875,
493,,,3.50341796875,,,,3.46923828125,3.6142578125,
494,,,3.580078125,,,,3.720703125,3.583984375,
495,,,3.53173828125,,,,3.751953125,3.4560546875,
496,,,3.576171875,,,,3.68896484375,3.55224609375,
497,,,3.50830078125,,,,3.60205078125,3.51806640625,
498,,,3.54931640625,,,,3.58154296875,3.54345703125,
499,,,3.52392578125,,,,3.48486328125,3.4501953125,
500,,,3.556640625,,,,3.51904296875,4.26123046875,
501,,,3.5537109375,,,,3.5517578125,4.060546875,
502,,,3.556640625,,,,3.68994140625,4.298828125,
503,,,3.51318359375,,,,3.658203125,3.99853515625,
504,,,3.5849609375,,,,3.7138671875,4.09716796875,
505,,,3.55517578125,,,,3.734375,3.76220703125,
506,,,3.564453125,,,,3.810546875,3.5517578125,
507,,,3.53369140625,,,,3.67236328125,3.431640625,
508,,,3.580078125,,,,3.8056640625,3.8583984375,
509,,,3.56005859375,,,,3.671875,3.88330078125,
510,,,3.56201171875,,,,3.68115234375,3.58056640625,
511,,,3.54248046875,,,,3.5712890625,3.47021484375,
512,,,3.56298828125,,,,3.5810546875,3.5498046875,
513,,,3.54248046875,,,,3.48486328125,3.544921875,
514,,,3.54248046875,,,,3.5810546875,3.5,
515,,,3.52392578125,,,,3.54296875,3.4619140625,
516,,,3.58349609375,,,,3.5634765625,3.91015625,
517,,,3.5263671875,,,,3.52001953125,3.9521484375,
518,,,3.57568359375,,,,3.51708984375,3.88916015625,
519,,,3.50439453125,,,,3.5771484375,3.85546875,
520,,,3.5732421875,,,,3.82080078125,3.54541015625,
521,,,3.51416015625,,,,3.68701171875,3.478515625,
522,,,3.5712890625,,,,3.45947265625,3.5546875,
523,,,3.55712890625,,,,3.4853515625,3.529296875,
524,,,3.5615234375,,,,3.529296875,3.50341796875,
525,,,3.501953125,,,,3.5205078125,3.5517578125,
526,,,3.6083984375,,,,3.82373046875,4.2294921875,
527,,,3.51171875,,,,3.5751953125,4.2119140625,
528,,,3.55615234375,,,,3.47021484375,4.03173828125,
529,,,3.50537109375,,,,3.44677734375,3.76611328125,
530,,,3.583984375,,,,3.7490234375,3.51171875,
531,,,3.5380859375,,,,3.654296875,3.5966796875,
532,,,3.5810546875,,,,3.44384765625,3.853515625,
533,,,3.5361328125,,,,3.53857421875,3.77001953125,
534,,,3.6015625,,,,3.6650390625,4.01220703125,
535,,,3.5244140625,,,,3.62548828125,3.783203125,
536,,,3.5859375,,,,3.82275390625,3.99853515625,
537,,,3.54345703125,,,,3.6259765625,3.76171875,
538,,,3.57275390625,,,,3.57861328125,3.51953125,
539,,,3.51953125,,,,3.4072265625,3.5673828125,
540,,,3.58447265625,,,,3.484375,3.49365234375,
541,,,3.5517578125,,,,3.43701171875,3.53125,
542,,,3.556640625,,,,3.58642578125,3.9560546875,
543,,,3.52880859375,,,,3.47509765625,3.63037109375,
544,,,3.58837890625,,,,3.71728515625,3.5576171875,
545,,,3.53125,,,,3.65234375,3.5625,
546,,,3.57861328125,,,,3.6806640625,3.54150390625,
547,,,3.52734375,,,,3.70068359375,3.49462890625,
548,,,3.5927734375,,,,3.76806640625,3.51904296875,
549,,,3.5283203125,,,,3.67724609375,3.52294921875,
550,,,3.5888671875,,,,3.50341796875,3.5732421875,
551,,,3.54150390625,,,,3.455078125,3.537109375,
552,,,3.541015625,,,,3.5078125,3.5,
553,,,3.51513671875,,,,3.45703125,3.642578125,
554,,,3.53369140625,,,,3.521484375,3.9306640625,
555,,,3.52294921875,,,,3.56201171875,3.73779296875,
556,,,3.55712890625,,,,3.69140625,3.8818359375,
557,,,3.50732421875,,,,3.7353515625,3.86376953125,
558,,,3.583984375,,,,3.4970703125,3.966796875,
559,,,3.5302734375,,,,3.43359375,3.8642578125,
560,,,3.5673828125,,,,3.775390625,3.51416015625,
561,,,3.521484375,,,,3.6162109375,3.4658203125,
562,,,3.57958984375,,,,3.47998046875,3.525390625,
563,,,3.49560546875,,,,3.44287109375,3.5029296875,
564,,,3.5751953125,,,,3.68603515625,3.52001953125,
565,,,3.56689453125,,,,3.6298828125,3.47216796875,
566,,,3.5576171875,,,,3.69873046875,3.62646484375,
567,,,3.54345703125,,,,3.65283203125,3.46044921875,
568,,,3.56787109375,,,,3.47900390625,3.58056640625,
569,,,3.5390625,,,,3.45556640625,3.47412109375,
570,,,3.56005859375,,,,3.7138671875,3.5498046875,
571,,,3.5419921875,,,,3.63232421875,3.50732421875,
572,,,3.560546875,,,,3.83154296875,4.2548828125,
573,,,3.53173828125,,,,3.63134765625,4.06884765625,
574,,,3.5537109375,,,,3.490234375,3.83251953125,
575,,,3.50732421875,,,,3.4521484375,3.91357421875,
576,,,3.56396484375,,,,3.4853515625,3.89013671875,
577,,,3.49072265625,,,,3.45166015625,3.7900390625,
578,,,3.55615234375,,,,3.61328125,3.58251953125,
579,,,3.53515625,,,,3.69580078125,3.44384765625,
580,,,3.5615234375,,,,3.53955078125,3.791015625,
581,,,3.501953125,,,,3.44189453125,3.810546875,
582,,,3.57568359375,,,,3.490234375,3.560546875,
583,,,3.548828125,,,,3.4755859375,3.4697265625,
584,,,3.5595703125,,,,3.685546875,4.0517578125,
585,,,3.5380859375,,,,3.7001953125,3.8232421875,
586,,,3.5771484375,,,,3.509765625,3.576171875,
587,,,3.50244140625,,,,3.4716796875,3.49462890625,
588,,,3.544921875,,,,3.55810546875,3.935546875,
589,,,3.5322265625,,,,3.4404296875,3.7919921875,
590,,,3.568359375,,,,3.54296875,3.86181640625,
591,,,3.52734375,,,,3.41845703125,3.7578125,
592,,,3.55859375,,,,3.48095703125,3.53369140625,
593,,,3.5341796875,,,,3.4345703125,3.47216796875,
594,,,3.5771484375,,,,3.48046875,3.55224609375,
595,,,3.49853515625,,,,3.52978515625,3.56591796875,
596,,,3.5791015625,,,,3.484375,3.54833984375,
597,,,3.53662109375,,,,3.58154296875,3.46435546875,
598,,,3.55322265625,,,,3.70849609375,3.53076171875,
599,,,3.50830078125,,,,3.619140625,3.5234375,
600,,,3.59228515625,,,,3.462890625,3.9296875,
601,,,3.51904296875,,,,3.45068359375,3.7314453125,
602,,,3.55517578125,,,,3.52490234375,4.013671875,
603,,,3.5341796875,,,,3.52099609375,3.8134765625,
604,,,3.56787109375,,,,3.56298828125,3.62451171875,
605,,,3.56005859375,,,,3.47509765625,3.52734375,
606,,,3.57275390625,,,,3.6552734375,3.92822265625,
607,,,3.5068359375,,,,3.748046875,3.88330078125,
608,,,3.572265625,,,,3.46044921875,3.544921875,
609,,,3.50927734375,,,,3.478515625,3.482421875,
610,,,3.59619140625,,,,3.54638671875,3.9990234375,
611,,,3.50537109375,,,,3.44384765625,3.74853515625,
612,,,3.58837890625,,,,3.52392578125,3.86767578125,
613,,,3.51513671875,,,,3.4443359375,3.86572265625,
614,,,3.55419921875,,,,3.67138671875,4.26513671875,
615,,,3.48388671875,,,,3.61328125,4.09375,
616,,,3.5634765625,,,,3.5556640625,3.5234375,
617,,,3.52880859375,,,,3.4404296875,3.5146484375,
618,,,3.56982421875,,,,3.69873046875,3.666015625,
619,,,3.50732421875,,,,3.732421875,3.44482421875,
620,,,3.5478515625,,,,3.68603515625,3.9013671875,
621,,,3.50537109375,,,,3.62646484375,3.826171875,
622,,,3.54345703125,,,,3.5234375,4.38818359375,
623,,,3.50341796875,,,,3.4228515625,4.041015625,
624,,,3.58349609375,,,,3.4892578125,3.779296875,
625,,,3.5224609375,,,,3.58154296875,3.80712890625,
626,,,3.5380859375,,,,3.626953125,3.5244140625,
627,,,3.53564453125,,,,3.64697265625,3.55126953125,
628,,,3.55126953125,,,,3.4541015625,4.0625,
629,,,3.51171875,,,,3.44873046875,3.76123046875,
630,,,3.54736328125,,,,3.56982421875,3.525390625,
631,,,3.515625,,,,3.43701171875,3.47119140625,
632,,,3.57568359375,,,,3.56640625,3.49169921875,
633,,,3.5400390625,,,,3.462890625,3.56591796875,
634,,,3.59423828125,,,,3.82373046875,3.5478515625,
635,,,3.50439453125,,,,3.62255859375,3.55224609375,
636,,,3.54248046875,,,,3.474609375,3.9716796875,
637,,,3.52685546875,,,,3.48486328125,3.716796875,
638,,,3.5751953125,,,,3.7685546875,3.505859375,
639,,,3.5400390625,,,,3.64697265625,3.55517578125,
640,,,3.5380859375,,,,3.72900390625,3.5751953125,
641,,,3.53271484375,,,,3.68212890625,3.50341796875,
642,,,3.53271484375,,,,3.50537109375,3.89599609375,
643,,,3.52294921875,,,,3.4375,3.828125,
644,,,3.552734375,,,,3.8154296875,3.818359375,
645,,,3.5361328125,,,,3.62548828125,3.8681640625,
646,,,3.57861328125,,,,3.5341796875,3.5634765625,
647,,,3.49853515625,,,,3.4814453125,3.50634765625,
648,,,3.58056640625,,,,3.46484375,3.9501953125,
649,,,3.51953125,,,,3.45654296875,3.75927734375,
650,,,3.37158203125,,,,3.3681640625,3.3671875,
