,ev_op_r_COBYLA,ev_op_r3_COBYLA,ev_op_H_COBYLA,ev_op_H_2f_COBYLA,ev_op_H_3f_COBYLA,ev_op_Hp_COBYLA,ev_op_Hp2_COBYLA,ev_op_Hp3_COBYLA,ev_op_Hp4_COBYLA,ev_op_r_SPSA,ev_op_r3_SPSA,ev_op_H_SPSA,ev_op_H_2f_SPSA,ev_op_H_3f_SPSA,ev_op_Hp_SPSA,ev_op_Hp2_SPSA,ev_op_Hp3_SPSA,ev_op_Hp4_SPSA
0,7.3779296875,5.0888671875,8.00390625,8.5,8.400390625,8.55859375,8.380859375,6.51171875,7.818359375,7.0498046875,5.5302734375,7.693359375,8.48046875,8.45703125,8.498046875,8.09375,4.91015625,7.6640625
1,7.3779296875,5.0888671875,8.00390625,8.5,8.400390625,8.55859375,8.380859375,6.51171875,7.818359375,7.50390625,5.169921875,7.78125,8.8203125,7.634765625,8.279296875,8.5859375,6.431640625,8.310546875
2,7.3779296875,5.0888671875,8.00390625,8.5,8.400390625,8.55859375,8.380859375,6.51171875,7.818359375,7.0859375,5.8095703125,8.53515625,8.8828125,6.869140625,8.5078125,8.3359375,5.708984375,7.677734375
3,5.9599609375,7.4453125,8.00390625,8.5,8.400390625,7.10546875,8.353515625,7.2421875,7.869140625,7.486328125,5.30078125,7.439453125,7.775390625,7.568359375,8.689453125,8.57421875,8.03125,6.923828125
4,4.6591796875,5.84765625,8.00390625,8.5,8.400390625,7.9140625,8.6796875,6.06640625,8.685546875,7.0283203125,4.5283203125,7.251953125,8.05859375,5.640625,8.4765625,8.056640625,7.544921875,7.89453125
5,7.1318359375,5.84765625,6.73828125,6.91015625,6.23046875,6.13671875,7.51171875,8.244140625,7.240234375,7.525390625,6.3994140625,8.611328125,8.087890625,7.755859375,8.478515625,8.169921875,5.685546875,8.234375
6,4.6591796875,5.3056640625,7.0078125,7.369140625,7.005859375,6.15234375,7.02734375,6.556640625,8.263671875,7.525390625,5.88671875,7.693359375,8.353515625,7.2421875,8.5,7.87109375,7.431640625,6.529296875
7,7.1376953125,5.484375,8.099609375,4.908203125,7.078125,6.7265625,7.255859375,6.177734375,7.09765625,7.0283203125,4.517578125,7.7890625,8.31640625,7.564453125,8.5,8.62109375,7.2890625,8.794921875
8,4.6591796875,5.484375,8.322265625,6.31640625,5.701171875,6.13671875,7.939453125,8.16015625,6.013671875,7.525390625,7.046875,8.09765625,8.251953125,8.83203125,8.4765625,8.708984375,6.8984375,7.6953125
9,7.1435546875,7.2978515625,6.5546875,7.859375,7.48046875,7.0,7.15234375,8.212890625,7.203125,7.0283203125,4.7060546875,7.853515625,8.564453125,7.6953125,8.478515625,8.21484375,7.392578125,7.333984375
10,5.8544921875,5.162109375,6.73828125,5.890625,6.8984375,5.92578125,4.8671875,6.59765625,8.677734375,7.50390625,4.7724609375,7.75,8.73828125,8.03515625,8.5390625,8.81640625,6.44921875,8.41796875
11,4.5009765625,4.541015625,6.970703125,6.69140625,5.4296875,5.3046875,7.2265625,8.189453125,5.826171875,7.0498046875,5.947265625,7.716796875,8.32421875,6.65625,8.501953125,7.890625,8.173828125,6.6796875
12,4.7001953125,4.62890625,6.5546875,7.859375,7.51171875,4.93359375,4.8671875,5.37890625,6.39453125,7.486328125,5.4384765625,8.283203125,8.13671875,7.755859375,8.498046875,8.505859375,6.251953125,8.220703125
13,4.5009765625,4.8125,6.146484375,5.890625,6.89453125,4.83203125,7.400390625,6.55078125,5.1484375,7.0859375,4.6025390625,7.74609375,8.79296875,8.458984375,8.515625,8.376953125,6.759765625,7.98828125
14,4.7001953125,5.119140625,6.146484375,7.5859375,7.775390625,4.95703125,4.8671875,5.685546875,5.3203125,7.490234375,6.4072265625,7.841796875,7.62109375,7.353515625,8.52734375,8.16015625,5.291015625,8.2890625
15,4.5009765625,4.6015625,5.82421875,7.947265625,5.935546875,5.19140625,7.880859375,6.625,6.1796875,7.0869140625,4.4873046875,8.12109375,8.283203125,7.935546875,8.685546875,8.099609375,7.849609375,8.73828125
16,4.7001953125,5.3603515625,5.72265625,7.31640625,4.58203125,4.759765625,5.23046875,8.701171875,7.708984375,7.0859375,6.384765625,8.0859375,8.13671875,6.671875,8.474609375,7.73046875,6.701171875,7.98046875
17,4.5625,4.548828125,6.41796875,7.322265625,6.708984375,4.951171875,6.62109375,5.291015625,7.599609375,7.486328125,4.6298828125,7.798828125,7.076171875,8.51171875,8.501953125,8.4453125,8.287109375,7.75390625
18,4.50390625,5.0322265625,5.849609375,4.484375,7.16796875,4.541015625,5.470703125,5.291015625,6.404296875,7.490234375,4.96875,8.107421875,8.509765625,8.7421875,8.484375,8.404296875,7.44140625,8.58203125
19,4.5068359375,4.541015625,6.197265625,6.5625,6.39453125,4.51171875,5.515625,5.92578125,5.41796875,7.0869140625,5.498046875,7.021484375,8.15625,7.71484375,8.697265625,8.451171875,7.13671875,7.75390625
20,4.5009765625,5.806640625,5.58984375,5.37109375,7.7109375,4.5625,4.80859375,5.291015625,7.8125,7.0869140625,5.435546875,7.75390625,6.525390625,7.890625,8.685546875,8.29296875,5.583984375,6.939453125
21,4.498046875,4.541015625,6.322265625,4.484375,7.16796875,4.529296875,5.044921875,6.328125,7.236328125,7.490234375,4.8046875,8.177734375,8.6484375,8.6484375,8.52734375,8.541015625,7.447265625,7.611328125
22,4.50390625,4.8876953125,4.94140625,4.759765625,6.39453125,4.62890625,5.005859375,5.49609375,5.1484375,7.50390625,6.013671875,8.181640625,7.994140625,8.484375,8.21875,8.3125,7.119140625,8.1953125
23,4.498046875,4.9482421875,4.43359375,4.484375,5.833984375,4.509765625,4.765625,4.931640625,6.828125,7.0498046875,4.724609375,6.6015625,7.890625,7.34375,8.509765625,8.599609375,7.505859375,7.81640625
24,4.50390625,4.4853515625,4.814453125,4.767578125,6.89453125,4.4765625,4.580078125,5.404296875,5.1484375,7.490234375,5.8798828125,8.5703125,7.673828125,7.564453125,8.689453125,8.626953125,6.6171875,8.4453125
25,4.5009765625,4.501953125,4.482421875,4.578125,7.583984375,4.4765625,4.927734375,5.076171875,5.703125,7.0869140625,4.787109375,7.591796875,8.400390625,7.833984375,8.5078125,7.3828125,7.51171875,8.123046875
26,4.498046875,4.5595703125,4.501953125,4.875,6.82421875,4.474609375,5.146484375,5.158203125,5.11328125,7.525390625,4.8427734375,7.498046875,8.24609375,8.318359375,8.513671875,7.583984375,7.2265625,8.48046875
27,4.498046875,4.48828125,4.658203125,4.9921875,5.041015625,4.470703125,4.59375,6.203125,7.46875,7.0283203125,5.6416015625,8.1796875,7.658203125,8.859375,8.51171875,8.52734375,7.130859375,7.333984375
28,4.498046875,4.4970703125,4.453125,5.357421875,8.30859375,4.484375,4.615234375,5.205078125,4.837890625,7.486328125,5.8798828125,8.5703125,8.484375,6.130859375,8.498046875,8.4921875,7.533203125,7.560546875
29,4.498046875,4.48828125,4.521484375,4.740234375,4.58203125,4.470703125,5.16796875,5.060546875,7.41796875,7.0859375,4.787109375,7.591796875,8.138671875,8.45703125,8.515625,7.53515625,6.25,6.9140625
30,4.498046875,4.5732421875,4.412109375,5.427734375,7.140625,4.49609375,4.578125,4.82421875,4.984375,7.0498046875,5.9296875,7.904296875,7.173828125,6.9921875,8.4765625,8.380859375,5.369140625,8.08984375
31,4.498046875,4.4990234375,4.498046875,4.482421875,4.58203125,4.4765625,4.603515625,5.822265625,6.30078125,7.50390625,6.0068359375,8.15234375,8.291015625,8.5390625,8.544921875,8.05859375,8.16015625,6.580078125
32,4.498046875,4.587890625,4.380859375,5.455078125,5.689453125,4.48046875,4.583984375,4.841796875,5.51953125,7.525390625,7.044921875,8.193359375,8.81640625,8.337890625,8.5234375,7.572265625,7.787109375,8.30859375
33,4.498046875,4.4853515625,4.369140625,4.705078125,4.58203125,4.458984375,4.474609375,4.9140625,5.904296875,7.0283203125,4.72265625,6.677734375,8.384765625,6.17578125,8.681640625,8.498046875,7.439453125,8.453125
34,4.498046875,4.587890625,4.478515625,5.419921875,6.5859375,4.470703125,4.490234375,4.796875,5.23828125,7.0869140625,5.427734375,8.025390625,8.4453125,8.923828125,8.5,8.158203125,7.265625,7.119140625
35,4.498046875,4.4853515625,4.3828125,4.65234375,4.70703125,4.466796875,4.623046875,5.255859375,4.892578125,7.490234375,5.0322265625,7.908203125,7.484375,8.427734375,8.5,8.685546875,6.25390625,8.392578125
36,,4.587890625,4.333984375,5.34765625,7.666015625,4.45703125,4.564453125,4.759765625,5.515625,7.0283203125,5.8232421875,8.322265625,7.939453125,8.634765625,8.498046875,8.4296875,6.736328125,8.44921875
37,,4.5244140625,4.373046875,4.603515625,5.55859375,4.453125,4.68359375,4.890625,4.6875,7.525390625,5.29296875,7.626953125,7.703125,6.9921875,8.279296875,6.947265625,7.74609375,8.775390625
38,,4.4873046875,4.326171875,4.77734375,4.984375,4.45703125,4.560546875,5.0234375,4.521484375,7.0283203125,4.90625,8.1640625,8.83984375,8.64453125,8.544921875,7.45703125,7.83203125,8.1328125
39,,4.494140625,4.36328125,4.927734375,5.642578125,4.447265625,4.4921875,4.740234375,4.818359375,7.525390625,5.71484375,7.4921875,8.478515625,7.822265625,8.4765625,8.736328125,7.39453125,7.435546875
40,,4.494140625,4.33203125,4.513671875,4.80859375,4.44140625,4.53125,4.99609375,5.216796875,7.525390625,4.814453125,7.978515625,8.47265625,8.498046875,8.515625,8.376953125,6.330078125,6.736328125
41,,4.48828125,4.357421875,4.626953125,4.802734375,4.44921875,4.494140625,4.740234375,4.74609375,7.0283203125,5.296875,7.947265625,7.888671875,8.669921875,8.498046875,8.505859375,7.783203125,6.50390625
42,,4.4853515625,4.359375,4.552734375,4.7265625,4.443359375,4.498046875,4.611328125,5.09765625,7.0869140625,5.201171875,6.572265625,8.81640625,7.96875,8.478515625,8.107421875,7.517578125,8.919921875
43,,4.4921875,4.322265625,4.626953125,5.609375,4.45703125,4.4609375,4.908203125,4.73046875,7.490234375,4.9189453125,7.978515625,8.1484375,8.595703125,8.4765625,7.7421875,6.48828125,6.513671875
44,,4.4853515625,4.33203125,4.482421875,4.529296875,4.44921875,4.431640625,4.611328125,5.232421875,7.486328125,4.8505859375,8.33203125,8.078125,8.265625,8.509765625,8.255859375,6.498046875,8.16796875
45,,4.494140625,4.41015625,4.470703125,4.87890625,4.453125,4.4609375,4.765625,4.6328125,7.0859375,5.6611328125,7.61328125,8.0390625,7.43359375,8.21875,7.578125,6.703125,6.603515625
46,,4.4853515625,4.333984375,4.427734375,4.640625,4.451171875,4.4453125,4.7578125,5.046875,7.486328125,5.296875,7.947265625,7.73046875,8.515625,8.517578125,8.3125,7.1328125,8.810546875
47,,4.4853515625,4.37109375,4.421875,5.181640625,4.447265625,4.462890625,4.54296875,4.921875,7.0859375,4.814453125,7.978515625,8.62890625,8.07421875,8.515625,8.599609375,5.916015625,7.333984375
48,,4.4873046875,4.322265625,4.3671875,4.552734375,4.447265625,4.486328125,4.6171875,5.046875,7.0498046875,4.515625,6.61328125,8.7890625,8.412109375,8.509765625,8.259765625,6.673828125,6.7421875
49,,4.494140625,4.34375,4.404296875,5.599609375,4.443359375,4.43359375,4.705078125,4.73828125,7.50390625,5.7822265625,7.947265625,7.03125,8.75,8.21875,8.55078125,6.576171875,7.515625
50,,4.4921875,4.3203125,4.373046875,4.58203125,4.443359375,4.43359375,4.73828125,4.529296875,7.498046875,4.7060546875,6.75,7.673828125,8.79296875,8.498046875,8.419921875,7.935546875,8.064453125
51,,4.4853515625,4.3203125,4.4453125,4.638671875,4.443359375,4.42578125,4.53515625,4.888671875,7.03515625,6.98046875,8.19921875,8.099609375,8.490234375,8.466796875,8.373046875,5.677734375,7.287109375
52,,4.4921875,4.33984375,4.357421875,4.826171875,4.443359375,4.423828125,4.423828125,4.53125,5.3330078125,5.986328125,6.689453125,8.681640625,8.4609375,8.6875,8.791015625,7.61328125,7.05859375
53,,4.4853515625,4.330078125,4.466796875,4.6015625,4.44140625,4.4375,4.484375,4.6875,6.3466796875,6.958984375,7.59765625,5.962890625,7.939453125,8.42578125,7.130859375,5.75,7.154296875
54,,4.4853515625,4.310546875,4.357421875,4.708984375,4.443359375,4.42578125,4.544921875,4.50390625,5.212890625,6.302734375,5.322265625,8.294921875,7.65625,7.85546875,7.326171875,8.4296875,7.376953125
55,,4.4873046875,4.3203125,4.365234375,4.595703125,4.443359375,4.455078125,4.78125,4.578125,4.5478515625,6.583984375,4.8671875,8.396484375,7.166015625,6.669921875,8.55859375,8.30078125,7.935546875
56,,4.4873046875,4.31640625,4.36328125,4.783203125,4.44140625,4.44140625,4.45703125,4.6328125,5.0546875,6.375,4.837890625,7.615234375,7.5390625,7.05859375,6.72265625,7.625,7.70703125
57,,4.4853515625,4.31640625,4.392578125,4.556640625,4.44140625,4.4140625,4.55859375,4.515625,4.515625,6.876953125,5.375,8.123046875,7.880859375,8.0546875,5.103515625,8.3359375,7.14453125
58,,4.4853515625,4.326171875,4.4140625,4.53515625,4.44140625,4.412109375,4.4140625,4.490234375,4.8291015625,7.2236328125,5.78515625,7.216796875,6.1171875,8.23046875,6.646484375,8.45703125,8.212890625
59,,4.4853515625,4.306640625,4.326171875,4.6484375,4.44140625,4.41796875,4.404296875,4.580078125,4.5068359375,5.779296875,4.548828125,7.32421875,7.43359375,7.51953125,8.5859375,7.04296875,6.7890625
60,,4.4853515625,4.31640625,4.34375,4.556640625,4.44140625,4.416015625,4.39453125,4.515625,4.556640625,5.6328125,6.314453125,7.02734375,8.775390625,8.490234375,5.998046875,7.11328125,7.5078125
61,,4.4853515625,4.3046875,4.33203125,4.552734375,4.44140625,4.4140625,4.39453125,4.572265625,4.662109375,5.703125,6.0078125,7.677734375,6.826171875,8.03515625,7.537109375,8.228515625,7.71484375
62,,4.4853515625,4.3046875,4.326171875,4.845703125,4.44140625,4.421875,4.486328125,4.48046875,4.59765625,5.7744140625,5.83984375,6.291015625,8.013671875,8.330078125,7.669921875,8.166015625,7.626953125
63,,4.4853515625,4.3046875,4.3515625,4.529296875,4.44140625,4.416015625,4.42578125,4.71875,4.5771484375,5.1435546875,6.58984375,8.0390625,8.23046875,7.9375,8.939453125,5.6640625,6.654296875
64,,4.4853515625,4.302734375,4.361328125,4.658203125,4.44140625,4.423828125,4.51171875,4.560546875,4.591796875,4.6044921875,6.470703125,7.99609375,8.74609375,7.1171875,7.4375,8.193359375,6.8671875
65,,4.4853515625,4.298828125,4.359375,4.6171875,4.44140625,4.412109375,4.44140625,4.658203125,4.5830078125,6.54296875,5.474609375,6.44140625,7.3515625,6.892578125,7.33984375,7.82421875,6.130859375
66,,4.4853515625,4.30078125,4.337890625,4.7265625,,4.40625,4.4453125,4.515625,4.5859375,6.00390625,6.150390625,5.845703125,8.7265625,6.6875,7.52734375,7.251953125,7.38671875
67,,4.4853515625,4.30078125,4.33984375,4.5546875,,4.400390625,4.412109375,4.794921875,4.5830078125,5.34375,5.322265625,6.798828125,5.375,8.12109375,7.28515625,8.4375,6.220703125
68,,4.4853515625,4.296875,4.337890625,4.853515625,,4.408203125,4.3984375,4.517578125,4.626953125,5.365234375,5.169921875,6.271484375,8.6484375,8.716796875,8.3125,6.923828125,6.265625
69,,4.4853515625,4.30859375,4.328125,4.4921875,,4.400390625,4.412109375,4.611328125,4.556640625,5.03515625,6.373046875,6.861328125,7.8359375,8.01171875,6.064453125,6.876953125,8.04296875
70,,4.4853515625,4.306640625,4.314453125,4.48046875,,4.39453125,4.40234375,4.48828125,4.6064453125,5.7197265625,4.580078125,7.70703125,8.458984375,7.458984375,5.888671875,7.201171875,7.142578125
71,,4.4853515625,4.30078125,4.314453125,4.4609375,,4.4140625,4.396484375,4.515625,4.5595703125,4.5810546875,5.01953125,5.912109375,7.365234375,6.37109375,7.77734375,6.234375,7.509765625
72,,4.4853515625,4.30859375,4.32421875,4.453125,,4.39453125,4.40625,4.53515625,4.591796875,4.7001953125,5.041015625,7.9375,7.8984375,8.669921875,7.978515625,6.87890625,8.025390625
73,,4.4853515625,4.298828125,4.318359375,4.51171875,,4.408203125,4.421875,4.455078125,4.57421875,4.7373046875,4.740234375,7.546875,8.171875,8.935546875,8.4375,6.693359375,6.451171875
74,,4.4853515625,4.30078125,4.31640625,4.642578125,,4.3984375,4.41015625,4.44140625,4.6064453125,4.779296875,4.666015625,7.357421875,7.732421875,8.455078125,8.2109375,6.83984375,6.9375
75,,4.4853515625,4.29296875,4.328125,4.470703125,,4.404296875,4.41796875,4.4453125,4.556640625,4.509765625,5.064453125,8.943359375,7.45703125,8.353515625,7.646484375,5.79296875,6.525390625
76,,4.4853515625,4.298828125,4.33203125,4.587890625,,4.4140625,4.4140625,4.484375,4.5947265625,4.5234375,4.96875,7.775390625,7.716796875,8.482421875,7.44140625,6.375,6.25
77,,4.4853515625,4.298828125,4.322265625,4.486328125,,4.40625,4.359375,4.486328125,4.5625,4.52734375,4.935546875,8.689453125,6.5234375,8.0546875,7.96484375,7.279296875,5.5078125
78,,,4.296875,4.3125,4.341796875,,4.40234375,4.353515625,4.556640625,4.591796875,4.9189453125,5.0859375,8.451171875,7.82421875,5.83984375,6.908203125,5.736328125,5.587890625
79,,,4.29296875,4.31640625,4.33984375,,4.404296875,4.361328125,4.498046875,4.57421875,4.6396484375,4.6640625,6.677734375,7.205078125,6.470703125,8.095703125,6.8828125,6.95703125
80,,,4.298828125,4.31640625,4.35546875,,4.39453125,4.36328125,4.41796875,4.6064453125,4.5517578125,5.044921875,7.986328125,6.341796875,8.576171875,6.763671875,6.193359375,5.810546875
81,,,4.3046875,4.31640625,4.416015625,,4.396484375,4.353515625,4.435546875,4.5537109375,4.5517578125,4.93359375,8.228515625,8.13671875,7.724609375,6.697265625,5.904296875,6.966796875
82,,,4.294921875,4.310546875,4.357421875,,4.40234375,4.34375,4.357421875,4.5947265625,4.9033203125,5.240234375,8.2421875,7.013671875,7.28515625,7.55078125,4.822265625,6.412109375
83,,,4.294921875,4.33203125,4.361328125,,4.396484375,4.39453125,4.310546875,4.5595703125,4.50390625,4.462890625,6.716796875,6.294921875,7.939453125,5.833984375,7.076171875,7.287109375
84,,,4.296875,4.314453125,4.359375,,4.3984375,4.35546875,4.3203125,4.5947265625,5.2763671875,4.578125,7.140625,5.76171875,6.578125,7.4921875,5.119140625,7.560546875
85,,,4.29296875,4.298828125,4.33203125,,4.39453125,4.33984375,4.380859375,4.556640625,4.9755859375,5.181640625,7.18359375,7.548828125,7.744140625,7.51171875,7.16015625,6.017578125
86,,,4.29296875,4.3671875,4.33984375,,4.39453125,4.3359375,4.328125,4.591796875,4.681640625,4.974609375,6.77734375,5.982421875,8.525390625,7.08203125,6.6796875,6.8125
87,,,4.29296875,4.3203125,4.4140625,,4.39453125,4.37890625,4.3515625,4.568359375,4.599609375,4.671875,6.470703125,8.19140625,8.291015625,7.392578125,5.37109375,6.572265625
88,,,4.3046875,4.30859375,4.39453125,,4.3984375,4.330078125,4.3203125,4.5947265625,4.5634765625,4.96875,7.05859375,7.484375,8.2265625,8.08203125,4.66015625,5.291015625
89,,,4.298828125,4.3125,4.4296875,,4.39453125,4.369140625,4.318359375,4.5537109375,4.62890625,4.6484375,7.107421875,5.107421875,7.32421875,6.447265625,7.271484375,7.037109375
90,,,4.29296875,4.3046875,4.369140625,,4.39453125,4.34765625,4.314453125,4.591796875,5.228515625,4.95703125,6.986328125,8.39453125,6.416015625,6.08203125,6.0,7.998046875
91,,,4.296875,4.31640625,4.384765625,,4.400390625,4.34765625,4.34375,4.5595703125,4.814453125,4.61328125,6.923828125,7.462890625,7.15234375,7.89453125,4.880859375,5.73828125
92,,,4.29296875,4.30859375,4.357421875,,4.3984375,4.34375,4.318359375,4.5947265625,4.6005859375,4.462890625,7.41796875,6.97265625,7.650390625,5.822265625,6.068359375,8.4140625
93,,,4.29296875,4.306640625,4.552734375,,4.39453125,4.328125,4.36328125,4.55078125,4.892578125,5.138671875,5.892578125,6.951171875,6.283203125,5.046875,5.5625,6.82421875
94,,,4.29296875,4.296875,4.3515625,,4.3984375,4.326171875,4.333984375,4.591796875,4.7685546875,4.748046875,8.330078125,6.384765625,8.0703125,5.458984375,5.373046875,5.779296875
95,,,4.29296875,4.310546875,4.359375,,4.39453125,4.322265625,4.318359375,4.5595703125,4.556640625,4.55078125,6.40234375,8.08203125,8.009765625,4.5703125,5.05859375,7.71875
96,,,4.29296875,4.3046875,4.33203125,,4.39453125,4.318359375,4.326171875,4.5947265625,4.71875,4.705078125,5.208984375,7.546875,8.041015625,4.87109375,5.193359375,4.935546875
97,,,4.29296875,4.30859375,4.365234375,,4.39453125,4.318359375,4.357421875,4.55078125,4.54296875,4.8125,5.41796875,6.76171875,8.001953125,5.11328125,5.84765625,7.474609375
98,,,4.29296875,4.298828125,4.341796875,,4.39453125,4.318359375,4.38671875,4.591796875,4.5888671875,4.86328125,6.46875,6.080078125,8.1171875,4.40234375,5.240234375,5.28515625
99,,,4.29296875,4.298828125,4.3203125,,4.39453125,4.3203125,4.32421875,4.5595703125,4.646484375,4.689453125,4.900390625,7.751953125,7.89453125,5.623046875,5.1875,7.029296875
100,,,4.29296875,4.2890625,4.33984375,,4.3984375,4.322265625,4.3203125,4.5947265625,5.123046875,4.7421875,6.263671875,5.275390625,7.490234375,4.841796875,5.947265625,5.8359375
101,,,4.29296875,4.302734375,4.3515625,,4.39453125,4.31640625,4.33984375,4.55078125,4.7763671875,4.6640625,7.369140625,7.89453125,8.0703125,5.818359375,4.72265625,8.123046875
102,,,4.29296875,4.294921875,4.318359375,,4.3984375,4.30859375,4.3046875,4.591796875,4.5263671875,4.732421875,6.86328125,6.91796875,8.169921875,6.228515625,4.775390625,7.01171875
103,,,4.29296875,4.3046875,4.330078125,,4.39453125,4.3125,4.3046875,4.556640625,4.5673828125,4.5625,5.2578125,5.791015625,7.83203125,5.595703125,4.96484375,8.140625
104,,,4.29296875,4.296875,4.337890625,,4.39453125,4.306640625,4.3125,4.591796875,4.77734375,4.50390625,5.89453125,5.1171875,8.2265625,6.296875,4.669921875,8.16015625
105,,,4.29296875,4.341796875,4.46484375,,4.3984375,4.306640625,4.302734375,4.55078125,4.5693359375,4.7109375,6.205078125,6.6953125,7.529296875,6.3828125,5.685546875,7.14453125
106,,,4.29296875,4.296875,4.318359375,,4.39453125,4.310546875,4.33203125,4.5859375,5.26171875,4.794921875,7.30859375,5.953125,4.48828125,7.30859375,5.095703125,7.20703125
107,,,4.29296875,4.3046875,4.349609375,,4.3984375,4.30859375,4.30859375,4.5595703125,4.7197265625,4.515625,5.51171875,5.859375,5.05859375,4.689453125,5.568359375,7.43359375
108,,,4.29296875,4.298828125,4.3125,,4.39453125,4.30859375,4.314453125,4.5771484375,4.734375,4.646484375,7.18359375,7.087890625,6.857421875,7.513671875,4.93359375,7.931640625
109,,,4.29296875,4.31640625,4.328125,,4.39453125,4.3046875,4.296875,4.5654296875,4.6640625,4.5703125,8.119140625,5.541015625,6.267578125,7.4921875,5.4375,6.150390625
110,,,,4.29296875,4.337890625,,4.39453125,4.30859375,4.294921875,4.5712890625,4.6875,4.912109375,5.96484375,6.91015625,7.21484375,7.4375,6.205078125,5.2578125
111,,,,4.306640625,4.390625,,4.39453125,4.31640625,4.302734375,4.5712890625,4.7158203125,4.640625,7.59765625,5.708984375,8.310546875,7.72265625,5.068359375,7.40234375
112,,,,4.29296875,4.306640625,,4.39453125,4.3046875,4.306640625,4.5712890625,4.603515625,4.705078125,6.916015625,5.6640625,8.466796875,7.79296875,6.681640625,5.7109375
113,,,,4.294921875,4.328125,,4.39453125,4.310546875,4.30078125,4.5712890625,4.5927734375,4.380859375,7.32421875,6.546875,7.67578125,6.890625,4.9609375,4.92578125
114,,,,4.306640625,4.376953125,,4.39453125,4.30859375,4.306640625,4.5712890625,4.607421875,4.76171875,7.802734375,6.90625,7.09765625,6.935546875,5.767578125,4.53515625
115,,,,4.294921875,4.3359375,,4.39453125,4.3125,4.306640625,4.568359375,5.0693359375,4.470703125,7.783203125,6.716796875,6.09765625,7.40625,4.7578125,6.40234375
116,,,,4.298828125,4.41796875,,4.39453125,4.302734375,4.306640625,4.568359375,4.7451171875,4.591796875,6.96875,5.802734375,8.412109375,7.05859375,5.162109375,4.482421875
117,,,,4.29296875,4.314453125,,4.39453125,4.298828125,4.302734375,4.5712890625,4.759765625,4.5,6.62890625,5.3671875,7.958984375,6.375,5.224609375,6.1796875
118,,,,4.29296875,4.345703125,,4.39453125,4.3125,4.291015625,4.591796875,5.197265625,4.740234375,7.576171875,5.39453125,6.763671875,6.63671875,5.87890625,5.51953125
119,,,,4.298828125,4.33203125,,4.39453125,4.30859375,4.298828125,4.55078125,4.658203125,4.54296875,7.111328125,6.205078125,7.72265625,6.46484375,5.287109375,4.921875
120,,,,4.29296875,4.318359375,,4.39453125,4.314453125,4.3046875,4.5888671875,4.61328125,4.6328125,8.087890625,5.919921875,7.416015625,7.033203125,5.162109375,5.666015625
121,,,,4.294921875,4.326171875,,,4.306640625,4.298828125,4.5537109375,4.6669921875,4.41796875,6.54296875,7.419921875,8.443359375,5.76953125,4.966796875,4.81640625
122,,,,4.29296875,4.326171875,,,4.30859375,4.296875,4.5771484375,4.6162109375,4.7578125,7.3359375,7.20703125,7.923828125,6.0625,5.884765625,5.376953125
123,,,,4.298828125,4.3359375,,,4.30078125,4.296875,4.5595703125,4.6630859375,4.3828125,7.892578125,6.919921875,6.837890625,4.734375,5.673828125,4.86328125
124,,,,4.29296875,4.330078125,,,4.3125,4.296875,4.591796875,4.630859375,4.576171875,8.251953125,6.13671875,7.916015625,4.609375,6.72265625,6.111328125
125,,,,4.291015625,4.322265625,,,4.30859375,4.298828125,4.55078125,4.6611328125,4.447265625,6.439453125,6.00390625,8.28125,5.48828125,4.369140625,5.12109375
126,,,,4.2890625,4.32421875,,,4.306640625,4.3046875,4.5830078125,4.8037109375,4.509765625,6.03515625,7.609375,7.353515625,4.515625,5.849609375,5.05078125
127,,,,4.2890625,4.30859375,,,4.306640625,4.30078125,4.556640625,4.7431640625,4.541015625,7.896484375,5.78515625,7.728515625,5.640625,5.369140625,5.45703125
128,,,,4.294921875,4.32421875,,,4.30078125,4.298828125,4.591796875,4.8310546875,4.6484375,5.76171875,7.69140625,7.6328125,5.849609375,5.142578125,5.83984375
129,,,,4.2890625,4.3046875,,,4.30859375,4.30859375,4.55078125,4.9169921875,4.708984375,6.041015625,5.380859375,6.583984375,4.916015625,4.736328125,4.728515625
130,,,,4.29296875,4.328125,,,4.302734375,4.294921875,4.5859375,4.8037109375,4.69140625,6.65625,5.68359375,5.03515625,5.24609375,5.017578125,5.228515625
131,,,,4.2890625,4.345703125,,,4.3046875,4.306640625,4.55078125,4.875,4.703125,6.521484375,6.82421875,5.783203125,5.7734375,5.220703125,4.810546875
132,,,,4.29296875,4.33984375,,,4.298828125,4.294921875,4.5859375,4.6826171875,4.73046875,6.5625,7.109375,5.55859375,6.115234375,5.3671875,5.216796875
133,,,,4.2890625,4.314453125,,,4.302734375,4.294921875,4.55078125,4.7314453125,4.46875,5.390625,5.658203125,5.74609375,5.111328125,5.48046875,4.556640625
134,,,,4.294921875,4.3046875,,,4.298828125,4.291015625,4.5771484375,4.5615234375,4.630859375,5.39453125,6.291015625,4.943359375,6.4140625,6.12109375,5.78125
135,,,,4.29296875,4.306640625,,,4.306640625,4.298828125,4.556640625,4.6611328125,4.744140625,7.044921875,6.45703125,6.2109375,4.9453125,4.763671875,4.92578125
136,,,,4.2890625,4.3046875,,,4.3046875,4.291015625,4.5712890625,4.55859375,4.6484375,6.95703125,5.306640625,7.751953125,6.611328125,5.51953125,4.80859375
137,,,,4.29296875,4.3203125,,,4.30078125,4.294921875,4.5595703125,5.0029296875,4.6484375,7.30859375,6.63671875,7.916015625,4.875,4.673828125,5.119140625
138,,,,4.2890625,4.306640625,,,4.306640625,4.291015625,4.591796875,4.798828125,4.689453125,6.240234375,4.548828125,7.087890625,5.169921875,4.86328125,5.64453125
139,,,,4.29296875,4.302734375,,,4.302734375,4.296875,4.55078125,4.5703125,4.5078125,6.529296875,5.65625,8.345703125,4.6484375,5.021484375,4.728515625
140,,,,4.2890625,4.3125,,,4.306640625,4.296875,4.580078125,4.6025390625,4.619140625,8.060546875,6.263671875,6.66015625,4.716796875,5.1484375,5.935546875
141,,,,4.29296875,4.30078125,,,4.298828125,4.291015625,4.55078125,4.9306640625,4.451171875,6.76953125,5.041015625,5.265625,4.541015625,6.048828125,4.748046875
142,,,,4.29296875,4.298828125,,,4.30859375,4.291015625,4.5859375,4.9736328125,4.607421875,7.927734375,5.26953125,7.62890625,5.470703125,5.58984375,5.1015625
143,,,,4.2890625,4.306640625,,,4.298828125,4.296875,4.55078125,4.96875,4.58984375,6.8515625,5.42578125,8.646484375,5.263671875,4.923828125,5.091796875
144,,,,4.2890625,4.306640625,,,4.298828125,4.2890625,4.5771484375,4.5576171875,4.65234375,6.88671875,7.892578125,5.080078125,5.017578125,4.896484375,4.810546875
145,,,,4.2890625,4.318359375,,,4.30859375,4.29296875,4.5537109375,4.578125,4.3671875,6.806640625,4.671875,4.78125,5.322265625,4.767578125,4.939453125
146,,,,4.2890625,4.306640625,,,4.30078125,4.294921875,4.5859375,4.564453125,4.52734375,6.154296875,6.9140625,5.669921875,4.802734375,5.0546875,6.587890625
147,,,,4.2890625,4.294921875,,,4.302734375,4.294921875,4.55078125,4.572265625,4.46484375,7.427734375,6.72265625,4.763671875,4.681640625,5.185546875,5.328125
148,,,,4.291015625,4.302734375,,,4.298828125,4.2890625,4.580078125,4.505859375,4.4765625,6.5546875,7.3125,7.556640625,6.0390625,4.73046875,6.044921875
149,,,,4.2890625,4.30078125,,,4.298828125,4.296875,4.55078125,4.53515625,4.619140625,5.4140625,5.150390625,5.908203125,5.046875,4.74609375,4.837890625
150,,,,4.2890625,4.30078125,,,4.298828125,4.2890625,4.5712890625,4.5634765625,4.7578125,5.65625,7.427734375,7.8828125,5.1953125,4.529296875,5.982421875
151,,,,4.2890625,4.30078125,,,4.298828125,4.29296875,4.556640625,4.5517578125,4.529296875,5.5390625,4.435546875,8.673828125,5.7578125,4.72265625,6.025390625
152,,,,4.29296875,4.302734375,,,4.298828125,4.29296875,4.568359375,4.5859375,4.7734375,5.81640625,5.869140625,5.728515625,5.861328125,4.85546875,6.587890625
153,,,,4.2890625,4.302734375,,,4.298828125,4.29296875,4.556640625,4.505859375,4.521484375,5.51953125,4.5390625,4.6953125,5.525390625,4.658203125,5.873046875
154,,,,4.2890625,4.294921875,,,4.298828125,4.2890625,4.568359375,4.8818359375,4.748046875,6.49609375,4.6875,7.966796875,5.130859375,5.33984375,4.92578125
155,,,,4.2890625,4.302734375,,,4.302734375,4.2890625,4.5595703125,4.75390625,4.505859375,5.6015625,4.8828125,6.701171875,5.705078125,5.41796875,4.833984375
156,,,,4.2890625,4.298828125,,,4.298828125,4.29296875,4.591796875,4.5751953125,4.578125,6.40234375,6.4765625,6.140625,5.1171875,4.8828125,5.623046875
157,,,,4.2890625,4.30859375,,,4.298828125,4.29296875,4.5478515625,4.7587890625,4.63671875,7.060546875,5.474609375,5.7109375,5.65625,4.6953125,5.0
158,,,,4.2890625,4.30859375,,,4.298828125,4.2890625,4.5712890625,4.572265625,4.529296875,5.521484375,5.2421875,6.724609375,5.98046875,4.859375,6.556640625
159,,,,4.2890625,4.298828125,,,4.298828125,4.29296875,4.5537109375,4.810546875,4.453125,8.01953125,5.0390625,5.974609375,4.880859375,4.62890625,4.919921875
160,,,,4.2890625,4.302734375,,,4.30078125,4.2890625,4.5859375,4.8681640625,4.546875,6.724609375,6.34765625,6.1953125,4.5078125,4.859375,4.91015625
161,,,,4.2890625,4.296875,,,4.298828125,4.294921875,4.55078125,4.830078125,4.57421875,8.142578125,5.083984375,6.919921875,6.009765625,4.984375,5.107421875
162,,,,4.2890625,4.30078125,,,4.30078125,4.29296875,4.5771484375,4.70703125,4.634765625,7.13671875,6.888671875,5.53125,4.65625,4.82421875,5.763671875
163,,,,4.2890625,4.302734375,,,4.298828125,4.294921875,4.55078125,4.9111328125,4.447265625,7.14453125,5.59765625,6.21875,4.541015625,4.4453125,6.14453125
164,,,,4.2890625,4.291015625,,,4.298828125,4.2890625,4.5830078125,4.7392578125,4.685546875,7.40234375,6.0859375,7.052734375,4.650390625,5.25390625,6.181640625
165,,,,4.2890625,4.30078125,,,4.298828125,4.294921875,4.55078125,4.7763671875,4.484375,5.916015625,5.892578125,5.755859375,4.541015625,5.005859375,5.201171875
166,,,,4.2890625,4.30078125,,,4.298828125,4.2890625,4.5771484375,4.5791015625,4.625,6.072265625,6.015625,8.244140625,5.443359375,4.634765625,4.904296875
167,,,,4.2890625,4.296875,,,4.298828125,4.294921875,4.55078125,4.802734375,4.53515625,5.701171875,4.9453125,7.46875,4.451171875,4.40625,5.439453125
168,,,,4.2890625,4.298828125,,,4.298828125,4.294921875,4.580078125,4.796875,4.568359375,5.302734375,5.7265625,6.76953125,5.083984375,4.65234375,5.37890625
169,,,,4.2890625,4.3046875,,,4.298828125,4.2890625,4.55078125,4.6455078125,4.55859375,7.126953125,5.607421875,7.390625,4.845703125,4.857421875,6.056640625
170,,,,4.2890625,4.30078125,,,4.298828125,4.2890625,4.5771484375,4.576171875,4.63671875,6.55078125,5.47265625,7.41015625,4.52734375,4.53515625,4.9375
171,,,,4.2890625,4.29296875,,,4.298828125,4.29296875,4.55078125,4.6572265625,4.572265625,6.263671875,6.03125,6.236328125,4.52734375,4.619140625,6.41796875
172,,,,4.2890625,4.306640625,,,4.298828125,4.2890625,4.5712890625,4.603515625,4.548828125,5.517578125,5.55859375,5.150390625,4.5078125,5.404296875,5.078125
173,,,,4.2890625,4.296875,,,4.298828125,4.29296875,4.5537109375,4.5634765625,4.56640625,6.103515625,6.171875,6.041015625,4.609375,5.408203125,4.50390625
174,,,,4.2890625,4.302734375,,,4.298828125,4.2890625,4.568359375,4.681640625,4.583984375,6.85546875,5.77734375,7.15234375,4.853515625,4.744140625,4.87109375
175,,,,4.2890625,4.29296875,,,4.298828125,4.291015625,4.556640625,4.86328125,4.40625,5.01171875,5.091796875,5.662109375,4.6484375,4.716796875,5.283203125
176,,,,4.2890625,4.296875,,,4.298828125,4.2890625,4.568359375,4.7470703125,4.556640625,5.640625,5.158203125,8.31640625,4.771484375,5.4765625,5.482421875
177,,,,4.2890625,4.296875,,,4.298828125,4.29296875,4.556640625,4.9375,4.560546875,5.34375,5.92578125,7.162109375,4.68359375,5.38671875,5.171875
178,,,,4.2890625,4.296875,,,4.298828125,4.2890625,4.568359375,4.58984375,4.611328125,4.923828125,5.494140625,5.7578125,5.130859375,5.068359375,4.966796875
179,,,,4.2890625,4.296875,,,4.298828125,4.2890625,4.556640625,4.541015625,4.416015625,5.986328125,5.55078125,4.673828125,4.8125,4.673828125,4.7734375
180,,,,4.2890625,4.298828125,,,4.298828125,4.2890625,4.591796875,4.5615234375,4.591796875,5.328125,5.53515625,6.271484375,4.4765625,5.6328125,5.111328125
181,,,,4.2890625,4.298828125,,,,4.2890625,4.544921875,4.5634765625,4.48828125,4.94140625,5.177734375,7.59765625,4.533203125,4.92578125,5.265625
182,,,,,4.298828125,,,,4.2890625,4.580078125,4.716796875,4.587890625,5.138671875,4.9765625,6.5390625,4.75,4.62109375,5.265625
183,,,,,4.298828125,,,,4.2890625,4.55078125,4.666015625,4.421875,5.458984375,6.1015625,5.359375,5.052734375,4.62109375,6.314453125
184,,,,,4.302734375,,,,4.2890625,4.57421875,4.7021484375,4.625,4.916015625,5.20703125,5.60546875,4.96484375,5.484375,5.376953125
185,,,,,4.296875,,,,4.2890625,4.55078125,4.6689453125,4.455078125,5.658203125,4.765625,6.142578125,4.501953125,4.734375,4.876953125
186,,,,,4.29296875,,,,4.2890625,4.5771484375,4.927734375,4.57421875,5.3125,5.048828125,5.697265625,4.572265625,4.78125,5.498046875
187,,,,,4.298828125,,,,4.2890625,4.55078125,4.732421875,4.390625,5.21484375,4.5625,6.150390625,4.46875,4.951171875,4.845703125
188,,,,,4.294921875,,,,4.2890625,4.5712890625,4.6083984375,4.58984375,5.27734375,5.466796875,5.255859375,4.671875,4.646484375,4.556640625
189,,,,,4.296875,,,,4.2890625,4.55078125,4.51953125,4.443359375,5.03125,5.490234375,6.435546875,4.7890625,4.525390625,5.3046875
190,,,,,4.298828125,,,,4.2890625,4.5771484375,5.0498046875,4.541015625,4.89453125,5.091796875,6.234375,4.6484375,4.8046875,4.724609375
191,,,,,4.298828125,,,,4.2890625,4.55078125,4.6513671875,4.43359375,4.85546875,5.29296875,5.849609375,4.87890625,4.693359375,5.623046875
192,,,,,4.296875,,,,4.2890625,4.5712890625,4.7490234375,4.75,5.6328125,5.02734375,6.833984375,4.873046875,4.88671875,5.046875
193,,,,,4.298828125,,,,4.2890625,4.55078125,4.6201171875,4.455078125,4.7734375,5.33984375,5.283203125,4.7890625,4.748046875,5.3515625
194,,,,,4.298828125,,,,4.2890625,4.568359375,4.587890625,4.56640625,5.134765625,5.78515625,8.005859375,4.486328125,4.712890625,5.521484375
195,,,,,4.296875,,,,4.2890625,4.55078125,4.5283203125,4.529296875,5.021484375,5.0,7.10546875,4.62890625,4.943359375,5.599609375
196,,,,,4.294921875,,,,4.2890625,4.580078125,4.751953125,4.515625,4.9140625,6.462890625,5.751953125,4.455078125,5.40625,5.31640625
197,,,,,4.298828125,,,,4.2890625,4.5478515625,4.705078125,4.45703125,5.2109375,6.28125,4.654296875,4.509765625,5.263671875,5.05078125
198,,,,,4.294921875,,,,4.2890625,4.5712890625,4.6171875,4.701171875,5.0546875,6.3359375,7.251953125,5.017578125,4.76953125,4.947265625
199,,,,,4.294921875,,,,4.2890625,4.55078125,4.6630859375,4.494140625,5.17578125,6.919921875,5.970703125,5.0,4.564453125,5.13671875
200,,,,,4.294921875,,,,4.2890625,4.5771484375,4.7236328125,4.60546875,5.5,5.380859375,4.662109375,4.708984375,4.962890625,5.248046875
201,,,,,4.291015625,,,,4.2890625,4.55078125,4.5751953125,4.576171875,4.62109375,4.841796875,5.3984375,4.6875,4.6796875,4.810546875
202,,,,,4.294921875,,,,4.2890625,4.5712890625,4.525390625,4.5859375,4.677734375,6.5390625,4.908203125,4.662109375,5.017578125,5.064453125
203,,,,,4.29296875,,,,4.2890625,4.55078125,4.5625,4.587890625,4.970703125,4.689453125,5.0390625,4.75,4.587890625,4.94921875
204,,,,,4.296875,,,,4.2890625,4.568359375,4.552734375,4.5234375,4.79296875,4.94921875,5.166015625,4.693359375,4.580078125,5.783203125
205,,,,,4.294921875,,,,4.2890625,4.55078125,4.5703125,4.595703125,4.724609375,6.5625,4.865234375,4.7265625,4.56640625,4.755859375
206,,,,,4.296875,,,,4.2890625,4.568359375,4.681640625,4.58984375,5.576171875,7.380859375,5.599609375,4.677734375,4.896484375,4.56640625
207,,,,,4.291015625,,,,4.2890625,4.55078125,4.8115234375,4.521484375,5.3203125,5.5703125,4.83984375,4.595703125,4.74609375,5.005859375
208,,,,,4.296875,,,,4.2890625,4.5830078125,4.701171875,4.689453125,5.34765625,5.423828125,5.41796875,4.91015625,5.13671875,5.712890625
209,,,,,4.294921875,,,,4.2890625,4.5478515625,4.6533203125,4.505859375,5.53125,6.87890625,6.51171875,4.6875,4.970703125,5.03515625
210,,,,,4.291015625,,,,4.2890625,4.57421875,4.76171875,4.630859375,4.486328125,6.140625,5.900390625,4.640625,4.8515625,5.693359375
211,,,,,4.291015625,,,,4.2890625,4.55078125,4.712890625,4.4296875,5.314453125,6.654296875,6.212890625,4.65234375,4.552734375,4.646484375
212,,,,,4.296875,,,,4.2890625,4.5712890625,4.521484375,4.658203125,4.607421875,5.583984375,5.3046875,4.7734375,4.529296875,4.6484375
213,,,,,4.294921875,,,,4.2890625,4.55078125,4.57421875,4.515625,5.583984375,7.30859375,6.642578125,4.607421875,4.68359375,4.923828125
214,,,,,4.291015625,,,,4.2890625,4.57421875,4.8818359375,4.568359375,4.794921875,5.271484375,6.4453125,4.748046875,5.12109375,4.9921875
215,,,,,4.29296875,,,,,4.55078125,4.701171875,4.421875,5.34375,6.033203125,6.462890625,4.708984375,4.890625,5.009765625
216,,,,,4.294921875,,,,,4.5712890625,4.5966796875,4.53125,4.494140625,4.8125,7.041015625,4.740234375,5.357421875,4.904296875
217,,,,,4.294921875,,,,,4.55078125,4.529296875,4.47265625,4.552734375,6.111328125,5.6015625,4.62890625,5.228515625,4.916015625
218,,,,,4.296875,,,,,4.568359375,4.5419921875,4.515625,4.611328125,6.072265625,5.474609375,4.943359375,4.77734375,5.763671875
219,,,,,4.291015625,,,,,4.55078125,4.509765625,4.49609375,5.328125,5.537109375,6.421875,4.6796875,4.501953125,5.236328125
220,,,,,4.291015625,,,,,4.568359375,4.875,4.517578125,4.6953125,5.51953125,4.943359375,5.029296875,4.880859375,4.921875
221,,,,,4.29296875,,,,,4.55078125,4.6640625,4.4609375,5.080078125,5.431640625,4.537109375,4.865234375,4.962890625,5.048828125
222,,,,,4.291015625,,,,,4.5830078125,4.755859375,4.490234375,4.6796875,5.947265625,4.57421875,5.064453125,4.76953125,5.80078125
223,,,,,4.29296875,,,,,4.544921875,4.7412109375,4.458984375,4.4453125,4.978515625,5.119140625,4.814453125,4.78125,4.630859375
224,,,,,4.29296875,,,,,4.57421875,4.8671875,4.486328125,4.6484375,5.638671875,5.294921875,5.12890625,4.58203125,5.2734375
225,,,,,4.291015625,,,,,4.55078125,4.689453125,4.474609375,4.447265625,5.138671875,4.607421875,4.861328125,4.5546875,4.466796875
226,,,,,4.29296875,,,,,4.5712890625,4.9296875,4.642578125,4.861328125,6.005859375,5.677734375,4.6640625,4.62890625,5.5390625
227,,,,,4.291015625,,,,,4.55078125,4.6796875,4.353515625,4.58984375,6.19921875,5.255859375,4.6484375,4.591796875,5.240234375
228,,,,,4.291015625,,,,,4.5712890625,4.505859375,4.6796875,4.859375,5.90234375,5.77734375,4.79296875,5.154296875,4.69921875
229,,,,,4.294921875,,,,,4.55078125,4.541015625,4.494140625,4.7109375,4.572265625,5.259765625,4.84765625,5.2734375,5.435546875
230,,,,,4.29296875,,,,,4.5712890625,4.8544921875,4.611328125,5.353515625,6.3203125,5.45703125,4.853515625,4.70703125,5.03515625
231,,,,,4.291015625,,,,,4.55078125,4.677734375,4.447265625,5.052734375,6.205078125,5.771484375,4.845703125,4.69140625,4.455078125
232,,,,,4.291015625,,,,,4.5712890625,4.51171875,4.44921875,4.84375,5.419921875,6.103515625,5.10546875,4.85546875,4.755859375
233,,,,,4.291015625,,,,,4.55078125,4.5380859375,4.49609375,4.994140625,4.623046875,4.779296875,4.8125,4.6640625,4.5390625
234,,,,,4.291015625,,,,,4.5712890625,4.66015625,4.56640625,4.919921875,5.521484375,7.302734375,4.904296875,4.794921875,4.544921875
235,,,,,4.291015625,,,,,4.55078125,4.84375,4.412109375,4.970703125,4.63671875,5.8359375,4.666015625,5.072265625,4.5078125
236,,,,,4.29296875,,,,,4.5712890625,4.763671875,4.556640625,4.759765625,6.18359375,5.859375,5.04296875,5.359375,4.64453125
237,,,,,4.291015625,,,,,4.55078125,4.7333984375,4.517578125,4.5078125,6.12890625,5.611328125,4.857421875,5.044921875,5.109375
238,,,,,4.291015625,,,,,4.568359375,4.6259765625,4.5234375,4.466796875,6.615234375,5.51171875,4.501953125,4.83984375,5.064453125
239,,,,,4.291015625,,,,,4.55078125,4.8193359375,4.419921875,4.9765625,5.2578125,6.080078125,4.390625,4.62109375,4.609375
240,,,,,4.291015625,,,,,4.568359375,4.5966796875,4.587890625,5.66796875,4.708984375,6.27734375,4.64453125,5.19140625,4.7421875
241,,,,,4.294921875,,,,,4.55078125,4.681640625,4.578125,4.822265625,5.173828125,5.228515625,4.8046875,4.556640625,4.7109375
242,,,,,4.291015625,,,,,4.568359375,4.9443359375,4.44921875,5.6640625,5.013671875,4.90234375,4.595703125,4.810546875,4.73046875
243,,,,,4.291015625,,,,,4.55078125,4.771484375,4.53515625,5.826171875,5.09375,5.416015625,4.681640625,4.40625,4.771484375
244,,,,,4.291015625,,,,,4.568359375,4.623046875,4.67578125,5.28515625,5.833984375,5.173828125,4.666015625,4.9453125,5.14453125
245,,,,,4.291015625,,,,,4.55078125,4.728515625,4.556640625,4.8671875,5.1796875,4.8984375,4.71484375,4.861328125,5.208984375
246,,,,,4.291015625,,,,,4.580078125,4.6875,4.49609375,5.123046875,5.84765625,4.875,4.697265625,5.296875,5.537109375
247,,,,,4.291015625,,,,,4.544921875,4.7158203125,4.458984375,5.3046875,6.09375,5.37109375,4.734375,4.994140625,5.228515625
248,,,,,4.291015625,,,,,4.568359375,4.611328125,4.548828125,5.09765625,5.859375,4.81640625,4.474609375,5.271484375,4.60546875
249,,,,,4.291015625,,,,,4.55078125,4.892578125,4.54296875,5.08203125,6.185546875,5.453125,4.59375,5.099609375,5.025390625
250,,,,,4.291015625,,,,,4.5771484375,4.7080078125,4.53125,5.32421875,6.744140625,4.701171875,4.650390625,4.69921875,4.541015625
251,,,,,4.291015625,,,,,4.544921875,4.806640625,4.537109375,4.826171875,5.03125,5.0546875,4.755859375,4.966796875,5.1640625
252,,,,,4.291015625,,,,,4.5712890625,4.90625,4.48046875,5.359375,5.4765625,4.9609375,4.78125,4.701171875,5.142578125
253,,,,,4.291015625,,,,,4.5478515625,4.6044921875,4.47265625,5.158203125,5.666015625,4.79296875,4.5625,4.76953125,4.7890625
254,,,,,4.291015625,,,,,4.568359375,4.53125,4.6640625,5.564453125,5.98828125,5.013671875,4.494140625,5.228515625,5.08203125
255,,,,,4.291015625,,,,,4.55078125,4.5576171875,4.494140625,4.5546875,5.08203125,4.767578125,4.54296875,4.818359375,5.611328125
256,,,,,4.291015625,,,,,4.5712890625,4.83203125,4.662109375,4.822265625,5.1328125,4.890625,4.484375,4.916015625,5.474609375
257,,,,,4.291015625,,,,,4.5478515625,4.775390625,4.4765625,4.98828125,5.32421875,5.0,4.400390625,4.48828125,4.611328125
258,,,,,4.291015625,,,,,4.568359375,4.564453125,4.662109375,4.810546875,6.412109375,4.93359375,4.66796875,5.263671875,4.646484375
259,,,,,4.291015625,,,,,4.55078125,4.7255859375,4.572265625,4.646484375,6.744140625,4.986328125,4.60546875,4.59375,4.8984375
260,,,,,4.291015625,,,,,4.568359375,4.7734375,4.484375,5.19140625,5.90234375,4.826171875,4.681640625,5.267578125,5.109375
261,,,,,4.291015625,,,,,4.55078125,4.650390625,4.484375,4.65625,5.501953125,4.91796875,4.556640625,5.14453125,4.53125
262,,,,,4.291015625,,,,,4.568359375,4.6279296875,4.484375,5.474609375,5.751953125,4.8515625,4.474609375,4.65625,5.015625
263,,,,,4.291015625,,,,,4.55078125,4.810546875,4.484375,4.783203125,5.41015625,4.9921875,4.408203125,4.5078125,5.62109375
264,,,,,4.291015625,,,,,4.57421875,4.53125,4.625,4.650390625,5.494140625,4.740234375,4.9765625,5.015625,4.623046875
265,,,,,4.291015625,,,,,4.544921875,4.552734375,4.501953125,4.673828125,5.50390625,4.9765625,4.77734375,4.5625,5.05859375
266,,,,,4.291015625,,,,,4.568359375,4.65234375,4.6171875,4.669921875,5.888671875,5.1171875,4.54296875,4.455078125,5.255859375
267,,,,,4.291015625,,,,,4.55078125,4.7607421875,4.37109375,4.912109375,5.607421875,4.708984375,4.447265625,4.416015625,4.939453125
268,,,,,4.291015625,,,,,4.5712890625,4.6259765625,4.654296875,4.83984375,4.884765625,4.81640625,4.693359375,4.857421875,5.076171875
269,,,,,4.291015625,,,,,4.5478515625,4.7080078125,4.478515625,5.158203125,6.47265625,5.201171875,4.623046875,4.919921875,4.619140625
270,,,,,4.291015625,,,,,4.568359375,4.630859375,4.546875,5.0078125,5.416015625,5.23046875,4.98828125,4.994140625,4.638671875
271,,,,,4.291015625,,,,,4.55078125,4.5234375,4.447265625,4.6875,6.341796875,4.556640625,4.615234375,4.6796875,4.5
272,,,,,4.291015625,,,,,4.5712890625,4.7978515625,4.6484375,5.505859375,5.236328125,4.802734375,4.501953125,5.142578125,4.755859375
273,,,,,4.291015625,,,,,4.5478515625,4.529296875,4.4921875,5.38671875,4.68359375,5.0,4.44140625,4.56640625,4.53515625
274,,,,,4.291015625,,,,,4.568359375,4.681640625,4.609375,4.982421875,6.0390625,5.189453125,4.69140625,5.125,4.91015625
275,,,,,4.291015625,,,,,4.5478515625,4.81640625,4.5234375,4.537109375,5.67578125,4.51953125,4.564453125,4.560546875,4.658203125
276,,,,,,,,,,4.568359375,4.8466796875,4.533203125,5.373046875,5.42578125,4.58984375,5.0234375,5.7578125,4.58984375
277,,,,,,,,,,4.55078125,4.623046875,4.5625,5.19921875,4.95703125,5.150390625,4.6875,5.0078125,4.40234375
278,,,,,,,,,,4.568359375,4.5830078125,4.5859375,5.009765625,5.109375,4.830078125,4.546875,4.423828125,4.5546875
279,,,,,,,,,,4.55078125,4.5185546875,4.359375,4.833984375,6.0859375,5.021484375,4.5234375,4.76171875,4.880859375
280,,,,,,,,,,4.568359375,4.7822265625,4.548828125,5.51953125,6.080078125,4.552734375,4.65625,5.212890625,4.625
281,,,,,,,,,,4.55078125,4.68359375,4.486328125,5.59765625,5.98046875,5.166015625,4.654296875,4.51953125,4.384765625
282,,,,,,,,,,4.568359375,4.720703125,4.466796875,5.81640625,6.447265625,5.04296875,4.73828125,5.046875,5.43359375
283,,,,,,,,,,4.55078125,4.6162109375,4.462890625,4.67578125,5.0625,4.447265625,4.412109375,4.78515625,5.287109375
284,,,,,,,,,,4.568359375,4.572265625,4.521484375,5.61328125,6.3359375,4.921875,4.4921875,4.44140625,5.32421875
285,,,,,,,,,,4.55078125,4.5185546875,4.40625,5.4140625,4.865234375,4.931640625,4.55078125,4.40234375,4.935546875
286,,,,,,,,,,4.580078125,4.544921875,4.58984375,5.740234375,6.26171875,5.388671875,4.736328125,4.771484375,4.7109375
287,,,,,,,,,,4.5390625,4.5546875,4.4609375,4.646484375,6.4296875,4.5,4.638671875,4.974609375,4.80078125
288,,,,,,,,,,4.57421875,4.6220703125,4.580078125,5.427734375,5.49609375,5.693359375,4.7265625,4.98828125,5.2109375
289,,,,,,,,,,4.544921875,4.6611328125,4.529296875,5.01171875,4.708984375,5.263671875,4.701171875,4.681640625,4.869140625
290,,,,,,,,,,4.568359375,4.75,4.5703125,4.841796875,5.330078125,5.203125,4.515625,5.0078125,4.513671875
291,,,,,,,,,,4.55078125,4.5283203125,4.548828125,5.060546875,5.525390625,5.927734375,4.484375,4.81640625,4.583984375
292,,,,,,,,,,4.568359375,4.759765625,4.62109375,5.982421875,5.3671875,4.953125,4.71484375,4.61328125,5.048828125
293,,,,,,,,,,4.55078125,4.8349609375,4.4765625,4.87109375,5.09375,4.80859375,4.580078125,4.41015625,5.091796875
294,,,,,,,,,,4.5771484375,4.498046875,4.5078125,4.646484375,5.92578125,5.033203125,4.72265625,4.78125,5.3125
295,,,,,,,,,,4.544921875,4.5576171875,4.431640625,4.890625,5.279296875,4.771484375,4.46875,4.859375,5.869140625
296,,,,,,,,,,4.568359375,4.568359375,4.69140625,5.63671875,6.06640625,5.10546875,4.888671875,5.1953125,5.1015625
297,,,,,,,,,,4.55078125,4.6767578125,4.5390625,4.59375,5.783203125,4.755859375,4.609375,4.501953125,4.759765625
298,,,,,,,,,,4.5712890625,4.5849609375,4.49609375,5.119140625,6.4296875,4.89453125,4.734375,4.962890625,5.330078125
299,,,,,,,,,,4.544921875,4.7177734375,4.421875,4.572265625,4.466796875,5.02734375,4.611328125,5.0859375,5.33984375
300,,,,,,,,,,4.568359375,4.5556640625,4.560546875,5.31640625,5.26953125,4.56640625,4.416015625,4.830078125,4.75
301,,,,,,,,,,4.5478515625,4.53515625,4.4921875,4.359375,4.865234375,5.2890625,4.517578125,4.58984375,4.49609375
302,,,,,,,,,,4.568359375,4.5869140625,4.521484375,5.103515625,5.478515625,5.005859375,4.90625,4.720703125,5.6171875
303,,,,,,,,,,4.5478515625,4.580078125,4.4140625,5.283203125,5.2265625,5.10546875,4.646484375,4.69140625,4.818359375
304,,,,,,,,,,4.568359375,4.552734375,4.546875,5.064453125,4.982421875,4.607421875,4.572265625,4.71875,4.892578125
305,,,,,,,,,,4.55078125,4.544921875,4.515625,5.0,4.748046875,5.275390625,4.625,4.541015625,4.87109375
306,,,,,,,,,,4.568359375,4.5849609375,4.546875,4.978515625,6.046875,4.923828125,4.59765625,4.578125,5.2890625
307,,,,,,,,,,4.5478515625,4.58203125,4.533203125,4.453125,6.1171875,4.478515625,4.728515625,4.55078125,4.9921875
308,,,,,,,,,,4.568359375,4.71484375,4.626953125,4.9375,5.455078125,4.73828125,4.8046875,4.8359375,4.529296875
309,,,,,,,,,,4.5478515625,4.5859375,4.486328125,4.693359375,4.919921875,4.75,4.845703125,4.94921875,4.865234375
310,,,,,,,,,,4.568359375,4.57421875,4.599609375,4.890625,5.013671875,4.75390625,4.7109375,4.671875,4.8203125
311,,,,,,,,,,4.5478515625,4.5888671875,4.419921875,4.759765625,4.9765625,4.703125,4.45703125,4.6875,4.8671875
312,,,,,,,,,,4.568359375,4.6474609375,4.62890625,5.162109375,5.158203125,4.751953125,4.841796875,4.591796875,5.353515625
313,,,,,,,,,,4.5478515625,4.8046875,4.48046875,5.013671875,6.4609375,4.6640625,4.658203125,4.513671875,4.892578125
314,,,,,,,,,,4.568359375,4.7744140625,4.568359375,4.544921875,4.609375,4.76953125,4.791015625,4.54296875,4.57421875
315,,,,,,,,,,4.5478515625,4.6533203125,4.486328125,4.939453125,4.98828125,4.671875,4.65234375,4.345703125,4.685546875
316,,,,,,,,,,4.568359375,4.62890625,4.5703125,4.771484375,6.9609375,4.84375,4.517578125,4.80859375,5.40625
317,,,,,,,,,,4.5478515625,4.5283203125,4.392578125,4.783203125,5.3984375,4.671875,4.529296875,4.6640625,4.720703125
318,,,,,,,,,,4.568359375,4.53515625,4.46875,4.81640625,6.40234375,4.6640625,4.55078125,4.884765625,4.951171875
319,,,,,,,,,,4.5478515625,4.50390625,4.443359375,4.423828125,4.484375,4.8515625,4.70703125,4.953125,4.814453125
320,,,,,,,,,,4.568359375,4.7099609375,4.580078125,4.994140625,5.16796875,4.4921875,5.037109375,4.435546875,4.564453125
321,,,,,,,,,,4.5478515625,4.759765625,4.47265625,5.126953125,4.767578125,4.921875,4.916015625,4.482421875,4.7109375
322,,,,,,,,,,4.568359375,4.623046875,4.466796875,4.822265625,5.337890625,4.466796875,4.43359375,5.12890625,5.25390625
323,,,,,,,,,,4.5478515625,4.6552734375,4.431640625,4.615234375,5.109375,4.7890625,4.4609375,4.958984375,5.1875
324,,,,,,,,,,4.568359375,4.6171875,4.580078125,4.99609375,4.609375,4.513671875,4.46875,4.7265625,4.716796875
325,,,,,,,,,,4.544921875,4.6279296875,4.515625,5.0390625,5.201171875,4.765625,4.48046875,4.87109375,4.736328125
326,,,,,,,,,,4.568359375,4.734375,4.548828125,4.673828125,5.23046875,4.767578125,4.435546875,4.78125,4.595703125
327,,,,,,,,,,4.5478515625,4.7333984375,4.416015625,4.48828125,4.96875,4.51171875,4.451171875,4.44140625,4.966796875
328,,,,,,,,,,4.568359375,4.623046875,4.453125,4.69140625,6.57421875,4.58203125,4.56640625,4.662109375,5.076171875
329,,,,,,,,,,4.5478515625,4.6455078125,4.46875,4.80078125,5.9375,4.720703125,4.49609375,4.716796875,4.802734375
330,,,,,,,,,,4.568359375,4.623046875,4.55859375,4.875,5.62109375,4.501953125,4.69140625,4.783203125,4.541015625
331,,,,,,,,,,4.5478515625,4.6396484375,4.53125,4.625,5.318359375,4.7578125,4.662109375,4.798828125,4.755859375
332,,,,,,,,,,4.568359375,4.7158203125,4.587890625,4.865234375,4.861328125,4.720703125,4.873046875,4.748046875,4.896484375
333,,,,,,,,,,4.5478515625,4.7587890625,4.4609375,4.9765625,5.40625,4.544921875,4.916015625,4.84375,4.64453125
334,,,,,,,,,,4.568359375,4.7734375,4.669921875,4.708984375,7.060546875,4.7890625,4.544921875,4.8984375,4.5
335,,,,,,,,,,4.5478515625,4.748046875,4.521484375,5.052734375,6.88671875,4.525390625,4.4921875,4.931640625,4.80859375
336,,,,,,,,,,4.568359375,4.611328125,4.537109375,4.8125,5.0390625,4.841796875,4.66796875,5.13671875,4.873046875
337,,,,,,,,,,4.5478515625,4.5263671875,4.41796875,4.845703125,4.927734375,4.501953125,4.517578125,4.986328125,5.052734375
338,,,,,,,,,,4.568359375,4.654296875,4.6328125,4.89453125,6.59765625,4.552734375,4.8671875,4.802734375,4.978515625
339,,,,,,,,,,4.55078125,4.5810546875,4.56640625,4.798828125,5.48828125,4.861328125,4.900390625,4.572265625,4.78125
340,,,,,,,,,,4.5712890625,4.55859375,4.55859375,4.939453125,5.537109375,4.578125,4.763671875,4.947265625,5.455078125
341,,,,,,,,,,4.544921875,4.5908203125,4.498046875,4.625,5.126953125,4.728515625,4.66796875,4.89453125,5.189453125
342,,,,,,,,,,4.568359375,4.7314453125,4.60546875,5.083984375,6.28125,4.8046875,4.404296875,4.859375,5.0703125
343,,,,,,,,,,4.544921875,4.6611328125,4.58203125,4.62890625,4.703125,4.505859375,4.42578125,4.634765625,4.74609375
344,,,,,,,,,,4.568359375,4.5849609375,4.556640625,5.056640625,5.544921875,4.68359375,4.65234375,5.142578125,4.568359375
345,,,,,,,,,,4.5478515625,4.5234375,4.50390625,4.916015625,5.525390625,4.57421875,4.541015625,5.005859375,4.4296875
346,,,,,,,,,,4.568359375,4.7880859375,4.55078125,5.298828125,4.83984375,4.826171875,4.447265625,4.68359375,4.6015625
347,,,,,,,,,,4.5478515625,4.6865234375,4.380859375,4.45703125,5.654296875,4.5625,4.40234375,4.8359375,4.83984375
348,,,,,,,,,,4.568359375,4.724609375,4.583984375,5.080078125,6.615234375,4.763671875,4.763671875,4.6015625,5.74609375
349,,,,,,,,,,4.55078125,4.68359375,4.474609375,4.4140625,6.9453125,4.69140625,4.666015625,4.53515625,4.921875
350,,,,,,,,,,4.568359375,4.6220703125,4.5703125,4.669921875,5.15234375,4.958984375,4.607421875,5.3828125,4.6328125
351,,,,,,,,,,4.55078125,4.740234375,4.490234375,4.51171875,6.2265625,4.51171875,4.552734375,5.0078125,4.654296875
352,,,,,,,,,,4.5712890625,4.7021484375,4.564453125,4.75390625,5.59765625,5.16796875,5.001953125,4.83984375,5.298828125
353,,,,,,,,,,4.5390625,4.828125,4.361328125,4.5703125,7.2578125,4.5078125,4.7109375,4.61328125,4.908203125
354,,,,,,,,,,4.568359375,4.482421875,4.482421875,4.56640625,4.796875,4.6328125,4.76953125,5.072265625,4.615234375
355,,,,,,,,,,4.544921875,4.568359375,4.4453125,4.572265625,5.724609375,5.2109375,4.533203125,4.798828125,5.283203125
356,,,,,,,,,,4.568359375,4.5634765625,4.625,5.08984375,5.146484375,4.56640625,4.728515625,5.1640625,4.759765625
357,,,,,,,,,,4.544921875,4.6962890625,4.474609375,4.857421875,5.943359375,4.71875,4.513671875,5.01171875,4.994140625
358,,,,,,,,,,4.568359375,4.568359375,4.640625,4.705078125,5.716796875,4.79296875,4.9921875,4.994140625,4.712890625
359,,,,,,,,,,4.5478515625,4.548828125,4.46875,4.689453125,4.826171875,4.505859375,4.826171875,4.9609375,4.830078125
360,,,,,,,,,,4.568359375,4.5634765625,4.5390625,5.275390625,6.57421875,4.662109375,4.658203125,4.59375,4.912109375
361,,,,,,,,,,4.544921875,4.548828125,4.505859375,4.58203125,5.513671875,4.6953125,4.619140625,4.921875,4.69140625
362,,,,,,,,,,4.568359375,4.7431640625,4.5390625,4.814453125,6.7734375,4.685546875,4.626953125,4.486328125,5.193359375
363,,,,,,,,,,4.5478515625,4.6494140625,4.3828125,4.369140625,5.083984375,4.669921875,4.552734375,4.3828125,4.810546875
364,,,,,,,,,,4.568359375,4.7275390625,4.517578125,4.7578125,5.32421875,4.48046875,4.8359375,5.076171875,5.23046875
365,,,,,,,,,,4.5478515625,4.6611328125,4.4296875,4.3828125,5.58203125,4.810546875,4.8125,5.162109375,4.66015625
366,,,,,,,,,,4.568359375,4.560546875,4.6171875,4.869140625,4.814453125,4.630859375,4.916015625,4.8359375,5.2890625
367,,,,,,,,,,4.55078125,4.6845703125,4.587890625,4.46875,5.16015625,4.634765625,4.578125,5.240234375,5.94921875
368,,,,,,,,,,4.5712890625,4.6015625,4.505859375,4.66015625,4.423828125,4.654296875,4.43359375,5.04296875,5.3046875
369,,,,,,,,,,4.5419921875,4.552734375,4.4140625,4.474609375,5.212890625,4.658203125,4.412109375,4.68359375,4.486328125
370,,,,,,,,,,4.568359375,4.5703125,4.5,4.8203125,5.322265625,4.65234375,4.63671875,4.59765625,4.759765625
371,,,,,,,,,,4.55078125,4.55078125,4.390625,4.77734375,4.837890625,4.650390625,4.634765625,4.4921875,4.94921875
372,,,,,,,,,,4.568359375,4.6181640625,4.66015625,4.8828125,5.326171875,4.654296875,4.654296875,4.8515625,4.64453125
373,,,,,,,,,,4.55078125,4.75390625,4.4609375,4.8828125,4.830078125,4.65625,4.5078125,4.630859375,4.57421875
374,,,,,,,,,,4.5712890625,4.51171875,4.58984375,4.65625,5.1484375,4.505859375,4.595703125,5.39453125,4.857421875
375,,,,,,,,,,4.5419921875,4.5576171875,4.509765625,4.775390625,4.861328125,4.802734375,4.615234375,5.037109375,4.822265625
376,,,,,,,,,,4.568359375,4.5458984375,4.59375,4.7109375,6.572265625,4.681640625,4.759765625,5.443359375,5.234375
377,,,,,,,,,,4.55078125,4.5283203125,4.443359375,4.875,5.798828125,4.603515625,4.412109375,4.517578125,4.67578125
378,,,,,,,,,,4.568359375,4.5458984375,4.55859375,4.693359375,4.87890625,4.740234375,4.89453125,4.88671875,5.20703125
379,,,,,,,,,,4.55078125,4.53125,4.478515625,4.513671875,5.0703125,4.591796875,4.8046875,4.853515625,4.609375
380,,,,,,,,,,4.5712890625,4.5625,4.65234375,5.162109375,5.380859375,4.810546875,4.44921875,4.779296875,5.77734375
381,,,,,,,,,,4.5390625,4.6669921875,4.466796875,4.6328125,4.70703125,4.55859375,4.39453125,4.701171875,4.701171875
382,,,,,,,,,,4.568359375,4.89453125,4.619140625,5.09765625,5.828125,4.513671875,4.837890625,5.45703125,4.451171875
383,,,,,,,,,,4.55078125,4.68359375,4.486328125,4.716796875,5.52734375,4.8125,4.8515625,5.03515625,4.548828125
384,,,,,,,,,,4.568359375,4.6533203125,4.51171875,4.728515625,5.759765625,4.791015625,4.9453125,4.734375,4.943359375
385,,,,,,,,,,4.5419921875,4.8076171875,4.53515625,4.634765625,5.447265625,4.5234375,4.712890625,4.44921875,4.6953125
386,,,,,,,,,,4.568359375,4.8212890625,4.5390625,4.615234375,5.791015625,4.775390625,4.650390625,4.95703125,4.474609375
387,,,,,,,,,,4.544921875,4.6005859375,4.408203125,4.7890625,5.06640625,4.54296875,4.595703125,4.6015625,5.291015625
388,,,,,,,,,,4.568359375,4.7373046875,4.583984375,4.560546875,5.6328125,4.833984375,4.361328125,5.330078125,4.65625
389,,,,,,,,,,4.5478515625,4.7216796875,4.498046875,4.4453125,5.970703125,4.48828125,4.4140625,4.744140625,4.689453125
390,,,,,,,,,,4.568359375,4.75390625,4.5625,4.8515625,4.8046875,4.8671875,4.587890625,4.623046875,5.005859375
391,,,,,,,,,,4.5478515625,4.716796875,4.49609375,4.69140625,5.10546875,4.4921875,4.62109375,4.640625,4.888671875
392,,,,,,,,,,4.568359375,4.578125,4.64453125,4.87109375,5.541015625,4.560546875,4.671875,4.890625,4.87109375
393,,,,,,,,,,4.55078125,4.50390625,4.560546875,4.564453125,5.037109375,4.744140625,4.642578125,4.6875,4.572265625
394,,,,,,,,,,4.5654296875,4.705078125,4.509765625,4.51953125,5.01171875,4.703125,4.806640625,4.837890625,4.853515625
395,,,,,,,,,,4.55078125,4.80078125,4.404296875,4.41796875,5.044921875,4.587890625,4.654296875,4.716796875,4.583984375
396,,,,,,,,,,4.5712890625,4.875,4.583984375,4.6015625,5.748046875,4.484375,4.716796875,5.080078125,4.982421875
397,,,,,,,,,,4.5390625,4.6220703125,4.46875,4.716796875,5.15234375,4.828125,4.431640625,4.966796875,4.90625
398,,,,,,,,,,4.568359375,4.8740234375,4.578125,4.65234375,5.150390625,4.66796875,4.82421875,4.5703125,5.533203125
399,,,,,,,,,,4.5419921875,4.701171875,4.5,4.73046875,4.908203125,4.55078125,4.767578125,4.37109375,5.34765625
400,,,,,,,,,,4.568359375,4.830078125,4.55859375,5.0546875,5.15625,4.794921875,4.65234375,4.599609375,4.86328125
401,,,,,,,,,,4.544921875,4.7197265625,4.525390625,4.849609375,5.5703125,4.505859375,4.572265625,4.650390625,4.74609375
402,,,,,,,,,,4.568359375,4.576171875,4.5625,4.90234375,4.6796875,4.55859375,4.603515625,4.95703125,4.568359375
403,,,,,,,,,,4.5478515625,4.509765625,4.509765625,4.728515625,4.640625,4.654296875,4.6171875,4.796875,4.455078125
404,,,,,,,,,,4.568359375,4.8642578125,4.5625,4.666015625,5.486328125,4.64453125,4.47265625,4.69921875,4.80859375
405,,,,,,,,,,4.5478515625,4.5478515625,4.529296875,4.56640625,5.6484375,4.626953125,4.48828125,4.73046875,4.87890625
406,,,,,,,,,,4.568359375,4.5556640625,4.552734375,4.70703125,6.244140625,4.767578125,4.662109375,5.0546875,4.732421875
407,,,,,,,,,,4.544921875,4.5068359375,4.53515625,4.4765625,4.818359375,4.51953125,4.48046875,4.640625,4.779296875
408,,,,,,,,,,4.568359375,4.689453125,4.5078125,4.56640625,5.29296875,4.515625,4.60546875,5.08203125,4.8125
409,,,,,,,,,,4.5478515625,4.7158203125,4.41796875,4.416015625,6.11328125,4.693359375,4.421875,4.681640625,5.025390625
410,,,,,,,,,,4.568359375,4.7734375,4.5859375,4.72265625,5.2578125,4.6796875,4.55078125,5.216796875,5.29296875
411,,,,,,,,,,4.544921875,4.716796875,4.49609375,4.5703125,5.1015625,4.62109375,4.623046875,4.767578125,5.234375
412,,,,,,,,,,4.568359375,4.5595703125,4.53125,4.890625,5.712890625,4.69921875,4.755859375,5.20703125,5.978515625
413,,,,,,,,,,4.544921875,4.546875,4.416015625,4.634765625,5.720703125,4.57421875,4.697265625,4.615234375,5.44921875
414,,,,,,,,,,4.568359375,4.697265625,4.560546875,4.8359375,5.578125,4.61328125,4.71484375,4.927734375,4.474609375
415,,,,,,,,,,4.544921875,4.619140625,4.525390625,4.650390625,5.552734375,4.583984375,4.484375,4.912109375,4.83203125
416,,,,,,,,,,4.568359375,4.6865234375,4.66015625,4.685546875,4.67578125,4.69140625,4.431640625,4.888671875,4.560546875
417,,,,,,,,,,4.5478515625,4.580078125,4.5234375,4.5390625,5.560546875,4.61328125,4.361328125,4.55859375,4.7421875
418,,,,,,,,,,4.568359375,4.8173828125,4.486328125,4.828125,5.138671875,4.71484375,4.630859375,4.826171875,5.359375
419,,,,,,,,,,4.5478515625,4.6171875,4.439453125,4.9296875,5.7890625,4.580078125,4.744140625,5.099609375,6.056640625
420,,,,,,,,,,4.568359375,4.79296875,4.59765625,4.724609375,4.734375,4.712890625,4.701171875,5.109375,5.25390625
421,,,,,,,,,,4.5419921875,4.6513671875,4.572265625,4.56640625,4.509765625,4.53515625,4.642578125,4.771484375,5.001953125
422,,,,,,,,,,4.568359375,4.734375,4.548828125,4.6875,6.041015625,4.525390625,4.638671875,4.59375,4.603515625
423,,,,,,,,,,4.544921875,4.75,4.515625,4.53125,6.1328125,4.708984375,4.5703125,4.607421875,4.630859375
424,,,,,,,,,,4.568359375,4.7607421875,4.5,4.578125,5.07421875,4.55859375,4.4375,4.55859375,4.46484375
425,,,,,,,,,,4.5478515625,4.6318359375,4.541015625,4.720703125,4.919921875,4.654296875,4.42578125,4.712890625,4.79296875
426,,,,,,,,,,4.568359375,4.6630859375,4.6015625,4.669921875,4.896484375,4.65625,4.685546875,4.556640625,5.21484375
427,,,,,,,,,,4.544921875,4.7255859375,4.48046875,4.958984375,5.203125,4.576171875,4.513671875,4.482421875,4.68359375
428,,,,,,,,,,4.568359375,4.7412109375,4.51171875,4.70703125,5.650390625,4.662109375,4.705078125,4.619140625,5.947265625
429,,,,,,,,,,4.544921875,4.515625,4.388671875,4.5625,4.94921875,4.546875,4.64453125,4.51171875,4.951171875
430,,,,,,,,,,4.568359375,4.5283203125,4.6328125,4.6484375,4.673828125,4.697265625,4.5625,5.017578125,4.888671875
431,,,,,,,,,,4.5478515625,4.68359375,4.52734375,4.642578125,4.658203125,4.525390625,4.580078125,4.521484375,4.833984375
432,,,,,,,,,,4.568359375,4.6220703125,4.578125,4.685546875,4.904296875,4.5390625,4.482421875,4.90625,5.033203125
433,,,,,,,,,,4.5478515625,4.7275390625,4.408203125,4.564453125,5.955078125,4.6640625,4.439453125,4.662109375,4.505859375
434,,,,,,,,,,4.5654296875,4.7080078125,4.541015625,4.68359375,4.779296875,4.5546875,4.5234375,4.376953125,5.0078125
435,,,,,,,,,,4.55078125,4.7275390625,4.392578125,4.603515625,4.9296875,4.603515625,4.37109375,4.515625,5.1171875
436,,,,,,,,,,4.5654296875,4.689453125,4.58984375,4.685546875,5.240234375,4.59765625,4.537109375,4.59765625,5.658203125
437,,,,,,,,,,4.55078125,4.7236328125,4.470703125,4.45703125,4.94140625,4.583984375,4.54296875,4.529296875,5.001953125
438,,,,,,,,,,4.568359375,4.8779296875,4.56640625,4.91796875,4.564453125,4.56640625,4.615234375,4.6875,5.009765625
439,,,,,,,,,,4.5390625,4.6796875,4.498046875,4.51953125,4.69140625,4.595703125,4.568359375,4.51953125,4.849609375
440,,,,,,,,,,4.5654296875,4.55078125,4.447265625,4.658203125,5.6875,4.599609375,4.64453125,4.681640625,5.357421875
441,,,,,,,,,,4.5478515625,4.509765625,4.443359375,4.736328125,5.009765625,4.55859375,4.54296875,4.447265625,5.74609375
442,,,,,,,,,,4.5654296875,4.7197265625,4.642578125,4.705078125,5.1171875,4.578125,4.43359375,4.701171875,4.634765625
443,,,,,,,,,,4.55078125,4.787109375,4.46484375,4.896484375,4.93359375,4.57421875,4.330078125,4.693359375,4.66015625
444,,,,,,,,,,4.5712890625,4.59375,4.537109375,4.599609375,6.28515625,4.591796875,4.646484375,4.47265625,4.90625
445,,,,,,,,,,4.5390625,4.5458984375,4.408203125,4.8203125,6.30859375,4.576171875,4.693359375,4.8203125,5.234375
446,,,,,,,,,,4.5654296875,4.5908203125,4.583984375,4.8046875,5.0625,4.6171875,4.625,4.919921875,4.662109375
447,,,,,,,,,,4.5478515625,4.50390625,4.4921875,4.671875,5.041015625,4.541015625,4.572265625,4.849609375,4.95703125
448,,,,,,,,,,4.568359375,4.5791015625,4.501953125,4.501953125,5.29296875,4.638671875,4.69140625,4.630859375,4.69140625
449,,,,,,,,,,4.5390625,4.55078125,4.42578125,4.59375,5.25390625,4.560546875,4.58203125,4.55859375,4.763671875
450,,,,,,,,,,4.5654296875,4.5615234375,4.5234375,4.6015625,5.66015625,4.572265625,5.013671875,4.71484375,5.1796875
451,,,,,,,,,,4.5478515625,4.552734375,4.5078125,4.5546875,5.466796875,4.603515625,4.759765625,4.7421875,5.173828125
452,,,,,,,,,,4.568359375,4.6845703125,4.560546875,4.6640625,5.021484375,4.5546875,4.6171875,4.560546875,4.77734375
453,,,,,,,,,,4.5390625,4.712890625,4.423828125,4.671875,4.94921875,4.58984375,4.591796875,4.48046875,4.8671875
454,,,,,,,,,,4.568359375,4.66015625,4.544921875,4.8203125,5.25,4.609375,4.626953125,4.544921875,4.81640625
455,,,,,,,,,,4.544921875,4.828125,4.474609375,4.583984375,4.744140625,4.5546875,4.607421875,4.5546875,4.701171875
456,,,,,,,,,,4.568359375,4.5810546875,4.494140625,4.779296875,4.9140625,4.63671875,4.4296875,4.7265625,4.708984375
457,,,,,,,,,,4.544921875,4.5595703125,4.392578125,4.822265625,4.55078125,4.55859375,4.333984375,4.775390625,4.607421875
458,,,,,,,,,,4.568359375,4.73046875,4.5859375,4.884765625,4.791015625,4.57421875,4.66015625,4.4375,5.201171875
459,,,,,,,,,,4.544921875,4.7802734375,4.49609375,4.658203125,5.54296875,4.623046875,4.5,4.388671875,5.455078125
460,,,,,,,,,,4.568359375,4.5087890625,4.5234375,4.681640625,5.322265625,4.609375,4.765625,4.7890625,4.771484375
461,,,,,,,,,,4.544921875,4.5576171875,4.384765625,4.580078125,4.830078125,4.572265625,4.748046875,4.92578125,4.5625
462,,,,,,,,,,4.568359375,4.7373046875,4.611328125,4.65234375,5.25,4.603515625,4.45703125,4.603515625,4.869140625
463,,,,,,,,,,4.544921875,4.7392578125,4.474609375,4.6484375,4.662109375,4.53515625,4.505859375,4.7109375,4.791015625
464,,,,,,,,,,4.568359375,4.533203125,4.54296875,4.787109375,4.65625,4.630859375,4.8359375,4.87109375,4.91015625
465,,,,,,,,,,4.544921875,4.525390625,4.5,4.353515625,4.708984375,4.548828125,4.830078125,4.5625,4.619140625
466,,,,,,,,,,4.568359375,4.89453125,4.57421875,4.56640625,5.224609375,4.619140625,4.40234375,5.09765625,4.416015625
467,,,,,,,,,,4.5478515625,4.6572265625,4.501953125,4.435546875,4.873046875,4.533203125,4.380859375,4.888671875,4.50390625
468,,,,,,,,,,4.568359375,4.544921875,4.638671875,4.802734375,5.234375,4.623046875,4.806640625,4.69140625,5.37890625
469,,,,,,,,,,4.5390625,4.787109375,4.53515625,4.466796875,5.0,4.564453125,4.79296875,4.759765625,5.31640625
470,,,,,,,,,,4.568359375,4.74609375,4.548828125,4.71875,6.2421875,4.63671875,4.404296875,4.369140625,4.568359375
471,,,,,,,,,,4.544921875,4.6513671875,4.470703125,4.451171875,5.08984375,4.546875,4.525390625,4.607421875,4.568359375
472,,,,,,,,,,4.568359375,4.56640625,4.572265625,4.560546875,4.75,4.630859375,4.67578125,5.017578125,4.607421875
473,,,,,,,,,,4.544921875,4.5556640625,4.490234375,4.400390625,5.072265625,4.53515625,4.552734375,4.546875,4.705078125
474,,,,,,,,,,4.568359375,4.5732421875,4.509765625,5.015625,5.599609375,4.638671875,4.810546875,4.6484375,4.677734375
475,,,,,,,,,,4.544921875,4.5712890625,4.423828125,4.591796875,5.095703125,4.537109375,4.607421875,4.484375,4.646484375
476,,,,,,,,,,4.568359375,4.740234375,4.609375,4.625,5.748046875,4.623046875,4.611328125,4.6640625,4.93359375
477,,,,,,,,,,4.544921875,4.8212890625,4.4765625,4.529296875,4.89453125,4.533203125,4.4375,5.013671875,4.763671875
478,,,,,,,,,,4.568359375,4.6630859375,4.541015625,4.75390625,4.9765625,4.55859375,4.55078125,4.869140625,5.525390625
479,,,,,,,,,,4.5478515625,4.6865234375,4.48828125,4.716796875,5.513671875,4.595703125,4.552734375,4.548828125,4.884765625
480,,,,,,,,,,4.568359375,4.7275390625,4.5625,4.587890625,4.953125,4.625,4.71484375,4.53515625,4.810546875
481,,,,,,,,,,4.5390625,4.572265625,4.494140625,4.751953125,5.22265625,4.5234375,4.400390625,4.486328125,4.3984375
482,,,,,,,,,,4.568359375,4.537109375,4.6328125,4.7421875,5.197265625,4.6484375,4.677734375,4.734375,5.08984375
483,,,,,,,,,,4.544921875,4.5283203125,4.521484375,4.654296875,4.939453125,4.544921875,4.533203125,4.5078125,4.908203125
484,,,,,,,,,,4.568359375,4.6513671875,4.494140625,4.931640625,5.83984375,4.55859375,4.84765625,4.482421875,5.388671875
485,,,,,,,,,,4.544921875,4.662109375,4.392578125,4.828125,4.830078125,4.61328125,4.748046875,4.548828125,5.75390625
486,,,,,,,,,,4.568359375,4.572265625,4.505859375,4.833984375,5.392578125,4.607421875,4.44921875,4.662109375,4.5234375
487,,,,,,,,,,4.544921875,4.5751953125,4.501953125,4.78515625,4.63671875,4.560546875,4.326171875,4.771484375,4.384765625
488,,,,,,,,,,4.5654296875,4.8369140625,4.4765625,4.857421875,5.05859375,4.611328125,5.115234375,4.822265625,5.08203125
489,,,,,,,,,,4.5478515625,4.7314453125,4.396484375,4.568359375,4.81640625,4.52734375,4.814453125,4.7265625,4.419921875
490,,,,,,,,,,4.5654296875,4.517578125,4.55859375,5.0703125,5.322265625,4.634765625,4.591796875,4.66796875,4.626953125
491,,,,,,,,,,4.5478515625,4.53125,4.37109375,4.728515625,4.642578125,4.55078125,4.623046875,4.73046875,4.5703125
492,,,,,,,,,,4.5654296875,4.8583984375,4.61328125,4.517578125,4.7734375,4.607421875,4.439453125,4.576171875,4.810546875
493,,,,,,,,,,4.5478515625,4.7001953125,4.46484375,4.4921875,4.6171875,4.529296875,4.37890625,4.783203125,4.859375
494,,,,,,,,,,4.5654296875,4.578125,4.59375,5.017578125,5.078125,4.578125,5.06640625,4.890625,5.31640625
495,,,,,,,,,,4.55078125,4.517578125,4.484375,4.640625,4.85546875,4.560546875,4.728515625,4.669921875,5.3828125
496,,,,,,,,,,4.5625,4.5439453125,4.515625,4.62890625,4.884765625,4.623046875,4.712890625,4.64453125,5.708984375
497,,,,,,,,,,4.55078125,4.5283203125,4.404296875,4.673828125,4.625,4.552734375,4.779296875,4.6328125,5.3125
498,,,,,,,,,,4.556640625,4.751953125,4.556640625,4.9140625,4.888671875,4.564453125,4.455078125,4.642578125,5.025390625
499,,,,,,,,,,4.55078125,4.630859375,4.482421875,4.75,4.673828125,4.5859375,4.423828125,4.33203125,4.994140625
500,,,,,,,,,,4.556640625,4.607421875,4.544921875,4.896484375,4.759765625,4.615234375,4.447265625,4.685546875,5.255859375
501,,,,,,,,,,4.55078125,4.5517578125,4.484375,4.892578125,5.158203125,4.525390625,4.337890625,4.578125,4.568359375
502,,,,,,,,,,4.5712890625,4.6689453125,4.49609375,4.76171875,4.9375,4.619140625,4.853515625,5.0625,4.697265625
503,,,,,,,,,,4.5302734375,4.6513671875,4.36328125,4.630859375,5.3125,4.556640625,5.009765625,4.734375,4.845703125
504,,,,,,,,,,4.568359375,4.666015625,4.46484375,5.01953125,4.6015625,4.615234375,4.5390625,4.666015625,4.91015625
505,,,,,,,,,,4.5390625,4.75390625,4.427734375,4.515625,4.595703125,4.529296875,4.43359375,4.623046875,4.697265625
506,,,,,,,,,,4.5654296875,4.525390625,4.5546875,4.5078125,4.802734375,4.630859375,4.638671875,4.67578125,4.734375
507,,,,,,,,,,4.5478515625,4.5302734375,4.474609375,4.4921875,4.388671875,4.548828125,4.474609375,4.640625,4.857421875
508,,,,,,,,,,4.5654296875,4.52734375,4.458984375,4.9921875,5.5234375,4.611328125,4.591796875,4.43359375,5.205078125
509,,,,,,,,,,4.5478515625,4.548828125,4.419921875,4.818359375,4.6796875,4.53125,4.453125,4.509765625,5.064453125
510,,,,,,,,,,4.568359375,4.716796875,4.564453125,4.806640625,5.5625,4.630859375,4.794921875,4.693359375,4.6015625
511,,,,,,,,,,4.5390625,4.7197265625,4.46875,4.60546875,4.767578125,4.552734375,4.80078125,4.740234375,4.74609375
512,,,,,,,,,,4.568359375,4.6396484375,4.5625,4.5390625,5.32421875,4.6328125,4.46484375,4.96484375,5.275390625
513,,,,,,,,,,4.5390625,4.7646484375,4.470703125,5.033203125,5.052734375,4.556640625,4.41015625,4.77734375,5.041015625
514,,,,,,,,,,4.568359375,4.5537109375,4.537109375,4.701171875,4.60546875,4.55859375,4.400390625,4.484375,4.78515625
515,,,,,,,,,,4.5390625,4.5263671875,4.486328125,4.50390625,4.861328125,4.60546875,4.537109375,4.474609375,4.6640625
516,,,,,,,,,,4.568359375,4.556640625,4.55078125,4.65625,5.048828125,4.572265625,4.388671875,4.826171875,4.609375
517,,,,,,,,,,4.544921875,4.5234375,4.404296875,4.69921875,4.37109375,4.576171875,4.3515625,4.900390625,4.3984375
518,,,,,,,,,,4.568359375,4.60546875,4.521484375,4.76171875,5.291015625,4.583984375,4.3984375,4.62890625,4.60546875
519,,,,,,,,,,4.544921875,4.560546875,4.36328125,4.703125,5.154296875,4.564453125,4.36328125,4.638671875,4.45703125
520,,,,,,,,,,4.568359375,4.5927734375,4.509765625,4.88671875,5.33203125,4.615234375,4.55078125,5.029296875,4.962890625
521,,,,,,,,,,4.544921875,4.5634765625,4.392578125,4.6484375,4.5,4.546875,4.5,5.2734375,4.5703125
522,,,,,,,,,,4.568359375,4.66015625,4.49609375,4.79296875,5.037109375,4.6015625,4.650390625,4.796875,4.951171875
523,,,,,,,,,,4.544921875,4.685546875,4.4296875,4.87109375,4.625,4.541015625,4.51171875,4.50390625,4.72265625
524,,,,,,,,,,4.568359375,4.5810546875,4.568359375,4.87109375,5.412109375,4.623046875,4.419921875,4.564453125,4.828125
525,,,,,,,,,,4.544921875,4.6796875,4.4765625,4.8984375,4.88671875,4.54296875,4.3515625,4.400390625,5.13671875
526,,,,,,,,,,4.568359375,4.58203125,4.634765625,4.908203125,5.708984375,4.625,4.96875,4.755859375,4.857421875
527,,,,,,,,,,4.544921875,4.5009765625,4.458984375,4.5546875,5.125,4.53125,4.732421875,4.732421875,4.74609375
528,,,,,,,,,,4.568359375,4.552734375,4.5703125,4.732421875,5.552734375,4.6171875,4.58984375,4.9609375,4.935546875
529,,,,,,,,,,4.544921875,4.5546875,4.4765625,4.673828125,5.248046875,4.53125,4.501953125,4.724609375,4.939453125
530,,,,,,,,,,4.568359375,4.7275390625,4.509765625,4.6640625,4.9453125,4.630859375,4.6796875,4.65625,4.703125
531,,,,,,,,,,4.544921875,4.7255859375,4.423828125,4.802734375,4.6484375,4.544921875,4.56640625,4.5390625,4.693359375
532,,,,,,,,,,4.5654296875,4.51171875,4.576171875,5.087890625,5.12109375,4.572265625,4.75,4.515625,4.701171875
533,,,,,,,,,,4.544921875,4.5673828125,4.49609375,4.697265625,5.53515625,4.595703125,4.630859375,4.80859375,4.880859375
534,,,,,,,,,,4.5654296875,4.765625,4.640625,4.556640625,5.22265625,4.587890625,4.7421875,4.826171875,4.732421875
535,,,,,,,,,,4.5478515625,4.666015625,4.470703125,4.71484375,5.046875,4.57421875,4.697265625,4.67578125,4.708984375
536,,,,,,,,,,4.5654296875,4.798828125,4.474609375,4.56640625,5.734375,4.634765625,4.66796875,5.125,4.62890625
537,,,,,,,,,,4.5478515625,4.67578125,4.427734375,4.51171875,5.228515625,4.54296875,4.5703125,5.123046875,4.767578125
538,,,,,,,,,,4.5654296875,4.7607421875,4.6171875,4.6328125,6.091796875,4.5546875,4.685546875,5.07421875,4.546875
539,,,,,,,,,,4.5478515625,4.744140625,4.53125,4.556640625,5.259765625,4.6015625,4.55078125,5.03515625,4.462890625
540,,,,,,,,,,4.5625,4.7490234375,4.466796875,4.55859375,5.169921875,4.587890625,4.630859375,4.89453125,4.95703125
541,,,,,,,,,,4.55078125,4.681640625,4.435546875,4.669921875,5.08203125,4.560546875,4.533203125,4.630859375,4.70703125
542,,,,,,,,,,4.568359375,4.544921875,4.599609375,4.927734375,5.494140625,4.609375,4.4609375,5.037109375,4.517578125
543,,,,,,,,,,4.533203125,4.525390625,4.52734375,4.5390625,5.283203125,4.53515625,4.57421875,4.826171875,4.5
544,,,,,,,,,,4.568359375,4.681640625,4.587890625,4.638671875,5.2734375,4.5546875,4.607421875,4.69921875,4.935546875
545,,,,,,,,,,4.5390625,4.68359375,4.4765625,4.650390625,5.98828125,4.587890625,4.62109375,4.60546875,4.712890625
546,,,,,,,,,,4.5654296875,4.7314453125,4.55078125,5.048828125,5.17578125,4.609375,4.708984375,4.740234375,5.51171875
547,,,,,,,,,,4.5478515625,4.6533203125,4.4609375,4.470703125,5.08984375,4.556640625,4.560546875,4.572265625,5.30078125
548,,,,,,,,,,4.568359375,4.625,4.587890625,4.65234375,4.806640625,4.595703125,4.703125,4.642578125,5.03515625
549,,,,,,,,,,4.5390625,4.51171875,4.4765625,4.828125,5.6328125,4.564453125,4.697265625,4.46875,4.5625
550,,,,,,,,,,4.568359375,4.5830078125,4.595703125,4.7265625,5.107421875,4.59765625,4.619140625,4.451171875,4.400390625
551,,,,,,,,,,4.5390625,4.5068359375,4.54296875,4.671875,5.36328125,4.54296875,4.619140625,4.53125,4.474609375
552,,,,,,,,,,4.568359375,4.767578125,4.51953125,4.515625,4.6953125,4.611328125,4.580078125,4.744140625,5.197265625
553,,,,,,,,,,4.544921875,4.7392578125,4.498046875,4.61328125,4.9453125,4.548828125,4.51953125,4.666015625,5.29296875
554,,,,,,,,,,4.5654296875,4.7646484375,4.51171875,4.8359375,5.33984375,4.57421875,4.392578125,4.51953125,4.826171875
555,,,,,,,,,,4.544921875,4.7392578125,4.498046875,4.53515625,5.279296875,4.5703125,4.435546875,4.439453125,4.80859375
556,,,,,,,,,,4.568359375,4.7255859375,4.5,4.7265625,4.884765625,4.595703125,4.857421875,4.83203125,5.1953125
557,,,,,,,,,,4.5390625,4.560546875,4.375,4.484375,4.51953125,4.53515625,4.61328125,4.58984375,5.111328125
558,,,,,,,,,,4.5654296875,4.5498046875,4.52734375,4.953125,5.6015625,4.580078125,4.71484375,4.541015625,4.95703125
559,,,,,,,,,,4.544921875,4.5263671875,4.421875,4.6328125,5.3828125,4.578125,4.57421875,4.48046875,4.712890625
560,,,,,,,,,,4.5654296875,4.5791015625,4.46875,4.970703125,5.5859375,4.611328125,4.623046875,5.01171875,5.12109375
561,,,,,,,,,,4.5478515625,4.666015625,4.416015625,4.431640625,5.09765625,4.56640625,4.62890625,4.82421875,5.2578125
562,,,,,,,,,,4.568359375,4.55859375,4.53125,5.0078125,5.42578125,4.59375,4.587890625,4.4921875,4.77734375
563,,,,,,,,,,4.5390625,4.5234375,4.357421875,4.736328125,4.6640625,4.546875,4.568359375,4.822265625,4.73046875
564,,,,,,,,,,4.568359375,4.693359375,4.46484375,4.611328125,5.921875,4.5625,4.73046875,5.2734375,4.96875
565,,,,,,,,,,4.5390625,4.720703125,4.42578125,4.728515625,4.96875,4.572265625,4.572265625,5.044921875,4.869140625
566,,,,,,,,,,4.568359375,4.5478515625,4.462890625,5.029296875,6.09375,4.576171875,4.822265625,4.826171875,5.3671875
567,,,,,,,,,,4.544921875,4.5029296875,4.412109375,4.765625,5.33203125,4.57421875,4.68359375,4.62109375,4.83984375
568,,,,,,,,,,4.568359375,4.587890625,4.609375,4.419921875,5.3359375,4.603515625,4.599609375,4.6015625,5.046875
569,,,,,,,,,,4.5419921875,4.662109375,4.541015625,4.52734375,5.29296875,4.54296875,4.56640625,4.515625,4.646484375
570,,,,,,,,,,4.568359375,4.544921875,4.576171875,4.748046875,5.078125,4.60546875,4.900390625,4.89453125,5.1171875
571,,,,,,,,,,4.544921875,4.693359375,4.560546875,4.578125,5.208984375,4.533203125,4.6953125,4.685546875,5.224609375
572,,,,,,,,,,4.568359375,4.5849609375,4.546875,4.59765625,5.794921875,4.59765625,4.603515625,5.017578125,4.947265625
573,,,,,,,,,,4.5390625,4.5732421875,4.46875,4.513671875,5.185546875,4.533203125,4.396484375,4.94921875,5.361328125
574,,,,,,,,,,4.568359375,4.8134765625,4.537109375,4.71875,4.638671875,4.59375,4.5546875,4.455078125,5.298828125
575,,,,,,,,,,4.544921875,4.6103515625,4.44140625,4.48046875,4.791015625,4.57421875,4.583984375,4.46484375,5.361328125
576,,,,,,,,,,4.5654296875,4.734375,4.587890625,4.962890625,5.337890625,4.541015625,4.650390625,4.943359375,4.533203125
577,,,,,,,,,,4.544921875,4.5166015625,4.46875,4.791015625,4.81640625,4.587890625,4.560546875,4.501953125,4.421875
578,,,,,,,,,,4.5654296875,4.595703125,4.541015625,4.6328125,5.71875,4.609375,4.787109375,4.541015625,5.396484375
579,,,,,,,,,,4.544921875,4.5625,4.482421875,4.826171875,4.87890625,4.5390625,4.7265625,4.564453125,4.671875
580,,,,,,,,,,4.5654296875,4.498046875,4.611328125,4.83203125,5.544921875,4.56640625,4.39453125,4.888671875,4.720703125
581,,,,,,,,,,4.5478515625,4.521484375,4.46875,4.66796875,4.580078125,4.576171875,4.365234375,4.859375,4.580078125
582,,,,,,,,,,4.568359375,4.626953125,4.4609375,4.587890625,5.232421875,4.591796875,4.416015625,4.4765625,4.4921875
583,,,,,,,,,,4.5390625,4.5185546875,4.419921875,4.51171875,4.794921875,4.544921875,4.33203125,4.505859375,4.7578125
584,,,,,,,,,,4.5654296875,4.533203125,4.544921875,4.732421875,5.5234375,4.5625,4.560546875,4.6796875,4.6484375
585,,,,,,,,,,4.5478515625,4.5146484375,4.474609375,4.51953125,5.44921875,4.580078125,4.642578125,4.5,4.830078125
586,,,,,,,,,,4.568359375,4.6787109375,4.52734375,4.701171875,4.978515625,4.60546875,4.552734375,4.572265625,5.005859375
587,,,,,,,,,,4.5390625,4.6630859375,4.373046875,4.79296875,5.40234375,4.546875,4.462890625,4.4765625,4.892578125
588,,,,,,,,,,4.5654296875,4.734375,4.45703125,4.6015625,5.15234375,4.55859375,4.666015625,4.77734375,4.974609375
589,,,,,,,,,,4.544921875,4.744140625,4.38671875,4.640625,5.0625,4.58203125,4.576171875,4.53125,4.654296875
590,,,,,,,,,,4.568359375,4.5419921875,4.59765625,4.861328125,5.021484375,4.56640625,4.60546875,5.333984375,4.666015625
591,,,,,,,,,,4.5390625,4.671875,4.51953125,4.814453125,4.736328125,4.5703125,4.634765625,4.70703125,4.51171875
592,,,,,,,,,,4.5654296875,4.62890625,4.546875,4.822265625,4.84375,4.603515625,4.595703125,4.578125,4.9296875
593,,,,,,,,,,4.544921875,4.7587890625,4.46875,4.5,4.953125,4.54296875,4.529296875,4.65625,4.591796875
594,,,,,,,,,,4.568359375,4.5537109375,4.5234375,4.666015625,5.970703125,4.60546875,4.701171875,4.466796875,5.41796875
595,,,,,,,,,,4.5390625,4.515625,4.40234375,4.423828125,5.126953125,4.537109375,4.560546875,4.43359375,5.119140625
596,,,,,,,,,,4.568359375,4.572265625,4.505859375,4.923828125,4.65234375,4.611328125,4.51953125,5.029296875,4.7890625
597,,,,,,,,,,4.5390625,4.666015625,4.40234375,4.619140625,4.525390625,4.54296875,4.400390625,5.439453125,5.109375
598,,,,,,,,,,4.568359375,4.7548828125,4.541015625,4.84765625,4.8671875,4.556640625,4.83984375,4.623046875,5.26953125
599,,,,,,,,,,4.544921875,4.7197265625,4.44921875,4.482421875,5.099609375,4.5859375,4.751953125,4.408203125,4.701171875
600,,,,,,,,,,4.568359375,4.654296875,4.609375,5.04296875,4.529296875,4.59765625,4.595703125,4.494140625,5.548828125
601,,,,,,,,,,4.5390625,4.7646484375,4.47265625,4.705078125,4.296875,4.546875,4.53125,4.59765625,5.18359375
602,,,,,,,,,,4.568359375,4.7294921875,4.560546875,4.798828125,5.236328125,4.60546875,4.361328125,4.748046875,4.736328125
603,,,,,,,,,,4.5419921875,4.72265625,4.46875,4.775390625,4.587890625,4.52734375,4.359375,4.638671875,4.74609375
604,,,,,,,,,,4.568359375,4.5849609375,4.5703125,4.908203125,5.16015625,4.546875,4.541015625,4.55078125,4.91015625
605,,,,,,,,,,4.5419921875,4.515625,4.54296875,4.390625,4.390625,4.580078125,4.42578125,4.443359375,4.859375
606,,,,,,,,,,4.568359375,4.599609375,4.513671875,4.939453125,5.46484375,4.568359375,4.505859375,4.470703125,4.87890625
607,,,,,,,,,,4.5419921875,4.580078125,4.396484375,4.619140625,5.724609375,4.560546875,4.5703125,4.466796875,4.634765625
608,,,,,,,,,,4.5654296875,4.6787109375,4.53125,4.810546875,4.712890625,4.5625,4.646484375,4.87890625,5.431640625
609,,,,,,,,,,4.544921875,4.6611328125,4.408203125,4.6484375,4.7890625,4.5625,4.599609375,4.75390625,5.23046875
610,,,,,,,,,,4.568359375,4.6982421875,4.603515625,4.693359375,4.603515625,4.5625,4.421875,4.466796875,5.171875
611,,,,,,,,,,4.5390625,4.810546875,4.4609375,4.646484375,4.6015625,4.5625,4.388671875,4.404296875,4.78125
612,,,,,,,,,,4.568359375,4.5361328125,4.58203125,4.6484375,5.16015625,4.607421875,4.6328125,4.646484375,4.591796875
613,,,,,,,,,,4.5419921875,4.5888671875,4.47265625,4.546875,5.322265625,4.564453125,4.55078125,4.486328125,4.50390625
614,,,,,,,,,,4.568359375,4.5263671875,4.576171875,4.603515625,4.744140625,4.60546875,4.68359375,4.876953125,5.33203125
615,,,,,,,,,,4.5419921875,4.552734375,4.4609375,4.8671875,4.625,4.53515625,4.7421875,4.75390625,5.61328125
616,,,,,,,,,,4.568359375,4.734375,4.552734375,4.626953125,5.119140625,4.548828125,4.654296875,4.80859375,4.78125
617,,,,,,,,,,4.5419921875,4.7041015625,4.490234375,4.61328125,4.783203125,4.583984375,4.60546875,4.78515625,4.701171875
618,,,,,,,,,,4.5654296875,4.79296875,4.609375,4.705078125,4.93359375,4.609375,4.646484375,4.619140625,4.66796875
619,,,,,,,,,,4.544921875,4.72265625,4.5078125,4.6484375,4.3671875,4.548828125,4.775390625,4.7109375,4.625
620,,,,,,,,,,4.568359375,4.73828125,4.568359375,4.685546875,5.623046875,4.58203125,4.83984375,4.501953125,4.53515625
621,,,,,,,,,,4.5390625,4.7265625,4.48046875,4.728515625,5.375,4.564453125,4.73828125,4.427734375,4.6796875
622,,,,,,,,,,4.568359375,4.5791015625,4.556640625,4.654296875,4.720703125,4.580078125,4.74609375,4.603515625,5.15625
623,,,,,,,,,,4.5419921875,4.6455078125,4.48046875,4.935546875,4.619140625,4.576171875,4.666015625,4.53515625,4.52734375
624,,,,,,,,,,4.5654296875,4.5498046875,4.546875,4.65625,4.87890625,4.599609375,4.515625,4.560546875,4.65234375
625,,,,,,,,,,4.544921875,4.5283203125,4.408203125,4.55078125,4.75,4.55859375,4.408203125,4.3515625,4.669921875
626,,,,,,,,,,4.5654296875,4.681640625,4.505859375,4.53125,4.939453125,4.57421875,4.873046875,4.552734375,4.64453125
627,,,,,,,,,,4.544921875,4.63671875,4.509765625,4.560546875,4.58984375,4.564453125,4.685546875,4.416015625,4.763671875
628,,,,,,,,,,4.568359375,4.49609375,4.5546875,4.517578125,5.576171875,4.57421875,4.59375,4.484375,4.67578125
629,,,,,,,,,,4.5390625,4.5234375,4.478515625,4.54296875,5.392578125,4.58203125,4.607421875,4.39453125,4.791015625
630,,,,,,,,,,4.5654296875,4.49609375,4.53515625,4.669921875,5.390625,4.57421875,4.39453125,4.876953125,4.5390625
631,,,,,,,,,,4.544921875,4.5234375,4.48046875,4.65625,4.92578125,4.58203125,4.369140625,4.544921875,4.40234375
632,,,,,,,,,,4.568359375,4.7021484375,4.537109375,4.662109375,4.783203125,4.59765625,4.408203125,4.81640625,5.162109375
633,,,,,,,,,,4.5390625,4.6650390625,4.48828125,4.529296875,4.888671875,4.546875,4.337890625,4.703125,4.396484375
634,,,,,,,,,,4.5654296875,4.546875,4.546875,4.669921875,5.4609375,4.6171875,4.65625,4.87109375,4.84375
635,,,,,,,,,,4.544921875,4.5322265625,4.3828125,4.818359375,4.90625,4.541015625,4.580078125,4.83984375,4.810546875
636,,,,,,,,,,4.568359375,4.6103515625,4.529296875,4.705078125,4.701171875,4.5625,4.681640625,4.517578125,5.486328125
637,,,,,,,,,,4.5390625,4.5556640625,4.482421875,4.474609375,4.60546875,4.576171875,4.580078125,4.4921875,4.87109375
638,,,,,,,,,,4.568359375,4.6474609375,4.53125,4.65234375,4.625,4.56640625,4.630859375,4.7578125,4.861328125
639,,,,,,,,,,4.5390625,4.732421875,4.49609375,4.4765625,4.689453125,4.576171875,4.58984375,4.44921875,4.548828125
640,,,,,,,,,,4.5654296875,4.5361328125,4.556640625,4.61328125,5.056640625,4.572265625,4.6328125,4.673828125,4.640625
641,,,,,,,,,,4.544921875,4.517578125,4.548828125,4.404296875,4.787109375,4.568359375,4.68359375,4.41796875,4.734375
642,,,,,,,,,,4.568359375,4.7587890625,4.505859375,4.623046875,4.912109375,4.603515625,4.65625,4.4765625,4.908203125
643,,,,,,,,,,4.5390625,4.7275390625,4.501953125,4.5546875,4.560546875,4.53515625,4.6328125,4.482421875,5.177734375
644,,,,,,,,,,4.5654296875,4.6376953125,4.513671875,4.611328125,4.615234375,4.58984375,4.69921875,4.580078125,5.375
645,,,,,,,,,,4.5419921875,4.7236328125,4.50390625,4.60546875,4.5625,4.5625,4.412109375,4.595703125,5.796875
646,,,,,,,,,,4.568359375,4.5927734375,4.544921875,4.759765625,5.359375,4.607421875,4.361328125,4.552734375,5.04296875
647,,,,,,,,,,4.5390625,4.5908203125,4.416015625,4.56640625,4.72265625,4.52734375,4.38671875,4.384765625,5.1171875
648,,,,,,,,,,4.568359375,4.525390625,4.494140625,4.794921875,5.59375,4.564453125,4.55859375,4.66796875,4.6953125
649,,,,,,,,,,4.5419921875,4.5908203125,4.388671875,4.40625,4.861328125,4.576171875,4.51953125,4.67578125,4.509765625
650,,,,,,,,,,4.498046875,4.4892578125,4.310546875,4.306640625,4.30859375,4.44140625,4.322265625,4.34765625,4.330078125
